security,isin,bse_scrip_code,nse_symbol,sector,industry,date,stock_rating,quality_score,growth_score,valuation_score,momentum_score,mcap_category
20 Microns Ltd.,INE144J01027,533022,20MICRONS,Materials,Other Minerals,2026-09-01,4.0,6.0,7.0,7.0,7.0,Small Cap
21st Century Management Services Ltd.,INE253B01015,526921,21STCENMGM,Financial,Wealth Management,2026-09-01,Unrated,Unrated,Unrated,Unrated,7.0,Small Cap
360 One Wam Ltd.,INE466L01038,542772,360ONE,Financial,Wealth Management,2026-09-01,2.0,2.0,5.0,5.0,6.0,Mid Cap
3B BlackBio Dx Ltd,INE994E01018,532067,,Materials,Pesticides,2026-09-01,3.0,8.0,7.0,4.0,3.0,Small Cap
3B Films Ltd,INE0TE101010,544412,,Materials,Plastic Packaging,2026-09-01,3.0,3.0,8.0,6.0,UNRATED,Small Cap
3C IT Solutions & Telecom (India) Ltd,INE0R7D01018,544190,,Technology,IT Services & Consulting,2026-09-01,Unrated,Unrated,Unrated,Unrated,UNRATED,Small Cap
3I Infotech Ltd.,INE748C01038,532628,3IINFOLTD,Technology,IT Services & Consulting,2026-09-01,3.0,1.0,4.0,5.0,10.0,Small Cap
3M India Ltd.,INE470A01017,523395,3MINDIA,Diversified,Diversified Manufacturing,2026-09-01,4.0,10.0,7.0,3.0,4.0,Mid Cap
3P Land Holdings Ltd.,INE105C01023,516092,3PLAND,Real Estate,Real Estate Lease & Renting,2026-09-01,Unrated,Unrated,Unrated,Unrated,2.0,Small Cap
5Paisa Capital Ltd.,INE618L01018,540776,5PAISA,Financial,Investment Management - Diversified,2026-09-01,2.0,3.0,4.0,4.0,8.0,Small Cap
63 Moons Technologies Ltd.,INE111B01023,526881,63MOONS,Technology,Financial Technology,2026-09-01,1.0,1.0,4.0,2.0,7.0,Small Cap
7NR Retail Ltd.,INE413X01035,540615,,Consumer Discretionary,Apparels & Footwear - Diversified,2026-09-01,Unrated,Unrated,Unrated,Unrated,10.0,Small Cap
7Seas Entertainment Ltd.,INE454F01010,540874,,Consumer Discretionary,Digital Entertainment,2026-09-01,Unrated,Unrated,Unrated,Unrated,7.0,Small Cap
A-1 Acid Ltd.,INE911Z01025,542012,,Materials,Chemical Trading,2026-09-01,2.0,1.0,4.0,5.0,4.0,Small Cap
A2Z Infra Engineering Ltd.,INE619I01012,533292,A2ZINFRA,Industrials,Construction & Engineering - Diversified,2026-09-01,Unrated,Unrated,Unrated,Unrated,6.0,Small Cap
AAA Technologies Ltd.,INE0D0U01013,543671,AAATECH,Technology,IT Services & Consulting,2026-09-01,Unrated,Unrated,Unrated,Unrated,6.0,Small Cap
Aadhar Housing Finance Ltd,INE883F01010,544176,AADHARHFC,Financial,Mortgage/Housing Finance,2026-09-01,5.0,9.0,8.0,6.0,4.0,Small Cap
Aadi Industries Ltd.,INE563D01013,530027,,Materials,Commodity Chemicals Trading,2026-09-01,Unrated,Unrated,Unrated,Unrated,7.0,Small Cap
Aakaar Medical Technologies Ltd,INE1GYP01013,,AAKAAR,Consumer Staples,Household & Personal Products - Diversified,2026-09-01,3.0,3.0,7.0,6.0,UNRATED,Small Cap
Aakash Exploration Services Ltd.,INE087Z01024,,AAKASH,Energy & Utilities,Oil & Gas Refining and Marketing,2026-09-01,Unrated,Unrated,Unrated,Unrated,6.0,Small Cap
Aanchal Ispat Ltd.,INE322R01014,538812,,Materials,Iron & Steel,2026-09-01,Unrated,Unrated,Unrated,Unrated,10.0,Small Cap
A And M Jumbo Bags Ltd.,INE749Y01014,,AMJUMBO,Materials,Other Packaging Materials,2026-09-01,Unrated,Unrated,Unrated,Unrated,UNRATED,Small Cap
Aaradhya Disposal Industries Ltd,INE124401014,,AARADHYA,Materials,Paper & Paper Products,2026-09-01,4.0,3.0,10.0,6.0,1.0,Small Cap
Aarey Drugs & Pharmaceuticals Ltd.,INE198H01019,524412,AAREYDRUGS,Healthcare,Pharmaceuticals - Diversified,2026-09-01,Unrated,Unrated,Unrated,Unrated,8.0,Small Cap
Aarnav Fashions Ltd.,INE750R01016,539562,AARNAV,Consumer Discretionary,Miscellaneous Textiles,2026-09-01,Unrated,Unrated,Unrated,Unrated,7.0,Small Cap
Aaron Industries Ltd.,INE721Z01010,,AARON,Industrials,Industrial Machinery,2026-09-01,Unrated,Unrated,Unrated,Unrated,3.0,Small Cap
Aartech Solonics Ltd.,INE01C001026,542580,AARTECH,Industrials,Electrical Machinery,2026-09-01,Unrated,Unrated,Unrated,Unrated,6.0,Small Cap
Aarti Industries Ltd.,INE769A01020,524208,AARTIIND,Materials,Speciality Chemicals - Diversified,2026-09-01,2.0,2.0,6.0,4.0,7.0,Small Cap
Aarti Drugs Ltd.,INE767A01016,524348,AARTIDRUGS,Healthcare,API / Generic Pharmaceuticals,2026-09-01,3.0,2.0,5.0,5.0,7.0,Small Cap
Aarti Pharmalabs Ltd.,INE0LRU01027,543748,AARTIPHARM,Healthcare,Pharmaceuticals - Diversified,2026-09-01,2.0,3.0,5.0,4.0,8.0,Small Cap
Aarti Surfactants Ltd.,INE09EO01013,543210,AARTISURF,Materials,Speciality Chemicals - Diversified,2026-09-01,2.0,2.0,5.0,5.0,9.0,Small Cap
Aarvi Encon Ltd.,INE754X01016,544850,AARVI,Industrials,Staffing Services & HR,2026-09-01,Unrated,Unrated,Unrated,Unrated,8.0,Small Cap
Aashka Hospitals Ltd.,INE0EAX01014,543346,,Healthcare,Hospitals & Clinics,2026-09-01,Unrated,Unrated,Unrated,Unrated,UNRATED,Small Cap
Aastamangalam Finance Ltd.,INE819K01014,511764,,Financial,Other Financial Institutions,2026-09-01,Unrated,Unrated,Unrated,Unrated,5.0,Small Cap
Aastha Spintex Ltd,INE2FMX01012,544808,AASTHA,Consumer Discretionary,Yarn,2026-09-01,4.0,7.0,6.0,6.0,UNRATED,Small Cap
Aaswa Trading & Exports Ltd.,INE887D01016,512038,TCC,Financial,Brokerage Services,2026-09-01,Unrated,Unrated,Unrated,Unrated,1.0,Small Cap
Aatmaj Healthcare Ltd,INE0OB201016,,AATMAJ,Healthcare,Hospitals & Clinics,2026-09-01,Unrated,Unrated,Unrated,Unrated,UNRATED,Small Cap
Aavas Financiers Ltd.,INE216P01012,541988,AAVAS,Financial,Mortgage/Housing Finance,2026-09-01,5.0,6.0,9.0,7.0,6.0,Small Cap
Aayush Food & Herbs Ltd.,INE430R01023,539528,,Consumer Staples,Crop Farming,2026-09-01,Unrated,Unrated,Unrated,Unrated,1.0,Small Cap
Aban Offshore Ltd.,INE421A01028,523204,ABAN,Energy & Utilities,Oil & Gas Drilling,2026-09-01,Unrated,Unrated,Unrated,Unrated,1.0,Small Cap
ABans Enterprises Ltd.,INE365O01028,512165,,Diversified,Diversified Trading,2026-09-01,Unrated,Unrated,Unrated,Unrated,7.0,Small Cap
Abans Financial Services Ltd.,INE00ZE01026,543712,AHL,Financial,Financial Services - Diversified,2026-09-01,4.0,4.0,8.0,6.0,6.0,Small Cap
Abate AS Industries Ltd.,INE454E01013,531658,,Financial,NBFC - Diversified,2026-09-01,Unrated,Unrated,Unrated,Unrated,1.0,Small Cap
ABB India Ltd.,INE117A01022,500002,ABB,Industrials,Industrial Machinery,2026-09-01,4.0,9.0,7.0,3.0,9.0,Large Cap
Abbott India Ltd.,INE358A01014,500488,ABBOTINDIA,Healthcare,Branded Medicines,2026-09-01,4.0,10.0,7.0,5.0,3.0,Mid Cap
ABC Gas (International) Ltd.,INE173M01012,513119,,Materials,Metal Trading,2026-09-01,2.0,6.0,8.0,3.0,1.0,Small Cap
ABC India Ltd.,INE125D01011,520123,,Industrials,Road Logistics,2026-09-01,Unrated,Unrated,Unrated,Unrated,5.0,Small Cap
AB Cotspin India Ltd.,INE08PH01015,,ABCOTS,Consumer Discretionary,Yarn,2026-09-01,2.0,1.0,6.0,5.0,1.0,Small Cap
Abha Power And Steel Ltd,INE0UYG01015,,ABHAPOWER,Materials,Castings & Forgings,2026-09-01,Unrated,Unrated,Unrated,Unrated,2.0,Small Cap
ABH Healthcare Ltd,INE1R2M01019,,ABH,Healthcare,Hospitals & Clinics,2026-09-01,4.0,3.0,8.0,7.0,UNRATED,
Abhinav Capital Services Ltd.,INE516F01016,532057,,Financial,NBFC - Diversified,2026-09-01,Unrated,Unrated,Unrated,Unrated,4.0,Small Cap
Abhishek Finlease Ltd.,INE723C01015,538935,,Financial,Investment Holding Companies,2026-09-01,Unrated,Unrated,Unrated,Unrated,UNRATED,Small Cap
Abhishek Integrations Ltd.,INE0CAJ01017,,AILIMITED,Materials,Coal & Lignite,2026-09-01,Unrated,Unrated,Unrated,Unrated,1.0,Small Cap
AB Infrabuild Ltd.,INE00YB01025,544281,ABINFRA,Industrials,Construction & Engineering - Diversified,2026-09-01,1.0,2.0,4.0,4.0,1.0,Small Cap
Abirami Financial Services (India) Ltd.,INE195I01013,511756,,Financial,Leasing and Hire Purchase,2026-09-01,Unrated,Unrated,Unrated,Unrated,3.0,Small Cap
ABM International Ltd.,INE251C01025,,ABMINTLLTD,Materials,Basic Materials Trading,2026-09-01,Unrated,Unrated,Unrated,Unrated,8.0,Small Cap
ABM Knowledgeware Ltd.,INE850B01026,531161,,Technology,Software,2026-09-01,2.0,4.0,4.0,4.0,5.0,Small Cap
Abram Food Ltd,INE0ZDY01011,544422,,Consumer Staples,Food Processing - Diversified,2026-09-01,4.0,5.0,8.0,5.0,UNRATED,Small Cap
Abril Paper Tech Ltd,INE15MX01014,544500,,Materials,Paper & Paper Products,2026-09-01,2.0,2.0,3.0,6.0,1.0,Small Cap
ABS Marine Services Ltd,INE0QRV01016,,ABSMARINE,Industrials,Marine Port Services,2026-09-01,Unrated,Unrated,Unrated,Unrated,9.0,Small Cap
ACC Ltd.,INE012A01025,500410,ACC,Materials,Cement,2026-09-01,2.0,6.0,2.0,6.0,1.0,Small Cap
Accel Ltd.,INE258C01038,517494,,Technology,IT Services & Consulting,2026-09-01,Unrated,Unrated,Unrated,Unrated,4.0,Small Cap
AccelerateBS India Ltd,INE0POP01017,543938,,Technology,IT Services & Consulting,2026-09-01,Unrated,Unrated,Unrated,Unrated,UNRATED,Small Cap
Accelya Solutions India Ltd.,INE793A01012,532268,ACCELYA,Technology,IT Services & Consulting,2026-09-01,5.0,10.0,6.0,8.0,3.0,Small Cap
Accent Microcell Ltd,INE0Q5D01013,,ACCENTMIC,Healthcare,Pharmaceuticals - Diversified,2026-09-01,Unrated,Unrated,Unrated,Unrated,10.0,Small Cap
Accord Synergy Ltd.,INE113X01015,,ACCORD,Technology,Telecom Services - Diversified,2026-09-01,Unrated,Unrated,Unrated,Unrated,UNRATED,Small Cap
Accord Transformer & Switchgear Ltd,INE132201018,544710,,Industrials,Transformers & Transmission Equipment,2026-09-01,5.0,9.0,6.0,6.0,UNRATED,Small Cap
Accretion Nutraveda Ltd,INE1KVQ01019,544694,,Healthcare,API / Generic Pharmaceuticals,2026-09-01,5.0,9.0,6.0,6.0,UNRATED,Small Cap
Accretion Pharmaceuticals Ltd,INE0T8T01010,,ACCPL,Healthcare,Pharmaceuticals - Diversified,2026-09-01,Unrated,Unrated,Unrated,Unrated,10.0,Small Cap
Accuracy Shipping Ltd.,INE648Z01023,544598,ACCURACY,Industrials,Marine Logistics,2026-09-01,Unrated,Unrated,Unrated,Unrated,3.0,Small Cap
Ace Alpha Tech Ltd,INE0S9X01011,544431,,Technology,Financial Technology,2026-09-01,5.0,10.0,10.0,6.0,UNRATED,Small Cap
ACE Engitech Ltd.,INE035401020,530669,,Financial,NBFC - Diversified,2026-09-01,Unrated,Unrated,Unrated,Unrated,UNRATED,Small Cap
ACE Integrated Solutions Ltd.,INE543V01017,,ACEINTEG,Industrials,Staffing Services & HR,2026-09-01,Unrated,Unrated,Unrated,Unrated,4.0,Small Cap
ACE Men Engg Works Ltd.,INE023R01018,539661,,Financial,Investment Holding Companies,2026-09-01,Unrated,Unrated,Unrated,Unrated,9.0,Small Cap
Ace Software Exports Ltd.,INE849B01010,531525,,Technology,Software & Services - Diversified,2026-09-01,Unrated,Unrated,Unrated,Unrated,3.0,Small Cap
Acetech E-Commerce Ltd,INE1J6M01010,,ACETECH,Consumer Discretionary,Online and Direct Retailing,2026-09-01,2.0,3.0,2.0,6.0,UNRATED,Small Cap
Achyut Healthcare Ltd.,INE0K1401020,543499,,Healthcare,Pharmaceuticals - Diversified,2026-09-01,Unrated,Unrated,Unrated,Unrated,10.0,Small Cap
ACI Infocom Ltd.,INE167B01025,517356,,Real Estate,Real Estate - Diversified,2026-09-01,Unrated,Unrated,Unrated,Unrated,10.0,Small Cap
Acknit Industries Ltd.,INE326C01017,530043,,Consumer Discretionary,Industrial Clothing & Uniforms,2026-09-01,Unrated,Unrated,Unrated,Unrated,8.0,Small Cap
ACME Resources Ltd.,INE636B01011,539391,,Financial,NBFC - Diversified,2026-09-01,Unrated,Unrated,Unrated,Unrated,4.0,Small Cap
ACME Solar Holdings Ltd,INE622W01025,544283,ACMESOLAR,Energy & Utilities,Renewable Electricity Generation,2026-09-01,3.0,4.0,5.0,3.0,9.0,Small Cap
Acrow India Ltd.,INE950D01012,513149,,Industrials,Industrial Machinery,2026-08-25,Unrated,Unrated,Unrated,Unrated,UNRATED,Small Cap
Action Construction Equipment Ltd.,INE731H01025,532762,ACE,Industrials,Heavy Machinery & Earthmovers,2026-09-01,5.0,10.0,7.0,5.0,9.0,Small Cap
Active Clothing Co Ltd.,INE380Z01015,541144,,Consumer Discretionary,Readymade Garment,2026-09-01,Unrated,Unrated,Unrated,Unrated,6.0,Small Cap
Active Infrastructures Ltd,INE0KLO01025,,ACTIVEINFR,Industrials,Construction & Engineering - Diversified,2026-09-01,Unrated,Unrated,Unrated,Unrated,UNRATED,Small Cap
Acutaas Chemicals Ltd.,INE00FF01025,543349,ACUTAAS,Healthcare,Pharmaceuticals - Diversified,2026-09-01,4.0,9.0,8.0,3.0,10.0,Small Cap
Adani Energy Solutions Ltd.,INE931S01010,539254,ADANIENSOL,Energy & Utilities,Electricity Distribution,2026-09-01,3.0,3.0,7.0,4.0,10.0,Large Cap
Adani Enterprises Ltd.,INE423A01024,512599,ADANIENT,Materials,Mineral Trading,2026-09-01,3.0,2.0,6.0,5.0,9.0,Large Cap
Adani Green Energy Ltd.,INE364U01010,541450,ADANIGREEN,Energy & Utilities,Renewable Electricity Generation,2026-09-01,3.0,4.0,8.0,4.0,8.0,Large Cap
Adani Ports and Special Economic Zone Ltd.,INE742F01042,532921,ADANIPORTS,Industrials,Marine Port Services,2026-09-01,4.0,8.0,7.0,5.0,7.0,Large Cap
Adani Power Ltd.,INE814H01029,533096,ADANIPOWER,Energy & Utilities,Power Generation - Diversified,2026-09-01,4.0,8.0,6.0,5.0,10.0,Large Cap
Adani Total Gas Ltd.,INE399L01023,542066,ATGL,Energy & Utilities,Natural Gas Utilities,2026-09-01,3.0,8.0,6.0,3.0,6.0,Mid Cap
Adarsh Plant Protect Ltd.,INE627D01016,526711,,Industrials,Irrigation Equipment,2026-09-01,Unrated,Unrated,Unrated,Unrated,6.0,Small Cap
ADC India Communications Ltd.,INE833A01016,523411,KRONECOMM,Technology,IT Services & Consulting,2026-09-01,5.0,10.0,7.0,3.0,10.0,Small Cap
Adcon Capital Services Ltd.,INE805Q01028,539506,,Financial,Investment Management - Diversified,2026-09-01,Unrated,Unrated,Unrated,Unrated,6.0,Small Cap
Adcounty Media India Ltd,INE0W1601012,544435,,Industrials,Advertising & Marketing - Diversified,2026-09-01,5.0,9.0,8.0,5.0,1.0,Small Cap
Addi Industries Ltd.,INE757C01021,507852,,Consumer Discretionary,Readymade Garment,2026-09-01,Unrated,Unrated,Unrated,Unrated,3.0,Small Cap
Addictive Learning Technology Ltd,INE0RDH01021,,LAWSIKHO,Consumer Staples,Education Services,2026-09-01,Unrated,Unrated,Unrated,Unrated,UNRATED,Small Cap
Add-Shop E-Retail Ltd.,INE01B501018,541865,,Consumer Discretionary,Online and Direct Retailing,2026-09-01,Unrated,Unrated,Unrated,Unrated,1.0,Small Cap
Adeshwar Meditex Ltd.,INE0H8J01015,543309,,Healthcare,Medical Supplies,2026-08-24,Unrated,Unrated,Unrated,Unrated,UNRATED,Small Cap
ADF Foods Ltd.,INE982B01027,519183,ADFFOODS,Consumer Staples,Food Processing - Diversified,2026-09-01,4.0,7.0,6.0,5.0,8.0,Small Cap
Adhbhut Infrastructure Ltd.,INE578L01014,539189,,Real Estate,Real Estate Lease & Renting,2026-08-31,Unrated,Unrated,Unrated,Unrated,6.0,Small Cap
Adinath Textiles Ltd.,INE207C01019,514113,,Consumer Discretionary,Yarn,2026-09-01,Unrated,Unrated,Unrated,Unrated,5.0,Small Cap
Adishakti Loha and Ispat Ltd.,INE0CWK01019,543377,,Materials,Metal Trading,2026-09-01,Unrated,Unrated,Unrated,Unrated,UNRATED,Small Cap
Adisoft Technologies Ltd,INE20PL01012,,ADISOFT,Industrials,Industrial Machinery,2026-09-01,5.0,10.0,7.0,6.0,UNRATED,Small Cap
Aditya Birla Fashion and Retail Ltd.,INE647O01011,535755,ABFRL,Consumer Discretionary,Apparel & Accessories Retail,2026-09-01,1.0,1.0,5.0,3.0,2.0,Small Cap
Aditya Birla Capital Ltd.,INE674K01013,540691,ABCAPITAL,Financial,Investment Holding Companies,2026-09-01,2.0,1.0,5.0,4.0,9.0,Mid Cap
Aditya Birla Sun Life AMC Ltd.,INE404A01024,543374,ABSLAMC,Financial,Asset Management Companies,2026-09-01,4.0,9.0,6.0,4.0,7.0,Small Cap
Aditya Birla Lifestyle Brands Ltd.,INE14LE01019,544403,ABLBL,Consumer Discretionary,Apparel & Accessories Retail,2026-09-01,Unrated,Unrated,Unrated,Unrated,1.0,Small Cap
Aditya Birla Money Ltd.,INE865C01022,532974,BIRLAMONEY,Financial,Brokerage Services,2026-09-01,3.0,6.0,5.0,6.0,4.0,Small Cap
Aditya Consumer Marketing Ltd.,INE427V01013,540146,,Consumer Staples,Supermarkets & Convenience Stores,2026-09-01,Unrated,Unrated,Unrated,Unrated,UNRATED,Small Cap
Aditya Infotech Ltd,INE819V01029,544466,CPPLUS,Technology,Security & Surveillance,2026-09-01,3.0,5.0,6.0,2.0,10.0,Small Cap
Aditya Spinners Ltd.,INE122D01026,521141,ADITYASPIN,Consumer Discretionary,Yarn,2026-09-01,Unrated,Unrated,Unrated,Unrated,4.0,Small Cap
Aditya Ultra Steel Ltd,INE01YQ01013,,AUSL,Materials,Iron & Steel,2026-09-01,Unrated,Unrated,Unrated,Unrated,UNRATED,Small Cap
Aditya Vision Ltd.,INE679V01027,540205,AVL,Consumer Discretionary,Computer & Electronics Retail,2026-09-01,3.0,6.0,6.0,3.0,9.0,Small Cap
Adjia Technologies Ltd.,INE0G0V01018,543269,,Technology,Software,2026-08-10,Unrated,Unrated,Unrated,Unrated,UNRATED,Small Cap
Adline Chem Lab Ltd.,INE276T01018,524604,,Healthcare,Pharmaceuticals - Diversified,2026-09-01,Unrated,Unrated,Unrated,Unrated,UNRATED,Small Cap
Admach Systems Ltd,INE0XLO01010,544669,,Industrials,Industrial Machinery,2026-09-01,5.0,6.0,9.0,6.0,10.0,Small Cap
Ad-Manum Finance Ltd.,INE556D01017,511359,,Financial,Leasing and Hire Purchase,2026-09-01,Unrated,Unrated,Unrated,Unrated,6.0,Small Cap
Adon Agro Commodities Ltd,INE1SME01017,544809,,Consumer Staples,Other Agriculture Products,2026-09-01,5.0,10.0,6.0,7.0,UNRATED,Small Cap
Ador Multiproducts Ltd.,INE628D01014,523120,,Consumer Staples,Personal Hygiene,2026-09-01,Unrated,Unrated,Unrated,Unrated,2.0,Small Cap
Ador Welding Ltd.,INE045A01017,517041,ADORWELD,Industrials,Welding Machinery,2026-09-01,4.0,6.0,6.0,5.0,10.0,Small Cap
Adroit Infotech Ltd.,INE737B01033,532172,ADROITINFO,Technology,IT Services & Consulting,2026-09-01,Unrated,Unrated,Unrated,Unrated,6.0,Small Cap
Adtech Systems Ltd,INE257C01014,544185,,Technology,Security & Surveillance,2026-09-01,Unrated,Unrated,Unrated,Unrated,5.0,Small Cap
Advait Energy Transitions Ltd.,INE0ALI01010,543230,,Industrials,Electrical Machinery,2026-09-01,3.0,3.0,8.0,5.0,8.0,Small Cap
Advance Agrolife Ltd,INE1B0W01010,544562,ADVANCE,Materials,Pesticides,2026-09-01,3.0,2.0,8.0,6.0,8.0,Small Cap
Advanced Enzyme Technologies Ltd.,INE837H01020,540025,ADVENZYMES,Materials,Speciality Chemicals - Diversified,2026-09-01,4.0,9.0,6.0,6.0,6.0,Small Cap
Advance Lifestyles Ltd.,INE900E01015,521048,,Consumer Discretionary,Miscellaneous Textiles,2026-08-24,Unrated,Unrated,Unrated,Unrated,UNRATED,Small Cap
Advance Metering Technology Ltd.,INE436N01029,534612,AMTL,Energy & Utilities,Renewable Electricity Generation,2026-09-01,Unrated,Unrated,Unrated,Unrated,5.0,Small Cap
Advance Petrochemicals Ltd.,INE334N01018,506947,,Materials,Petrochemical,2026-09-01,Unrated,Unrated,Unrated,Unrated,UNRATED,Small Cap
Advance Technoforge Ltd,INE13ZJ01010,544843,,Materials,Castings & Forgings,2026-09-01,4.0,5.0,9.0,6.0,UNRATED,
Advani Hotels & Resorts (India) Ltd.,INE199C01026,523269,ADVANIHOTR,Consumer Discretionary,Hotels & Resorts,2026-09-01,4.0,10.0,5.0,8.0,3.0,Small Cap
Advent Hotels International Ltd.,INE28GN01010,544446,ADVENTHTL,Consumer Discretionary,Hotels & Resorts,2026-09-01,Unrated,Unrated,Unrated,Unrated,1.0,Small Cap
Advik Capital Ltd.,INE178T01024,539773,,Financial,NBFC - Diversified,2026-09-01,Unrated,Unrated,Unrated,Unrated,2.0,Small Cap
Advit Jewels Ltd,INE1SJO01012,544803,RAMBHAJO,Consumer Discretionary,Gems & Jewellery,2026-09-01,5.0,8.0,6.0,6.0,UNRATED,Small Cap
Aegeus Technologies Ltd.,INE0WR901013,544858,,Industrials,Electronic Components,2026-09-01,4.0,6.0,8.0,6.0,UNRATED,
Aegis Logistics Ltd.,INE208C01025,500003,AEGISLOG,Energy & Utilities,Oil & Gas Transportation,2026-09-01,5.0,7.0,8.0,5.0,10.0,Small Cap
Aegis Vopak Terminals Ltd,INE0INX01018,544407,AEGISVOPAK,Energy & Utilities,Oil & Gas - Diversified,2026-09-01,3.0,6.0,7.0,2.0,7.0,Small Cap
Aelea Commodities Ltd,INE0T3401029,544213,,Consumer Staples,Food Processing - Diversified,2026-09-01,Unrated,Unrated,Unrated,Unrated,6.0,Small Cap
A Infrastructure Ltd.,INE534E01020,539620,,Industrials,Plastic Tubes & Pipes,2026-09-01,Unrated,Unrated,Unrated,Unrated,6.0,Small Cap
Ashok Alco-Chem Ltd.,INE994D01010,524594,ASHOKALCO,Materials,Chemical Trading,2026-09-01,Unrated,Unrated,Unrated,Unrated,3.0,Small Cap
Aequs Ltd,INE947N01017,544634,AEQUS,Technology,Scientific & Precision Equipment,2026-09-01,1.0,1.0,7.0,2.0,10.0,Small Cap
Aeroflex Enterprises Ltd.,INE065D01027,511076,AEROENTER,Materials,Steel Wires,2026-09-01,4.0,5.0,6.0,7.0,10.0,Small Cap
Aeroflex Industries Ltd,INE024001021,543972,AEROFLEX,Industrials,Valves and Fittings,2026-09-01,4.0,6.0,8.0,4.0,10.0,Small Cap
Aeroflex Neu Ltd.,INE035801013,543743,AERONEU,Materials,Other Packaging Materials,2026-09-01,Unrated,Unrated,Unrated,Unrated,7.0,Small Cap
Aeron Composite Ltd,INE0WL801011,,AERON,Industrials,Other Building Products,2026-09-01,Unrated,Unrated,Unrated,Unrated,2.0,Small Cap
Aesthetik Engineers Ltd,INE0TSF01011,,AESTHETIK,Consumer Discretionary,Home Furnishing & Decor,2026-09-01,Unrated,Unrated,Unrated,Unrated,3.0,Small Cap
Aether Industries Ltd.,INE0BWX01014,543534,AETHER,Materials,Speciality Chemicals - Diversified,2026-09-01,3.0,6.0,7.0,2.0,10.0,Small Cap
Afcom Holdings Ltd,INE0OXY01013,544224,,Industrials,Air Logistics,2026-09-01,Unrated,Unrated,Unrated,Unrated,10.0,Small Cap
Afcons Infrastructure Ltd.,INE101I01011,544280,AFCONS,Industrials,Construction & Engineering - Diversified,2026-09-01,1.0,1.0,3.0,5.0,2.0,Small Cap
AF Enterprises Ltd.,INE663P01015,538351,,Materials,Other Precious Metal Mining,2026-09-01,Unrated,Unrated,Unrated,Unrated,4.0,Small Cap
Affle 3I Ltd.,INE00WC01027,542752,AFFLE,Industrials,Advertising & Marketing - Diversified,2026-09-01,4.0,10.0,8.0,4.0,5.0,Small Cap
Affordable Robotic & Automation Ltd.,INE692Z01013,541402,AFFORDABLE,Industrials,Electrical Machinery,2026-09-01,Unrated,Unrated,Unrated,Unrated,3.0,Small Cap
Agarwal Fortune India Ltd.,INE510B01018,530765,,Financial,Financial Services - Diversified,2026-08-31,Unrated,Unrated,Unrated,Unrated,UNRATED,Small Cap
Agarwal Float Glass India Ltd.,INE0MLA01012,,AGARWALFT,Materials,Glass & Glassware,2026-09-01,Unrated,Unrated,Unrated,Unrated,UNRATED,Small Cap
Agarwal Industrial Corporation Ltd.,INE204E01012,531921,AGARIND,Materials,Petrochemical,2026-09-01,3.0,6.0,5.0,6.0,2.0,Small Cap
Agarwal Toughened Glass India Ltd,INE0P8X01016,,AGARWALTUF,Materials,Glass & Glassware,2026-09-01,Unrated,Unrated,Unrated,Unrated,9.0,Small Cap
AGI Greenpac Ltd.,INE415A01038,500187,AGI,Materials,Containers & Packaging - Diversified,2026-09-01,4.0,7.0,2.0,7.0,8.0,Small Cap
AGI Infra Ltd.,INE976R01033,539042,AGIIL,Real Estate,Real Estate Development,2026-09-01,4.0,9.0,4.0,5.0,8.0,Small Cap
Agio Paper & Industries Ltd.,INE112C01011,516020,,Materials,Paper & Paper Products,2026-09-01,Unrated,Unrated,Unrated,Unrated,4.0,Small Cap
Agni Green Power Ltd.,INE0LF301013,,AGNI,Industrials,Energy & Power Projects,2026-09-01,Unrated,Unrated,Unrated,Unrated,3.0,Small Cap
Agri-Tech (India) Ltd.,INE449G01018,537292,AGRITECH,Consumer Staples,Fruits & Vegetables,2026-09-01,Unrated,Unrated,Unrated,Unrated,3.0,Small Cap
Agro Phos India Ltd.,INE740V01019,,AGROPHOS,Materials,Fertilisers,2026-09-01,Unrated,Unrated,Unrated,Unrated,2.0,Small Cap
AGS Transact Technologies Ltd.,INE583L01014,543451,AGSTRA,Industrials,Payment Services,2026-09-01,Unrated,Unrated,Unrated,Unrated,UNRATED,Small Cap
A G Universal Ltd.,INE0O6N01012,,AGUL,Industrials,Steel Tubes & Pipes,2026-09-01,Unrated,Unrated,Unrated,Unrated,UNRATED,Small Cap
AG Ventures Ltd.,INE321D01016,506579,OCCL,Materials,Diversified Chemicals,2026-09-01,Unrated,Unrated,Unrated,Unrated,6.0,Small Cap
Ahasolar Technologies Ltd,INE0NEV01011,543941,,Energy & Utilities,Solar Electric Utilities,2026-09-01,Unrated,Unrated,Unrated,Unrated,5.0,Small Cap
Ahimsa Industries Ltd.,INE136T01014,,AHIMSA,Materials,Plastic Materials,2026-09-01,Unrated,Unrated,Unrated,Unrated,UNRATED,
Ahlada Engineers Ltd.,INE00PV01013,,AHLADA,Consumer Discretionary,Home Furnitures,2026-09-01,Unrated,Unrated,Unrated,Unrated,2.0,Small Cap
Ahluwalia Contracts (India) Ltd.,INE758C01029,532811,AHLUCONT,Industrials,Construction & Engineering - Diversified,2026-09-01,4.0,7.0,6.0,7.0,3.0,Small Cap
Ahmedabad Steelcraft Ltd.,INE868C01018,522273,,Industrials,Other Building Products,2026-09-01,Unrated,Unrated,Unrated,Unrated,6.0,Small Cap
AIA Engineering Ltd.,INE212H01026,532683,AIAENG,Industrials,Industrial Machinery,2026-09-01,3.0,6.0,6.0,5.0,7.0,Mid Cap
AI Champdany Industries Ltd.,INE768E01024,532806,AICHAMP,Consumer Discretionary,Jute Products,2026-09-01,Unrated,Unrated,Unrated,Unrated,5.0,Small Cap
AIK Pipes And Polymers Ltd,INE0QFT01015,544072,,Industrials,Plastic Tubes & Pipes,2026-09-01,Unrated,Unrated,Unrated,Unrated,6.0,Small Cap
Aimco Pesticides Ltd.,INE008B01013,524288,AIMCOPEST,Materials,Pesticides,2026-09-01,Unrated,Unrated,Unrated,Unrated,3.0,Small Cap
Aimtron Electronics Ltd,INE0RUV01018,,AIMTRON,Industrials,Electronic Components,2026-09-01,Unrated,Unrated,Unrated,Unrated,10.0,Small Cap
Airan Ltd.,INE645W01026,543811,AIRAN,Technology,IT Services & Consulting,2026-09-01,Unrated,Unrated,Unrated,Unrated,2.0,Small Cap
Airfloa Rail Technology Ltd,INE0XBS01012,544516,,Industrials,Railway Locomotive & Rolling Stock,2026-09-01,4.0,7.0,5.0,6.0,10.0,Small Cap
Airo Lam Ltd.,INE801L01010,,AIROLAM,Materials,Wood & Wood Products,2026-09-01,Unrated,Unrated,Unrated,Unrated,4.0,Small Cap
Aishwarya Technologies and Telecom Ltd.,INE778I01024,532975,,Technology,Technology Equipment & Parts,2026-09-01,Unrated,Unrated,Unrated,Unrated,5.0,Small Cap
Ajanta Pharma Ltd.,INE031B01049,532331,AJANTPHARM,Healthcare,Branded Medicines,2026-09-01,3.0,7.0,5.0,3.0,9.0,Mid Cap
Ajanta Soya Ltd.,INE601B01023,519216,,Consumer Staples,Edible Oil,2026-09-01,Unrated,Unrated,Unrated,Unrated,4.0,Small Cap
Ajax Engineering Ltd,INE274Y01021,544356,AJAXENGG,Industrials,Industrial Machinery,2026-09-01,5.0,9.0,6.0,6.0,7.0,Small Cap
AJC Jewel Manufacturers Ltd,INE0XRR01010,544425,,Consumer Discretionary,Gems & Jewellery,2026-09-01,4.0,4.0,8.0,6.0,9.0,Small Cap
Ajcon Global Services Ltd.,INE759C01027,511692,,Financial,Brokerage Services,2026-09-01,Unrated,Unrated,Unrated,Unrated,5.0,Small Cap
Ajmera Realty & Infra India Ltd.,INE298G01035,513349,AJMERA,Real Estate,Real Estate Development,2026-09-01,2.0,1.0,5.0,7.0,5.0,Small Cap
Ajooni Biotech Ltd.,INE820Y01021,,AJOONI,Consumer Staples,Pet & Animal Feed,2026-09-01,Unrated,Unrated,Unrated,Unrated,2.0,Small Cap
Ajwa Fun World & Resort Ltd.,INE863E01015,526628,,Consumer Discretionary,Amusement Parks,2026-08-19,Unrated,Unrated,Unrated,Unrated,UNRATED,Small Cap
Akanksha Power And Infrastructure Ltd,INE0PCY01014,,AKANKSHA,Energy & Utilities,Diversified Utilities,2026-09-01,Unrated,Unrated,Unrated,Unrated,9.0,Small Cap
Akar Auto Industries Ltd.,INE864E01021,530621,,Consumer Discretionary,Auto Ancillaries,2026-09-01,Unrated,Unrated,Unrated,Unrated,4.0,Small Cap
Akashdeep Metal Industries Ltd.,INE149Q01021,538778,,Financial,Commercial Financing,2026-09-01,Unrated,Unrated,Unrated,Unrated,6.0,Small Cap
Akash Infra-Projects Ltd.,INE737W01013,,AKASH,Industrials,Construction & Engineering - Diversified,2026-09-01,Unrated,Unrated,Unrated,Unrated,6.0,Small Cap
AK Capital Services Ltd.,INE701G01012,530499,,Financial,Merchant Banking,2026-09-01,Unrated,Unrated,Unrated,Unrated,9.0,Small Cap
AKG Exim Ltd.,INE00Y801016,,AKG,Diversified,Diversified Trading,2026-09-01,Unrated,Unrated,Unrated,Unrated,1.0,Small Cap
AKI India Ltd.,INE642Z01026,542020,AKI,Consumer Discretionary,Leather Processing,2026-09-01,Unrated,Unrated,Unrated,Unrated,1.0,Small Cap
Akiko Global Services Ltd,INE0PMR01017,,AKIKO,Financial,Other Financial Institutions,2026-09-01,Unrated,Unrated,Unrated,Unrated,10.0,Small Cap
AKM Lace And Embrotex Ltd.,INE777X01017,540718,,Consumer Discretionary,Textiles & Leather Trading,2026-09-01,Unrated,Unrated,Unrated,Unrated,10.0,Small Cap
Akme Fintrade (India) Ltd,INE916Y01027,544200,AFIL,Financial,Commercial Financing,2026-09-01,3.0,1.0,5.0,7.0,10.0,Small Cap
Aksharchem (India) Ltd.,INE542B01011,524598,AKSHARCHEM,Materials,Coloring Agents,2026-09-01,Unrated,Unrated,Unrated,Unrated,9.0,Small Cap
Akshar Spintex Ltd.,INE256Z01025,541303,AKSHAR,Consumer Discretionary,Fabric Dyeing & Finishing,2026-09-01,Unrated,Unrated,Unrated,Unrated,3.0,Small Cap
Aksh Optifibre Ltd.,INE523B01011,532351,AKSHOPTFBR,Technology,Internet Service Providers,2026-09-01,Unrated,Unrated,Unrated,Unrated,8.0,Small Cap
Akums Drugs And Pharmaceuticals Ltd,INE09XN01023,544222,AKUMS,Healthcare,Pharmaceuticals - Diversified,2026-09-01,4.0,6.0,8.0,4.0,10.0,Small Cap
Akzo Nobel India Ltd.,INE133A01011,500710,AKZOINDIA,Materials,Paints & Varnishes,2026-09-01,4.0,9.0,5.0,5.0,4.0,Small Cap
Alacrity Securities Ltd.,INE030P01017,535916,,Financial,NBFC - Diversified,2026-09-01,Unrated,Unrated,Unrated,Unrated,6.0,Small Cap
Alankit Ltd.,INE914E01040,531082,ALANKIT,Technology,Financial Technology,2026-09-01,Unrated,Unrated,Unrated,Unrated,2.0,Small Cap
Alan Scott Enterprises Ltd.,INE273F01022,539115,,Healthcare,Medical Devices & Equipment,2026-09-01,Unrated,Unrated,Unrated,Unrated,9.0,Small Cap
Albert David Ltd.,INE155C01010,524075,ALBERTDAVD,Healthcare,Branded Medicines,2026-09-01,3.0,3.0,5.0,5.0,8.0,Small Cap
Alchemist Corporation Ltd.,INE057D01016,531409,,Diversified,Diversified Services,2026-08-31,Unrated,Unrated,Unrated,Unrated,UNRATED,Small Cap
Alembic Ltd.,INE426A01027,506235,ALEMBICLTD,Real Estate,Real Estate - Diversified,2026-09-01,4.0,8.0,8.0,6.0,5.0,Small Cap
Alembic Pharmaceuticals Ltd.,INE901L01018,533573,APLLTD,Healthcare,Pharmaceuticals - Diversified,2026-09-01,3.0,5.0,6.0,5.0,5.0,Small Cap
Alexander Stamps And Coin Ltd.,INE191N01012,511463,,Diversified,Diversified Trading,2026-09-01,Unrated,Unrated,Unrated,Unrated,4.0,Small Cap
Alfa Ica (India) Ltd.,INE042C01010,530973,,Consumer Discretionary,Home Furnishing & Decor,2026-09-01,Unrated,Unrated,Unrated,Unrated,7.0,Small Cap
Alfa Transformers Ltd.,INE209C01015,517546,,Industrials,Transformers & Transmission Equipment,2026-09-01,Unrated,Unrated,Unrated,Unrated,3.0,Small Cap
Alfavision Overseas (India) Ltd.,INE883B01027,531156,,Consumer Staples,Plantation Crops,2026-09-01,Unrated,Unrated,Unrated,Unrated,10.0,Small Cap
Alfred Herbert (India) Ltd.,INE782D01027,505216,ALFREDHERB,Industrials,Industrial Machinery,2026-09-01,Unrated,Unrated,Unrated,Unrated,6.0,Small Cap
Algoquant Fintech Ltd.,INE598D01027,505725,ALGOQUANT,Technology,Financial Technology,2026-09-01,4.0,7.0,8.0,4.0,7.0,Small Cap
Alicon Castalloy Ltd.,INE062D01024,531147,ALICON,Consumer Discretionary,Auto Ancillaries,2026-09-01,2.0,1.0,7.0,4.0,4.0,Small Cap
Alivus Life Sciences Ltd,INE03Q201024,543322,GLS,Healthcare,API / Generic Pharmaceuticals,2026-09-01,4.0,8.0,7.0,4.0,9.0,Small Cap
Alka India Ltd.,INE061B01020,530889,,Consumer Discretionary,Miscellaneous Textiles,2026-09-01,Unrated,Unrated,Unrated,Unrated,UNRATED,Small Cap
Alkali Metals Ltd.,INE773I01017,533029,ALKALI,Materials,Diversified Chemicals,2026-09-01,Unrated,Unrated,Unrated,Unrated,5.0,Small Cap
Alkem Laboratories Ltd.,INE540L01014,539523,ALKEM,Healthcare,Branded Medicines,2026-09-01,3.0,8.0,6.0,5.0,4.0,Mid Cap
Alkosign Ltd.,INE0KA601012,543453,,Industrials,Stationery & Office Supplies,2026-08-27,Unrated,Unrated,Unrated,Unrated,5.0,Small Cap
Alkyl Amines Chemicals Ltd.,INE150B01039,506767,ALKYLAMINE,Materials,Commodity Chemicals - Diversified,2026-09-01,5.0,10.0,6.0,4.0,8.0,Small Cap
Allcargo Global Ltd.,INE1YPB01014,544602,AGL,Industrials,Multimodal Logistics,2026-09-01,Unrated,Unrated,Unrated,Unrated,UNRATED,Small Cap
Allcargo Logistics Ltd.,INE418H01029,532749,ALLCARGO,Industrials,Multimodal Logistics,2026-09-01,2.0,2.0,4.0,4.0,6.0,Small Cap
Allcargo Terminals Ltd.,INE0NN701020,543954,ATL,Industrials,Warehousing,2026-09-01,3.0,3.0,3.0,7.0,6.0,Small Cap
Alldigi Tech Ltd.,INE835G01018,532633,ALLSEC,Industrials,BPO Services,2026-09-01,5.0,10.0,7.0,8.0,4.0,Small Cap
All E Technologies Ltd.,INE0M2X01012,,ALLETEC,Technology,IT Services & Consulting,2026-09-01,5.0,10.0,7.0,8.0,1.0,Small Cap
Alliance Integrated Metaliks Ltd.,INE123D01024,534064,,Materials,Iron & Steel,2026-09-01,Unrated,Unrated,Unrated,Unrated,9.0,Small Cap
Allied Blenders And Distillers Ltd,INE552Z01027,544203,ABDL,Consumer Staples,Distilleries,2026-09-01,2.0,1.0,7.0,3.0,7.0,Small Cap
Allied Digital Services Ltd.,INE102I01027,532875,ADSL,Technology,IT Services & Consulting,2026-09-01,2.0,1.0,5.0,7.0,4.0,Small Cap
All Time Plastics Ltd,INE0GV601021,544479,ALLTIME,Consumer Discretionary,Household Durables - Diversified,2026-09-01,2.0,4.0,5.0,4.0,3.0,Small Cap
Almondz Global Securities Ltd.,INE326B01035,531400,ALMONDZ,Financial,Brokerage Services,2026-09-01,Unrated,Unrated,Unrated,Unrated,5.0,Small Cap
Alok Industries Ltd.,INE270A01029,521070,ALOKINDS,Consumer Discretionary,Miscellaneous Textiles,2026-09-01,Unrated,Unrated,Unrated,Unrated,1.0,Small Cap
Alpa Laboratories Ltd.,INE385I01010,532878,ALPA,Healthcare,Branded Medicines,2026-09-01,Unrated,Unrated,Unrated,Unrated,3.0,Small Cap
Alpex Solar Ltd,INE0R4701017,,ALPEXSOLAR,Energy & Utilities,Solar Electric Utilities,2026-09-01,2.0,1.0,4.0,6.0,5.0,Small Cap
Alphageo (India) Ltd.,INE137C01018,526397,ALPHAGEO,Energy & Utilities,Energy Equipment & Services Diversified,2026-09-01,Unrated,Unrated,Unrated,Unrated,9.0,Small Cap
Alphalogic Industries Ltd,INE0NZF01019,543937,,Industrials,Storage & Distribution,2026-08-18,Unrated,Unrated,Unrated,Unrated,UNRATED,Small Cap
Alphalogic Techsys Ltd.,INE08E401029,542770,,Technology,Software,2026-09-01,1.0,3.0,5.0,4.0,4.0,Small Cap
Alpine Housing Development Corporation Ltd.,INE840D01015,526519,ALPINEHOU,Real Estate,Real Estate Development,2026-09-01,Unrated,Unrated,Unrated,Unrated,9.0,Small Cap
Alpine Texworld Ltd,INE1JCQ01037,544825,ALPINETEX,Consumer Discretionary,Yarn,2026-09-01,3.0,3.0,8.0,6.0,UNRATED,Small Cap
Alufluoride Ltd.,INE058F01019,524634,,Materials,Commodity Chemicals - Diversified,2026-09-01,5.0,9.0,8.0,7.0,7.0,Small Cap
Aluwind Infra-Tech Ltd.,INE0STM01017,,ALUWIND,Materials,Aluminium Products,2026-09-01,Unrated,Unrated,Unrated,Unrated,2.0,Small Cap
Amagi Media Labs Ltd,INE121R01077,544679,AMAGI,Technology,Software,2026-09-01,2.0,4.0,8.0,2.0,10.0,Small Cap
Amal Ltd.,INE841D01013,506597,,Materials,Diversified Chemicals,2026-09-01,4.0,9.0,6.0,3.0,8.0,Small Cap
Amalgamated Electricity Company Ltd.,INE492N01022,501622,,Financial,Miscellaneous Financial Services,2026-08-31,Unrated,Unrated,Unrated,Unrated,10.0,Small Cap
Amanaya Ventures Ltd.,INE0G1V01016,543804,,Consumer Discretionary,Gems & Jewellery,2026-08-27,Unrated,Unrated,Unrated,Unrated,UNRATED,Small Cap
Amanta Healthcare Ltd.,INE084K01015,544502,AMANTA,Healthcare,Hospitals & Clinics,2026-09-01,3.0,2.0,5.0,5.0,10.0,Small Cap
Amara Raja Energy & Mobility Ltd,INE885A01032,500008,ARE&M,Consumer Discretionary,Automotive Batteries,2026-09-01,4.0,8.0,6.0,5.0,5.0,Small Cap
Amarjothi Spinning Mills Ltd.,INE484D01012,521097,AMARJOTHI,Consumer Discretionary,Yarn,2026-09-01,Unrated,Unrated,Unrated,Unrated,8.0,Small Cap
Amarnath Securities Ltd.,INE745P01010,538465,,Financial,NBFC - Diversified,2026-08-31,Unrated,Unrated,Unrated,Unrated,8.0,Small Cap
Amba Auto Sales And Services Ltd,INE293601014,,AMBAAUTO,Consumer Discretionary,Automobile Dealerships,2026-09-01,3.0,3.0,6.0,6.0,UNRATED,Small Cap
Amba Enterprises Ltd.,INE829P01020,539196,,Industrials,Electronic Components,2026-09-01,Unrated,Unrated,Unrated,Unrated,2.0,Small Cap
Ambalal Sarabhai Enterprises Ltd.,INE432A01017,500009,AMBASARABH,Healthcare,Branded Medicines,2026-09-01,Unrated,Unrated,Unrated,Unrated,9.0,Small Cap
Ambani Organics Ltd.,INE00C501018,,AMBANIORG,Materials,Diversified Chemicals,2026-09-01,Unrated,Unrated,Unrated,Unrated,UNRATED,Small Cap
Ambar Protein Industries Ltd.,INE072V01017,519471,,Consumer Staples,Edible Oil,2026-09-01,Unrated,Unrated,Unrated,Unrated,8.0,Small Cap
Ambassador Intra Holdings Ltd.,INE342U01016,542524,,Diversified,Diversified Trading,2026-09-01,Unrated,Unrated,Unrated,Unrated,UNRATED,Small Cap
Amber Enterprises India Ltd.,INE371P01015,540902,AMBER,Consumer Discretionary,Household Appliances,2026-09-01,1.0,2.0,6.0,2.0,4.0,Small Cap
Ambica Agarbathies & Aroma Industries Ltd.,INE792B01012,532335,AMBICAAGAR,Consumer Staples,Household Products,2026-09-01,Unrated,Unrated,Unrated,Unrated,6.0,Small Cap
Ambika Cotton Mills Ltd.,INE540G01014,531978,AMBIKCO,Consumer Discretionary,Yarn,2026-09-01,4.0,3.0,7.0,7.0,8.0,Small Cap
Ambo Agritec Ltd.,INE0N6V01016,543678,,Consumer Staples,Edible Oil,2026-09-01,Unrated,Unrated,Unrated,Unrated,1.0,Small Cap
Ambuja Cements Ltd.,INE079A01024,500425,AMBUJACEM,Materials,Cement,2026-09-01,2.0,7.0,3.0,5.0,1.0,Large Cap
Amco India Ltd.,INE924B01011,530133,,Materials,Plastic Materials,2026-09-01,Unrated,Unrated,Unrated,Unrated,5.0,Small Cap
AMD Industries Ltd.,INE005I01014,532828,AMDIND,Materials,Plastic Packaging,2026-09-01,Unrated,Unrated,Unrated,Unrated,8.0,Small Cap
Ameenji Rubber Ltd,INE14QA01016,544555,,Materials,Rubber & Rubber Products,2026-09-01,3.0,5.0,5.0,6.0,10.0,Small Cap
Amerise Biosciences Ltd.,INE673C01020,531681,,Financial,Investment Holding Companies,2026-09-01,Unrated,Unrated,Unrated,Unrated,8.0,Small Cap
Ameya Precision Engineers Ltd.,INE0KT901015,,AMEYA,Industrials,Valves and Fittings,2026-09-01,Unrated,Unrated,Unrated,Unrated,UNRATED,Small Cap
Amforge Industries Ltd.,INE991A01020,513117,AMFORGEIND,Materials,Castings & Forgings,2026-09-01,Unrated,Unrated,Unrated,Unrated,2.0,Small Cap
Amiable Logistics (India) Ltd.,INE0MTP01013,,AMIABLE,Industrials,Multimodal Logistics,2026-09-01,Unrated,Unrated,Unrated,Unrated,UNRATED,Small Cap
Amic Forging Ltd,INE0P9J01013,544037,,Materials,Castings & Forgings,2026-09-01,Unrated,Unrated,Unrated,Unrated,9.0,Small Cap
Amines & Plasticizers Ltd.,INE275D01022,506248,AMNPLST,Materials,Speciality Chemicals - Diversified,2026-09-01,3.0,2.0,6.0,5.0,7.0,Small Cap
Amin Tannery Ltd.,INE572Z01017,541771,,Consumer Discretionary,Leather Products,2026-09-01,Unrated,Unrated,Unrated,Unrated,5.0,Small Cap
Amir Chand Jagdish Kumar (Exports) Ltd,INE05TO01019,544743,AMIRCHAND,Consumer Staples,Crop Farming,2026-09-01,3.0,3.0,8.0,6.0,UNRATED,Small Cap
Amit International Ltd.,INE053D01015,531300,,Consumer Discretionary,Hosiery & Socks,2026-08-31,Unrated,Unrated,Unrated,Unrated,UNRATED,Small Cap
Amit Securities Ltd.,INE137E01014,531557,,Financial,Investment Management - Diversified,2026-09-01,Unrated,Unrated,Unrated,Unrated,7.0,Small Cap
AMJ Land Holdings Ltd.,INE606A01024,500343,AMJLAND,Real Estate,Real Estate Development,2026-09-01,Unrated,Unrated,Unrated,Unrated,4.0,Small Cap
Amkay Products Ltd,INE0QSB01016,544169,,Healthcare,Medical Devices & Equipment,2026-09-01,Unrated,Unrated,Unrated,Unrated,UNRATED,Small Cap
Amrapali Capital & Finance Services Ltd.,INE218P01018,536737,,Financial,Miscellaneous Financial Services,2026-08-24,Unrated,Unrated,Unrated,Unrated,UNRATED,Small Cap
Amrapali Fincap Ltd.,INE990S01016,539265,,Financial,Miscellaneous Financial Services,2026-09-01,Unrated,Unrated,Unrated,Unrated,UNRATED,Small Cap
Amrapali Industries Ltd.,INE762C01021,526241,,Financial,Investment Services,2026-09-01,Unrated,Unrated,Unrated,Unrated,10.0,Small Cap
Amraworld Agrico Ltd.,INE735C01027,531991,,Financial,Investment Holding Companies,2026-09-01,Unrated,Unrated,Unrated,Unrated,4.0,Small Cap
Amrutanjan Health Care Ltd.,INE098F01031,590006,AMRUTANJAN,Healthcare,Branded Medicines,2026-09-01,3.0,8.0,7.0,5.0,1.0,Small Cap
AMS Polymers Ltd.,INE345U01019,540066,,Materials,Commodity Chemicals Trading,2026-09-01,Unrated,Unrated,Unrated,Unrated,10.0,Small Cap
Amwill Health Care Ltd,INE0U2L01017,544353,,Consumer Staples,Household & Personal Products - Diversified,2026-09-01,Unrated,Unrated,Unrated,Unrated,UNRATED,Small Cap
Anand Rathi Share and Stock Brokers Ltd,INE549H01021,544530,ARSSBL,Financial,Brokerage Services,2026-09-01,2.0,1.0,7.0,7.0,2.0,Small Cap
Anand Rathi Wealth Ltd.,INE463V01026,543415,ANANDRATHI,Financial,Wealth Management,2026-09-01,3.0,8.0,6.0,3.0,2.0,Small Cap
Anand Rayons Ltd.,INE02GA01012,542721,,Consumer Discretionary,Yarn,2026-09-01,Unrated,Unrated,Unrated,Unrated,1.0,Small Cap
Anant Raj Ltd.,INE242C01024,515055,ANANTRAJ,Real Estate,Real Estate Development,2026-09-01,2.0,4.0,6.0,4.0,6.0,Small Cap
Anawil Wire and Engineering Ltd,INE1J5V01013,,ANAWIL,Energy & Utilities,Wind Electric Utilities,2026-09-01,5.0,9.0,10.0,6.0,UNRATED,
ANB Metal Cast Ltd,INE0VG001016,,AMCL,Materials,Aluminium Products,2026-09-01,4.0,5.0,7.0,6.0,9.0,Small Cap
Andhra Cements Ltd.,INE666E01020,532141,ACL,Materials,Cement,2026-09-01,1.0,1.0,4.0,2.0,2.0,Small Cap
Andhra Paper Ltd.,INE435A01051,502330,ANDHRAPAP,Materials,Paper & Paper Products,2026-09-01,3.0,4.0,7.0,7.0,2.0,Small Cap
Andhra Petrochemicals Ltd.,INE714B01016,500012,ANDHRAPET,Materials,Petrochemical,2026-09-01,3.0,6.0,4.0,6.0,5.0,Small Cap
Andhra Sugars Ltd.,INE715B01021,590062,ANDHRSUGAR,Materials,Commodity Chemicals - Diversified,2026-09-01,4.0,5.0,6.0,7.0,9.0,Small Cap
Andrew Yule & Company Ltd.,INE449C01025,526173,ANDREWYU,Consumer Staples,Tea & Coffee,2026-09-01,2.0,1.0,5.0,2.0,8.0,Small Cap
Angel Fibers Ltd.,INE339Z01011,541006,,Consumer Discretionary,Yarn,2026-08-31,Unrated,Unrated,Unrated,Unrated,UNRATED,Small Cap
Angel One Ltd.,INE732I01021,543235,ANGELONE,Financial,Brokerage Services,2026-09-01,3.0,6.0,5.0,5.0,2.0,Small Cap
ANG Lifesciences India Ltd.,INE236W01016,540694,,Healthcare,Branded Medicines,2026-09-01,Unrated,Unrated,Unrated,Unrated,8.0,Small Cap
ANI Integrated Services Ltd.,INE635Y01015,,AISL,Industrials,Other Industrial Services,2026-09-01,Unrated,Unrated,Unrated,Unrated,1.0,Small Cap
Anik Industries Ltd.,INE087B01017,519383,ANIKINDS,Diversified,Diversified Trading,2026-09-01,Unrated,Unrated,Unrated,Unrated,3.0,Small Cap
Anjani Finance Ltd.,INE283D01018,531878,,Financial,NBFC - Diversified,2026-09-01,Unrated,Unrated,Unrated,Unrated,3.0,Small Cap
Anjani Foods Ltd.,INE096I01021,511153,,Consumer Staples,Bakery Product,2026-09-01,Unrated,Unrated,Unrated,Unrated,5.0,Small Cap
Anjani Portland Cement Ltd.,INE071F01012,518091,APCL,Materials,Cement,2026-09-01,1.0,1.0,3.0,3.0,2.0,Small Cap
Anjani Synthetics Ltd.,INE364D01032,531223,,Consumer Discretionary,Synthetic Fabrics,2026-09-01,Unrated,Unrated,Unrated,Unrated,5.0,Small Cap
Anka India Ltd.,INE067C01025,531673,,Technology,IT Services & Consulting,2026-09-01,Unrated,Unrated,Unrated,Unrated,2.0,Small Cap
Ankit Metal & Power Ltd.,INE106I01010,532870,ANKITMETAL,Materials,Aluminium Products,2026-09-01,Unrated,Unrated,Unrated,Unrated,5.0,Small Cap
Anlon Healthcare Ltd,INE0Y8W01017,544497,AHCL,Healthcare,API / Generic Pharmaceuticals,2026-09-01,2.0,1.0,5.0,5.0,6.0,Small Cap
Anlon Technology Solutions Ltd.,INE0LR101013,,ANLON,Industrials,Industrial Machinery,2026-09-01,Unrated,Unrated,Unrated,Unrated,10.0,Small Cap
Anmol India Ltd.,INE02AR01019,542437,ANMOL,Materials,Coal & Lignite,2026-09-01,Unrated,Unrated,Unrated,Unrated,2.0,Small Cap
Anna Infrastructures Ltd.,INE336D01014,530799,,Real Estate,Real Estate Development,2026-09-01,Unrated,Unrated,Unrated,Unrated,5.0,Small Cap
Annapurna Swadisht Ltd.,INE0MGM01017,,ANNAPURNA,Consumer Staples,Snacks & Food Confectionery,2026-09-01,Unrated,Unrated,Unrated,Unrated,2.0,Small Cap
Anondita Medicare Ltd,INE0VTV01012,,ANONDITA,Healthcare,Medical Supplies,2026-09-01,2.0,2.0,2.0,6.0,9.0,Small Cap
ANS Industries Ltd.,INE234J01018,531406,,Consumer Staples,Fruit & Vegetable Processing,2026-09-01,Unrated,Unrated,Unrated,Unrated,UNRATED,Small Cap
Ansal Buildwell Ltd.,INE030C01015,523007,,Real Estate,Real Estate Development,2026-09-01,Unrated,Unrated,Unrated,Unrated,2.0,Small Cap
Ansal Housing Ltd.,INE880B01015,507828,ANSALHSG,Real Estate,Real Estate Development,2026-09-01,Unrated,Unrated,Unrated,Unrated,1.0,Small Cap
Ansal Properties & Infrastructure Ltd.,INE436A01026,500013,ANSALAPI,Real Estate,Real Estate Development,2026-09-01,Unrated,Unrated,Unrated,Unrated,4.0,Small Cap
Antarctica Ltd.,INE414B01021,526715,ANTGRAPHIC,Materials,Paper Packaging,2026-09-01,Unrated,Unrated,Unrated,Unrated,2.0,Small Cap
Antelopus Selan Energy Ltd.,INE818A01017,530075,ANTELOPUS,Energy & Utilities,Oil & Gas Exploration and Production,2026-09-01,4.0,9.0,8.0,3.0,9.0,Small Cap
Anthem Biosciences Ltd,INE0CZ201020,544449,ANTHEM,Healthcare,Biotechnology & Pharma Research,2026-09-01,4.0,9.0,7.0,4.0,8.0,Mid Cap
Antony Waste Handling Cell Ltd.,INE01BK01022,543254,AWHCL,Industrials,Waste Management,2026-09-01,2.0,3.0,5.0,5.0,2.0,Small Cap
Anubhav Infrastructure Ltd.,INE891N01017,538833,,Industrials,Construction & Engineering - Diversified,2026-09-01,Unrated,Unrated,Unrated,Unrated,4.0,Small Cap
Anubhav Plast Ltd,INE1O7201010,,,Industrials,Steel Tubes & Pipes,2026-09-01,5.0,8.0,9.0,6.0,UNRATED,Small Cap
Anuh Pharma Ltd.,INE489G01022,506260,ANUHPHR,Healthcare,API / Generic Pharmaceuticals,2026-09-01,3.0,4.0,5.0,7.0,5.0,Small Cap
Anupam Finserv Ltd.,INE069B01023,530109,,Financial,NBFC - Diversified,2026-09-01,Unrated,Unrated,Unrated,Unrated,4.0,Small Cap
Anupam Rasayan India Ltd.,INE930P01018,543275,ANURAS,Materials,Speciality Chemicals - Diversified,2026-09-01,1.0,1.0,4.0,3.0,6.0,Small Cap
Anuroop Packaging Ltd.,INE490Z01012,542865,,Materials,Paper Packaging,2026-09-01,Unrated,Unrated,Unrated,Unrated,4.0,Small Cap
Anya Polytech & Fertilizers Ltd,INE0SI601032,,ANYA,Materials,Fertilisers,2026-09-01,Unrated,Unrated,Unrated,Unrated,1.0,Small Cap
Apar Industries Ltd.,INE372A01015,532259,APARINDS,Diversified,Diversified Manufacturing,2026-09-01,4.0,7.0,7.0,3.0,10.0,Mid Cap
Apcotex Industries Ltd.,INE116A01032,523694,APCOTEXIND,Materials,Speciality Chemicals - Diversified,2026-09-01,5.0,7.0,8.0,6.0,10.0,Small Cap
Apex Ecotech Ltd,INE0T4V01015,,APEXECO,Industrials,Waste Management,2026-09-01,Unrated,Unrated,Unrated,Unrated,10.0,Small Cap
Apex Frozen Foods Ltd.,INE346W01013,540692,APEX,Consumer Staples,Aquaculture,2026-09-01,2.0,1.0,6.0,5.0,8.0,Small Cap
Apis India Ltd.,INE070K01014,506166,,Consumer Staples,Food Processing - Diversified,2026-09-01,Unrated,Unrated,Unrated,Unrated,1.0,Small Cap
Aplab Ltd.,INE273A01015,517096,APLAB,Consumer Discretionary,Computer & Electronics Retail,2026-09-01,Unrated,Unrated,Unrated,Unrated,8.0,Small Cap
APL Apollo Tubes Ltd.,INE702C01027,533758,APLAPOLLO,Industrials,Steel Tubes & Pipes,2026-09-01,4.0,9.0,7.0,4.0,6.0,Mid Cap
APM Industries Ltd.,INE170D01025,523537,,Consumer Discretionary,Yarn,2026-09-01,Unrated,Unrated,Unrated,Unrated,10.0,Small Cap
Apollo Finvest (India) Ltd.,INE412D01013,512437,,Financial,NBFC - Diversified,2026-09-01,Unrated,Unrated,Unrated,Unrated,4.0,Small Cap
Apollo Hospitals Enterprise Ltd.,INE437A01024,508869,APOLLOHOSP,Healthcare,Hospitals & Clinics,2026-09-01,3.0,5.0,8.0,4.0,8.0,Large Cap
Apollo Micro Systems Ltd.,INE713T01028,540879,APOLLO,Industrials,Defence & Aerospace Diversified,2026-09-01,2.0,1.0,6.0,2.0,9.0,Small Cap
Apollo Pipes Ltd.,INE126J01016,531761,APOLLOPIPE,Industrials,Plastic Tubes & Pipes,2026-09-01,2.0,1.0,3.0,4.0,10.0,Small Cap
Apollo Sindoori Hotels Ltd.,INE451F01024,,APOLSINHOT,Consumer Discretionary,Hotels & Resorts,2026-09-01,4.0,4.0,7.0,5.0,5.0,Small Cap
Apollo Techno Industries Ltd,INE0X4A01013,544671,,Industrials,Heavy Machinery & Earthmovers,2026-09-01,4.0,3.0,10.0,6.0,9.0,Small Cap
Apollo Tyres Ltd.,INE438A01022,500877,APOLLOTYRE,Consumer Discretionary,Tyres & Tubes,2026-09-01,3.0,5.0,7.0,6.0,3.0,Small Cap
Apoorva Leasing Finance And Investment Company Ltd.,INE217S01014,539545,,Financial,Leasing and Hire Purchase,2026-09-01,Unrated,Unrated,Unrated,Unrated,UNRATED,Small Cap
Aprameya Engineering Ltd,INE0LQG01010,,APRAMEYA,Healthcare,Medical Devices & Equipment,2026-09-01,Unrated,Unrated,Unrated,Unrated,2.0,Small Cap
Australian Premium Solar (India) Ltd,INE0P0001010,,APS,Energy & Utilities,Solar Electric Utilities,2026-09-01,Unrated,Unrated,Unrated,Unrated,1.0,Small Cap
Apsis Aerocom Ltd,INE1OOJ01011,,APSISAERO,Industrials,Defence & Aerospace Parts,2026-09-01,5.0,10.0,7.0,7.0,UNRATED,Small Cap
Aptech Ltd.,INE266F01018,532475,APTECHT,Consumer Staples,Education Services,2026-09-01,4.0,6.0,7.0,7.0,5.0,Small Cap
APT Packaging Ltd.,INE046E01025,506979,,Materials,Plastic Packaging,2026-09-01,Unrated,Unrated,Unrated,Unrated,2.0,Small Cap
Aptus Pharma Ltd,INE15XJ01010,544529,,Healthcare,Pharmaceuticals - Diversified,2026-09-01,5.0,8.0,5.0,7.0,10.0,Small Cap
Aptus Value Housing Finance India Ltd.,INE852O01025,543335,APTUS,Financial,Mortgage/Housing Finance,2026-09-01,5.0,9.0,6.0,7.0,5.0,Small Cap
Arabian Petroleum Ltd,INE08NJ01024,,ARABIAN,Materials,Lubricants & Grease,2026-09-01,Unrated,Unrated,Unrated,Unrated,UNRATED,Small Cap
Aravali Securities & Finance Ltd.,INE068C01015,512344,ARAVALISEC,Financial,Financial Services - Diversified,2026-09-01,Unrated,Unrated,Unrated,Unrated,4.0,Small Cap
Arcee Industries Ltd.,INE276D01012,520121,,Industrials,Steel Tubes & Pipes,2026-08-31,Unrated,Unrated,Unrated,Unrated,UNRATED,Small Cap
ARC Finance Ltd.,INE202R01026,540135,,Financial,NBFC - Diversified,2026-09-01,Unrated,Unrated,Unrated,Unrated,2.0,Small Cap
Archean Chemical Industries Ltd.,INE128X01021,543657,ACI,Materials,Speciality Chemicals - Diversified,2026-09-01,1.0,2.0,3.0,4.0,2.0,Small Cap
Archidply Decor Ltd.,INE0CHO01012,543231,ADL,Materials,Wood & Wood Products,2026-09-01,Unrated,Unrated,Unrated,Unrated,6.0,Small Cap
Archidply Industries Ltd.,INE877I01016,532994,ARCHIDPLY,Materials,Wood & Wood Products,2026-09-01,Unrated,Unrated,Unrated,Unrated,8.0,Small Cap
Archies Ltd.,INE731A01020,532212,ARCHIES,Consumer Discretionary,Miscellaneous Specialty Retail,2026-09-01,Unrated,Unrated,Unrated,Unrated,2.0,Small Cap
Archit Organosys Ltd.,INE078I01011,524640,,Materials,Commodity Chemicals - Diversified,2026-09-01,Unrated,Unrated,Unrated,Unrated,10.0,Small Cap
ARC Insulation & Insulators Ltd,INE0YDV01010,,ARCIIL,Industrials,Plastic Tubes & Pipes,2026-09-01,5.0,8.0,6.0,6.0,2.0,Small Cap
ARCL Organics Ltd.,INE372M01010,543993,,Materials,Plastic & Resins,2026-09-01,Unrated,Unrated,Unrated,Unrated,7.0,Small Cap
Ardee Industries Ltd,INE0XNF01022,544860,ARDEE,Materials,Lead Ore,2026-09-01,5.0,8.0,10.0,6.0,UNRATED,
Arex Industries Ltd.,INE480H01011,526851,,Consumer Discretionary,Woollen Textiles,2026-09-01,Unrated,Unrated,Unrated,Unrated,UNRATED,Small Cap
Arfin India Ltd.,INE784R01023,539151,ARFIN,Materials,Other Non-Ferrous Metal Mining,2026-09-01,2.0,1.0,6.0,2.0,10.0,Small Cap
Arham Technologies Ltd.,INE0L2Y01011,,ARHAM,Consumer Discretionary,Household Appliances,2026-09-01,Unrated,Unrated,Unrated,Unrated,10.0,Small Cap
Aries Agro Ltd.,INE298I01015,532935,ARIES,Materials,Fertilisers,2026-09-01,4.0,6.0,8.0,5.0,9.0,Small Cap
Arigato Universe Ltd.,INE021N01011,530267,,Industrials,Industrial Machinery,2026-09-01,Unrated,Unrated,Unrated,Unrated,9.0,Small Cap
Arihant Academy Ltd.,INE0NCC01015,,ARIHANTACA,Consumer Staples,Education Services,2026-09-01,Unrated,Unrated,Unrated,Unrated,UNRATED,Small Cap
Arihant Capital Markets Ltd.,INE420B01036,511605,ARIHANTCAP,Financial,Brokerage Services,2026-09-01,3.0,4.0,6.0,5.0,5.0,Small Cap
Arihant Foundations & Housing Ltd.,INE413D01011,531381,ARIHANT,Real Estate,Real Estate Development,2026-09-01,2.0,3.0,7.0,3.0,5.0,Small Cap
ArihantS Securities Ltd.,INE190D01015,531017,,Financial,NBFC - Diversified,2026-09-01,Unrated,Unrated,Unrated,Unrated,5.0,Small Cap
Arihant Superstructures Ltd.,INE643K01018,506194,ARIHANTSUP,Real Estate,Real Estate Development,2026-09-01,1.0,1.0,5.0,4.0,3.0,Small Cap
Arisinfra Solutions Ltd,INE0H9P01028,544419,ARISINFRA,Materials,Construction Materials Trading,2026-09-01,2.0,1.0,8.0,2.0,8.0,Small Cap
Aris International Ltd.,INE588E01026,531677,,Technology,Software,2026-08-31,Unrated,Unrated,Unrated,Unrated,UNRATED,Small Cap
Aristo Bio-Tech And Lifescience Ltd.,INE082101010,,ARISTO,Materials,Pesticides,2026-09-01,Unrated,Unrated,Unrated,Unrated,UNRATED,Small Cap
Aritas Vinyl Ltd,INE1D8001016,544683,,Consumer Discretionary,Leather Products,2026-09-01,3.0,1.0,8.0,8.0,1.0,Small Cap
Arkade Developers Ltd,INE0QRL01017,544261,ARKADE,Real Estate,Real Estate Development,2026-09-01,3.0,4.0,5.0,6.0,6.0,Small Cap
Arman Financial Services Ltd.,INE109C01017,531179,ARMANFIN,Financial,NBFC - Diversified,2026-09-01,5.0,9.0,6.0,7.0,9.0,Small Cap
Arman Holdings Ltd.,INE510P01018,538556,,Financial,Investment Services,2026-09-01,Unrated,Unrated,Unrated,Unrated,7.0,Small Cap
Armour Security (India). Ltd,INE0TZX01019,,ARMOUR,Industrials,Business Services - Diversified,2026-09-01,4.0,6.0,5.0,7.0,UNRATED,Small Cap
Arnold Holdings Ltd.,INE185K01036,537069,,Financial,NBFC - Diversified,2026-09-01,Unrated,Unrated,Unrated,Unrated,5.0,Small Cap
Aro Granite Industries Ltd.,INE210C01013,513729,AROGRANITE,Industrials,Ceramic Tiles and Sanitaryware,2026-09-01,Unrated,Unrated,Unrated,Unrated,3.0,Small Cap
Arrow Greentech Ltd.,INE570D01018,516064,ARROWGREEN,Materials,Plastic Packaging,2026-09-01,5.0,8.0,9.0,6.0,9.0,Small Cap
Arrowhead Seperation Engineering Ltd,INE0PP401015,544025,,Industrials,Industrial Machinery,2026-09-01,Unrated,Unrated,Unrated,Unrated,UNRATED,Small Cap
Arshiya Ltd.,INE968D01022,506074,ARSHIYA,Industrials,Multimodal Logistics,2026-09-01,Unrated,Unrated,Unrated,Unrated,1.0,Small Cap
Artefact Projects Ltd.,INE885B01014,531297,,Industrials,Construction & Engineering - Diversified,2026-09-01,Unrated,Unrated,Unrated,Unrated,2.0,Small Cap
Artemis Electricals And Projects Ltd.,INE757T01025,542670,AEPL,Industrials,Electronic Equipment,2026-09-01,2.0,5.0,6.0,2.0,2.0,Small Cap
Artemis Medicare Services Ltd.,INE025R01021,542919,ARTEMISMED,Healthcare,Hospitals & Clinics,2026-09-01,4.0,6.0,7.0,4.0,9.0,Small Cap
Art Nirman Ltd.,INE738V01013,,ARTNIRMAN,Real Estate,Real Estate Development,2026-09-01,Unrated,Unrated,Unrated,Unrated,5.0,Small Cap
Artson Engineering Ltd.,INE133D01023,522134,ARTSONENGG,Industrials,Industrial Machinery,2026-09-01,2.0,1.0,6.0,4.0,7.0,Small Cap
Aruna Hotels Ltd.,INE957C01019,500016,ARUNASUGAR,Consumer Discretionary,Hotels & Resorts,2026-09-01,Unrated,Unrated,Unrated,Unrated,4.0,Small Cap
Arunaya Organics Ltd,INE0TTG01017,,ARUNAYA,Materials,Coloring Agents,2026-09-01,Unrated,Unrated,Unrated,Unrated,2.0,Small Cap
Arunis Abode Ltd.,INE377D01018,526935,,Financial,Brokerage Services,2026-09-01,2.0,1.0,3.0,8.0,3.0,Small Cap
Arunjyoti Bio Ventures Ltd.,INE485K01022,530881,,Materials,Fertilisers,2026-09-01,Unrated,Unrated,Unrated,Unrated,2.0,Small Cap
Arvee Laboratories (India) Ltd.,INE006Z01016,,ARVEE,Materials,Speciality Chemicals - Diversified,2026-09-01,Unrated,Unrated,Unrated,Unrated,7.0,Small Cap
Arvind Ltd.,INE034A01011,500101,ARVIND,Consumer Discretionary,Miscellaneous Textiles,2026-09-01,3.0,4.0,7.0,4.0,10.0,Small Cap
Arvind Port And Infra Ltd,INE0P4T01013,,ARVINDPORT,Industrials,Multimodal Logistics,2026-09-01,Unrated,Unrated,Unrated,Unrated,5.0,Small Cap
Arvind Fashions Ltd.,INE955V01021,542484,ARVINDFASN,Consumer Discretionary,Readymade Garment,2026-09-01,3.0,3.0,7.0,5.0,5.0,Small Cap
Arvind Smartspaces Ltd.,INE034S01021,539301,ARVSMART,Real Estate,Real Estate Development,2026-09-01,4.0,7.0,6.0,4.0,8.0,Small Cap
Aryaman Capital Markets Ltd.,INE229R01011,538716,,Financial,Miscellaneous Financial Services,2026-09-01,Unrated,Unrated,Unrated,Unrated,4.0,Small Cap
Aryaman Financial Services Ltd.,INE032E01017,530245,,Financial,Financial Services - Diversified,2026-09-01,3.0,10.0,6.0,4.0,3.0,Small Cap
Aryan Share And Stock Brokers Ltd.,INE016X01010,542176,,Financial,Brokerage Services,2026-09-01,Unrated,Unrated,Unrated,Unrated,4.0,Small Cap
Aryavan Enterprise Ltd.,INE360S01012,539455,,Materials,Aluminium Products,2026-09-01,Unrated,Unrated,Unrated,Unrated,8.0,Small Cap
Asahi India Glass Ltd.,INE439A01020,515030,ASAHIINDIA,Consumer Discretionary,Auto Ancillaries,2026-09-01,2.0,4.0,6.0,4.0,5.0,Small Cap
Asahi Songwon Colors Ltd.,INE228I01012,532853,ASAHISONG,Materials,Coloring Agents,2026-09-01,3.0,1.0,7.0,5.0,9.0,Small Cap
Asarfi Hospital Ltd,INE0DN001027,543943,,Healthcare,Hospitals & Clinics,2026-09-01,3.0,5.0,5.0,4.0,9.0,Small Cap
Ascensive Educare Ltd.,INE0E4I01019,543443,,Consumer Staples,Education Services,2026-09-01,Unrated,Unrated,Unrated,Unrated,UNRATED,Small Cap
Ascom Leasing & Investments Ltd.,INE08KD01015,,ASCOM,Financial,NBFC - Diversified,2026-09-01,Unrated,Unrated,Unrated,Unrated,UNRATED,Small Cap
Ashapura Logistics Ltd,INE0LAA01017,,ASHALOG,Industrials,Multimodal Logistics,2026-09-01,Unrated,Unrated,Unrated,Unrated,UNRATED,Small Cap
Ashapura Minechem Ltd.,INE348A01023,527001,ASHAPURMIN,Materials,Diversified Mining,2026-09-01,3.0,4.0,7.0,5.0,7.0,Small Cap
Ashapuri Gold Ornament Ltd.,INE05FR01029,542579,,Consumer Discretionary,Gems & Jewellery,2026-09-01,Unrated,Unrated,Unrated,Unrated,1.0,Small Cap
Ashiana Agro Industries Ltd.,INE709D01012,519174,,Materials,Paper Packaging,2026-09-01,Unrated,Unrated,Unrated,Unrated,10.0,Small Cap
Ashiana Housing Ltd.,INE365D01021,523716,ASHIANA,Real Estate,Real Estate Development,2026-09-01,3.0,3.0,6.0,4.0,8.0,Small Cap
Ashika Credit Capital Ltd.,INE094B01013,543766,,Financial,NBFC - Diversified,2026-09-01,2.0,1.0,3.0,4.0,8.0,Small Cap
Ashima Ltd.,INE440A01010,514286,ASHIMASYN,Consumer Discretionary,Synthetic Fabrics,2026-09-01,1.0,1.0,3.0,3.0,6.0,Small Cap
Ashirwad Capital Ltd.,INE894A01026,512247,,Financial,Investment Holding Companies,2026-09-01,Unrated,Unrated,Unrated,Unrated,5.0,Small Cap
Ashirwad Steels & Industries Ltd.,INE338C01012,526847,,Materials,Aluminium Products,2026-09-01,Unrated,Unrated,Unrated,Unrated,4.0,Small Cap
Ashish Polyplast Ltd.,INE831C01016,530429,,Industrials,Other Building Products,2026-09-01,Unrated,Unrated,Unrated,Unrated,5.0,Small Cap
Ashnisha Industries Ltd.,INE694W01024,541702,,Materials,Iron & Steel,2026-09-01,Unrated,Unrated,Unrated,Unrated,6.0,Small Cap
Ashnoor Textile Mills Ltd.,INE372I01018,507872,,Consumer Discretionary,Home Furnishing & Decor,2026-09-01,Unrated,Unrated,Unrated,Unrated,7.0,Small Cap
Ashoka Buildcon Ltd.,INE442H01029,533271,ASHOKA,Industrials,Construction & Engineering - Diversified,2026-09-01,3.0,6.0,7.0,8.0,1.0,Small Cap
Ashoka Metcast Ltd.,INE760Y01011,540923,ASHOKAMET,Industrials,Steel Tubes & Pipes,2026-09-01,Unrated,Unrated,Unrated,Unrated,3.0,Small Cap
Ashoka Refineries Ltd.,INE760M01016,526983,,Diversified,Diversified Trading,2026-08-17,Unrated,Unrated,Unrated,Unrated,UNRATED,Small Cap
Ashok Leyland Ltd.,INE208A01029,500477,ASHOKLEY,Industrials,Commercial Vehicles,2026-09-01,2.0,5.0,4.0,4.0,5.0,Mid Cap
Ashram Online.Com Ltd.,INE293C01019,526187,TATIASKYLN,Healthcare,Alternative Medicine,2026-09-01,Unrated,Unrated,Unrated,Unrated,7.0,Small Cap
Ashwini Container Movers Limit,INE1A6Q01010,,ASHWINI,Industrials,Road Logistics,2026-09-01,4.0,4.0,9.0,6.0,10.0,Small Cap
ASI Industries Ltd.,INE443A01030,502015,ASOCSTONE,Materials,Granite Marble & Stones,2026-09-01,Unrated,Unrated,Unrated,Unrated,4.0,Small Cap
Asia Capital Ltd.,INE131Q01011,538777,,Financial,Miscellaneous Financial Services,2026-09-01,Unrated,Unrated,Unrated,Unrated,10.0,Small Cap
Asian Energy Services Ltd.,INE276G01015,530355,ASIANENE,Energy & Utilities,Oil & Gas Services,2026-09-01,3.0,1.0,6.0,4.0,9.0,Small Cap
Asian Granito India Ltd.,INE022I01019,532888,ASIANTILES,Industrials,Ceramic Tiles and Sanitaryware,2026-09-01,1.0,1.0,4.0,3.0,2.0,Small Cap
Asian Hotels (East) Ltd.,INE926K01017,533227,AHLEAST,Consumer Discretionary,Hotels & Resorts,2026-09-01,Unrated,Unrated,Unrated,Unrated,4.0,Small Cap
Asian Hotels (North) Ltd.,INE363A01022,500023,ASIANHOTNR,Consumer Discretionary,Hotels & Resorts,2026-09-01,2.0,2.0,6.0,2.0,7.0,Small Cap
Asian Hotels (West) Ltd.,INE915K01010,533221,AHLWEST,Consumer Discretionary,Hotels & Resorts,2026-09-01,Unrated,Unrated,Unrated,Unrated,10.0,Small Cap
Asian Paints Ltd.,INE021A01026,500820,ASIANPAINT,Materials,Paints & Varnishes,2026-09-01,4.0,10.0,7.0,4.0,6.0,Large Cap
Asian Petroproducts & Exports Ltd.,INE810M01019,524434,,Materials,Chemical Trading,2026-09-01,Unrated,Unrated,Unrated,Unrated,8.0,Small Cap
Asian Star Company Ltd.,INE194D01017,531847,,Consumer Discretionary,Gems & Jewellery,2026-09-01,2.0,1.0,6.0,5.0,UNRATED,Small Cap
Asian Tea & Exports Ltd.,INE822B01017,519532,,Consumer Staples,Crop Farming,2026-09-01,Unrated,Unrated,Unrated,Unrated,5.0,Small Cap
Asian Warehousing Ltd.,INE04Z101016,543927,,Industrials,Warehousing,2026-09-01,Unrated,Unrated,Unrated,Unrated,5.0,Small Cap
Asia Pack Ltd.,INE784M01016,530899,,Real Estate,Real Estate Services,2026-08-31,Unrated,Unrated,Unrated,Unrated,UNRATED,Small Cap
Asit C Mehta Financial Services Ltd.,INE041B01014,530723,,Financial,Financial Services - Diversified,2026-09-01,Unrated,Unrated,Unrated,Unrated,4.0,Small Cap
ASK Automotive Ltd,INE491J01022,544022,ASKAUTOLTD,Consumer Discretionary,Auto Ancillaries,2026-09-01,3.0,6.0,7.0,3.0,10.0,Small Cap
ASL Industries Ltd.,INE617I01024,,ASLIND,Consumer Discretionary,Automotive Body,2026-09-01,Unrated,Unrated,Unrated,Unrated,UNRATED,Small Cap
ASM Technologies Ltd.,INE867C01010,526433,,Technology,Software & Services - Diversified,2026-09-01,3.0,4.0,8.0,3.0,10.0,Small Cap
Aspinwall And Company Ltd.,INE991I01015,,ASPINWALL,Consumer Staples,Tea & Coffee,2026-09-01,Unrated,Unrated,Unrated,Unrated,7.0,Small Cap
Aspira Pathlab & Diagnostics Ltd.,INE500C01017,540788,,Healthcare,Home Healthcare Services,2026-09-01,Unrated,Unrated,Unrated,Unrated,9.0,Small Cap
Aspire & Innovative Advertising Ltd,INE0S7801010,,ASPIRE,Consumer Discretionary,Online and Direct Retailing,2026-09-01,Unrated,Unrated,Unrated,Unrated,4.0,Small Cap
Assam Entrade Ltd.,INE165G01010,542911,,Financial,NBFC - Diversified,2026-09-01,Unrated,Unrated,Unrated,Unrated,UNRATED,Small Cap
Associated Alcohols & Breweries Ltd.,INE073G01016,507526,ASALCBR,Consumer Staples,Distilleries,2026-09-01,2.0,4.0,2.0,5.0,2.0,Small Cap
Associated Ceramics Ltd.,INE771E01010,531168,,Industrials,Refractories,2026-09-01,Unrated,Unrated,Unrated,Unrated,4.0,Small Cap
Associated Coaters Ltd,INE0RIQ01013,544183,,Industrials,Other Industrial Services,2026-08-25,Unrated,Unrated,Unrated,Unrated,UNRATED,Small Cap
Asston Pharmaceuticals Ltd,INE0SJX01015,544445,,Healthcare,API / Generic Pharmaceuticals,2026-09-01,4.0,5.0,9.0,6.0,7.0,Small Cap
Astec Lifesciences Ltd.,INE563J01010,533138,ASTEC,Materials,Pesticides,2026-09-01,1.0,1.0,4.0,2.0,4.0,Small Cap
Aster DM Healthcare Ltd.,INE914M01019,540975,ASTERDM,Healthcare,Hospitals & Clinics,2026-09-01,3.0,5.0,6.0,1.0,8.0,Mid Cap
Astonea Labs Ltd,INE0TG901011,544409,,Healthcare,Pharmaceuticals - Diversified,2026-09-01,4.0,3.0,10.0,6.0,UNRATED,Small Cap
Astral Ltd.,INE006I01046,532830,ASTRAL,Industrials,Plastic Tubes & Pipes,2026-09-01,3.0,9.0,7.0,4.0,4.0,Mid Cap
Astra Microwave Products Ltd.,INE386C01029,532493,ASTRAMICRO,Technology,Network Equipment & Tools,2026-09-01,2.0,1.0,7.0,2.0,10.0,Small Cap
Astrazeneca Pharma India Ltd.,INE203A01020,506820,ASTRAZEN,Healthcare,Branded Medicines,2026-09-01,2.0,9.0,5.0,3.0,1.0,Small Cap
Astron Multigrain Ltd,INE0RUY01012,544628,,Consumer Staples,Specialised Foods Products,2026-09-01,4.0,5.0,9.0,6.0,6.0,Small Cap
Astron Paper & Board Mill Ltd.,INE646X01014,540824,ASTRON,Materials,Paper & Paper Products,2026-09-01,Unrated,Unrated,Unrated,Unrated,1.0,Small Cap
Atal Realtech Ltd.,INE0ALR01029,543911,ATALREAL,Industrials,Construction & Engineering - Diversified,2026-09-01,2.0,2.0,5.0,1.0,10.0,Small Cap
Atam Valves Ltd.,INE09KD01013,543236,ATAM,Industrials,Valves and Fittings,2026-09-01,Unrated,Unrated,Unrated,Unrated,2.0,Small Cap
ATC Energies System Ltd,INE0V0Q01019,,ATCENERGY,Industrials,Storage Batteries,2026-09-01,Unrated,Unrated,Unrated,Unrated,2.0,Small Cap
Aten Papers & Foam Ltd,INE0XCV01014,544417,,Materials,Paper & Paper Products,2026-08-31,3.0,2.0,7.0,6.0,UNRATED,Small Cap
Atharva Poly-Plast Ltd,INE226801012,544812,,Materials,Plastic Materials,2026-09-01,5.0,10.0,8.0,6.0,UNRATED,Small Cap
Atharv Enterprises Ltd.,INE354E01031,530187,,Financial,NBFC - Diversified,2026-09-01,Unrated,Unrated,Unrated,Unrated,7.0,Small Cap
Athena Global Technologies Ltd.,INE576B01019,517429,,Technology,Software & Services - Diversified,2026-09-01,Unrated,Unrated,Unrated,Unrated,2.0,Small Cap
Ather Energy Ltd,INE0LEZ01016,544397,ATHER,Consumer Discretionary,Motorcycles & Scooters,2026-09-01,2.0,2.0,4.0,1.0,10.0,Small Cap
Atishay Ltd.,INE011R01013,538713,,Technology,Software & Services - Diversified,2026-09-01,Unrated,Unrated,Unrated,Unrated,6.0,Small Cap
Atlanta Ltd.,INE285H01022,532759,ATLANTAA,Industrials,Construction & Engineering - Diversified,2026-09-01,2.0,1.0,6.0,2.0,6.0,Small Cap
Atlanta Electricals Ltd,INE0Z4F01028,544527,ATLANTAELE,Industrials,Transformers & Transmission Equipment,2026-09-01,4.0,6.0,8.0,4.0,10.0,Small Cap
Atlas Cycles (Haryana) Ltd.,INE446A01025,505029,ATLASCYCLE,Consumer Discretionary,Bicycles,2026-09-01,Unrated,Unrated,Unrated,Unrated,6.0,Small Cap
Atmastco Ltd,INE05DH01017,,ATMASTCO,Industrials,Industrial Machinery,2026-09-01,Unrated,Unrated,Unrated,Unrated,5.0,Small Cap
Atul Ltd.,INE100A01010,500027,ATUL,Materials,Diversified Chemicals,2026-09-01,4.0,7.0,7.0,5.0,5.0,Small Cap
Atul Auto Ltd.,INE951D01028,531795,ATULAUTO,Industrials,Commercial Vehicles,2026-09-01,2.0,1.0,7.0,2.0,7.0,Small Cap
Atvo Enterprises Ltd.,INE219M01021,532090,,Consumer Discretionary,Hosiery & Socks,2026-09-01,2.0,1.0,6.0,1.0,10.0,Small Cap
ATV Projects India Ltd.,INE447A01015,500028,ATVPROJ,Industrials,Other Machinery,2026-09-01,Unrated,Unrated,Unrated,Unrated,2.0,Small Cap
Augmont Enterprises Ltd,INE16W401027,544888,AUGMONT,Technology,Financial Technology,2026-09-01,5.0,8.0,7.0,6.0,UNRATED,
Aurangabad Distillery Ltd.,INE448V01019,,AURDIS,Consumer Staples,Distilleries,2026-09-01,Unrated,Unrated,Unrated,Unrated,UNRATED,Small Cap
Aureate Tradde Ltd,INE1KVL01010,544772,,Materials,Petrochemical,2026-09-01,2.0,1.0,7.0,5.0,UNRATED,Small Cap
Aurionpro Solutions Ltd.,INE132H01018,532668,AURIONPRO,Technology,IT Services & Consulting,2026-09-01,3.0,7.0,5.0,7.0,1.0,Small Cap
Aurobindo Pharma Ltd.,INE406A01037,524804,AUROPHARMA,Healthcare,Branded Medicines,2026-09-01,4.0,6.0,7.0,4.0,10.0,Mid Cap
Auro Impex & Chemicals Ltd,INE0NUL01018,,AUROIMPEX,Industrials,Electrodes,2026-09-01,Unrated,Unrated,Unrated,Unrated,3.0,Small Cap
Auro Laboratories Ltd.,INE292C01011,530233,,Healthcare,API / Generic Pharmaceuticals,2026-09-01,Unrated,Unrated,Unrated,Unrated,4.0,Small Cap
Aurum Proptech Ltd.,INE898S01029,539289,AURUM,Technology,IT Services & Consulting,2026-09-01,3.0,4.0,6.0,3.0,9.0,Small Cap
AU Small Finance Bank Ltd.,INE949L01017,540611,AUBANK,Financial,Small Finance Banks,2026-09-01,4.0,7.0,8.0,5.0,8.0,Mid Cap
Ausom Enterprise Ltd.,INE218C01016,509009,AUSOMENT,Financial,Investment Holding Companies,2026-09-01,Unrated,Unrated,Unrated,Unrated,9.0,Small Cap
Austere Systems Ltd,INE104201012,544505,,Technology,IT Services & Consulting,2026-09-01,5.0,8.0,6.0,8.0,1.0,Small Cap
Austin Engineering Company Ltd.,INE759F01012,522005,,Industrials,Ball Bearings,2026-09-01,Unrated,Unrated,Unrated,Unrated,5.0,Small Cap
Authum Investment & Infrastructure Ltd.,INE206F01022,539177,AIIL,Financial,Brokerage Services,2026-09-01,4.0,9.0,7.0,5.0,4.0,Mid Cap
Autofurnish Ltd,INE18HI01019,544767,,Consumer Discretionary,Auto Ancillaries,2026-09-01,Unrated,Unrated,Unrated,Unrated,UNRATED,Small Cap
Autoline Industries Ltd.,INE718H01014,532797,AUTOIND,Consumer Discretionary,Auto Ancillaries,2026-09-01,2.0,1.0,7.0,2.0,8.0,Small Cap
Automobile Corporation of Goa Ltd.,INE451C01013,505036,AUTOCORP,Industrials,Commercial Vehicles,2026-09-01,5.0,8.0,8.0,6.0,6.0,Small Cap
Automotive Axles Ltd.,INE449A01011,505010,AUTOAXLES,Consumer Discretionary,Automotive Body,2026-09-01,4.0,5.0,7.0,8.0,4.0,Small Cap
Automotive Stampings and Assemblies Ltd.,INE900C01027,520119,ASAL,Consumer Discretionary,Automotive Accessories,2026-09-01,5.0,8.0,9.0,7.0,7.0,Small Cap
Auto Pins (India) Ltd.,INE706C01028,531994,,Consumer Discretionary,Auto Ancillaries,2026-09-01,Unrated,Unrated,Unrated,Unrated,UNRATED,Small Cap
Autoriders International Ltd.,INE340U01010,512277,,Industrials,Multimodal Logistics,2026-09-01,Unrated,Unrated,Unrated,Unrated,5.0,Small Cap
Avadh Sugar & Energy Ltd.,INE349W01017,540649,AVADHSUGAR,Consumer Staples,Sugar,2026-09-01,3.0,2.0,6.0,4.0,10.0,Small Cap
Available Finance Ltd.,INE325G01010,531310,,Financial,NBFC - Diversified,2026-09-01,Unrated,Unrated,Unrated,Unrated,4.0,Small Cap
Avalon Technologies Ltd.,INE0LCL01028,543896,AVALON,Industrials,Electronic Components,2026-09-01,3.0,3.0,7.0,2.0,10.0,Small Cap
Avana Electrosystems Ltd,INE1KU201016,,AVANA,Industrials,Electronic Equipment,2026-09-01,4.0,5.0,10.0,6.0,10.0,Small Cap
Avance Technologies Ltd.,INE758A01072,512149,,Technology,Software & Services - Diversified,2026-09-01,Unrated,Unrated,Unrated,Unrated,2.0,Small Cap
Avantel Ltd.,INE005B01027,532406,AVANTEL,Technology,Network Equipment & Tools,2026-09-01,1.0,3.0,4.0,1.0,7.0,Small Cap
Avanti Feeds Ltd.,INE871C01038,512573,AVANTIFEED,Consumer Staples,Aquaculture,2026-09-01,4.0,9.0,6.0,6.0,4.0,Small Cap
Avasara Finance Ltd.,INE759D01017,511730,,Financial,NBFC - Diversified,2026-08-31,Unrated,Unrated,Unrated,Unrated,UNRATED,Small Cap
Avax Apparels And Ornaments Ltd,INE0NQ401024,544337,,Consumer Discretionary,Apparels & Footwear - Diversified,2026-08-31,Unrated,Unrated,Unrated,Unrated,UNRATED,Small Cap
Aveer Foods Ltd.,INE09BN01011,543737,AVEER,Consumer Staples,Food Processing - Diversified,2026-09-01,Unrated,Unrated,Unrated,Unrated,6.0,Small Cap
Avenue Supermarts Ltd.,INE192R01011,540376,DMART,Consumer Staples,Food & Staples Retailing - Diversified,2026-09-01,3.0,8.0,7.0,3.0,3.0,Large Cap
AVG Logistics Ltd.,INE680Z01018,543910,AVG,Industrials,Road Logistics,2026-09-01,3.0,1.0,6.0,5.0,8.0,Small Cap
Avi Ansh Textile Ltd,INE0TFB01017,,AVIANSH,Consumer Discretionary,Yarn,2026-09-01,Unrated,Unrated,Unrated,Unrated,4.0,Small Cap
Avience Biomedicals Ltd,INE0V9I01017,,AVIENCE,Healthcare,Medical Devices & Equipment,2026-09-01,5.0,8.0,9.0,8.0,UNRATED,Small Cap
AVI Products India Ltd.,INE316O01021,523896,,Industrials,Electronic Equipment,2026-08-31,Unrated,Unrated,Unrated,Unrated,UNRATED,Small Cap
Joy Realty Ltd.,INE433O01024,508929,,Real Estate,Real Estate Development,2026-08-24,Unrated,Unrated,Unrated,Unrated,UNRATED,Small Cap
Aviva Industries Ltd.,INE461H01011,512109,,Consumer Discretionary,Integrated Textiles,2026-08-27,Unrated,Unrated,Unrated,Unrated,UNRATED,Small Cap
Avonmore Capital & Management Services Ltd.,INE323B01024,511589,AVONMORE,Financial,Consumer Financing,2026-09-01,3.0,8.0,3.0,6.0,3.0,Small Cap
AVP Infracon Ltd,INE0R9401019,,AVPINFRA,Industrials,Road & Highway Construction,2026-09-01,Unrated,Unrated,Unrated,Unrated,1.0,Small Cap
Avro India Ltd.,INE652Z01025,543512,AVROIND,Consumer Discretionary,Home Furnitures,2026-09-01,Unrated,Unrated,Unrated,Unrated,3.0,Small Cap
AVSL Industries Ltd.,INE522V01011,,AVSL,Materials,Wood & Wood Products,2026-09-01,Unrated,Unrated,Unrated,Unrated,UNRATED,Small Cap
AVT Natural Products Ltd.,INE488D01021,519105,AVTNPL,Consumer Staples,Food Processing - Diversified,2026-09-01,4.0,3.0,8.0,6.0,9.0,Small Cap
Awfis Space Solutions Ltd,INE108V01019,544181,AWFIS,Industrials,Other Business Services,2026-09-01,4.0,8.0,8.0,6.0,2.0,Small Cap
AWL Agri Business Ltd.,INE699H01024,543458,AWL,Consumer Staples,Food Processing - Diversified,2026-09-01,4.0,7.0,7.0,6.0,2.0,Small Cap
Axel Polymers Ltd.,INE197C01012,513642,,Materials,Speciality Chemicals - Diversified,2026-09-01,Unrated,Unrated,Unrated,Unrated,7.0,Small Cap
Axis Bank Ltd.,INE238A01034,532215,AXISBANK,Financial,Banks - Diversified,2026-09-01,4.0,6.0,8.0,7.0,5.0,Large Cap
Axiscades Technologies Ltd.,INE555B01013,532395,AXISCADES,Industrials,Professional Services,2026-09-01,2.0,2.0,6.0,1.0,8.0,Small Cap
Axis Solutions Ltd.,INE520G01016,511144,,Technology,IT Services & Consulting,2026-09-01,Unrated,Unrated,Unrated,Unrated,UNRATED,Small Cap
Axita Cotton Ltd.,INE02EZ01022,542285,AXITA,Consumer Discretionary,Integrated Textiles,2026-09-01,Unrated,Unrated,Unrated,Unrated,2.0,Small Cap
Axtel Industries Ltd.,INE767C01012,523850,,Industrials,Industrial Machinery,2026-09-01,5.0,10.0,7.0,6.0,6.0,Small Cap
Aye Finance Ltd,INE501X01029,544699,AYE,Financial,NBFC - Diversified,2026-09-01,Unrated,Unrated,Unrated,Unrated,UNRATED,Small Cap
AYM Syntex Ltd.,INE193B01039,508933,AYMSYNTEX,Consumer Discretionary,Yarn,2026-09-01,2.0,2.0,7.0,3.0,9.0,Small Cap
Azad Engineering Ltd,INE02IJ01035,544061,AZAD,Industrials,Defence & Aerospace Parts,2026-09-01,2.0,2.0,4.0,2.0,9.0,Small Cap
Aztec Fluids & Machinery Ltd,INE0SCB01016,544177,,Industrials,Other Machinery,2026-09-01,Unrated,Unrated,Unrated,Unrated,6.0,Small Cap
B2B Software Technologies Ltd.,INE151B01011,531268,,Technology,Software & Services - Diversified,2026-09-01,Unrated,Unrated,Unrated,Unrated,2.0,Small Cap
B&A Ltd.,INE489D01011,508136,,Consumer Staples,Tea & Coffee,2026-09-01,Unrated,Unrated,Unrated,Unrated,UNRATED,Small Cap
Baazar Style Retail Ltd,INE01FR01028,544243,BZRSTYL,Consumer Discretionary,Apparel & Accessories Retail,2026-09-01,2.0,2.0,6.0,3.0,8.0,Small Cap
Baba Arts Ltd.,INE893A01036,532380,,Consumer Discretionary,Movie & TV Production & Distribution,2026-09-01,Unrated,Unrated,Unrated,Unrated,9.0,Small Cap
Baba Food Processing (India) Ltd,INE0QW501012,,BABAFP,Consumer Staples,Other Agriculture Products,2026-09-01,Unrated,Unrated,Unrated,Unrated,4.0,Small Cap
Bacil Pharma Ltd.,INE711D01018,524516,,Healthcare,Pharmaceuticals - Diversified,2026-09-01,Unrated,Unrated,Unrated,Unrated,1.0,Small Cap
Bafna Pharmaceuticals Ltd.,INE878I01022,532989,BAFNAPH,Healthcare,Branded Medicines,2026-09-01,2.0,2.0,6.0,1.0,10.0,Small Cap
B.A.G. Convergence Ltd,INE17CQ01015,,BAGDIGITAL,Consumer Discretionary,Digital Entertainment,2026-09-01,5.0,10.0,7.0,6.0,1.0,Small Cap
B.A.G. Films and Media Ltd.,INE116D01028,532507,BAGFILMS,Consumer Discretionary,Television Broadcasting,2026-09-01,Unrated,Unrated,Unrated,Unrated,2.0,Small Cap
Baheti Recycling Industries Ltd.,INE029Q01017,,BAHETI,Materials,Coal & Lignite,2026-09-01,Unrated,Unrated,Unrated,Unrated,10.0,Small Cap
Baid Finserv Ltd.,INE020D01022,511724,BAIDFIN,Financial,Leasing and Hire Purchase,2026-09-01,Unrated,Unrated,Unrated,Unrated,4.0,Small Cap
Bai-Kakaji Polymers,INE1IJQ01026,544670,,Materials,Plastic Materials,2026-09-01,4.0,4.0,9.0,5.0,10.0,Small Cap
Bajaj Auto Ltd.,INE917I01010,532977,BAJAJ-AUTO,Consumer Discretionary,Cars & Multi Utility Vehicles,2026-09-01,4.0,8.0,8.0,3.0,9.0,Large Cap
Bajaj Consumer Care Ltd.,INE933K01021,533229,BAJAJCON,Consumer Staples,Household & Personal Products - Diversified,2026-09-01,5.0,10.0,7.0,3.0,9.0,Small Cap
Bajaj Electricals Ltd.,INE193E01025,500031,BAJAJELEC,Consumer Discretionary,Household Appliances,2026-09-01,2.0,3.0,6.0,5.0,2.0,Small Cap
Bajaj Finance Ltd.,INE296A01032,500034,BAJFINANCE,Financial,Consumer Financing,2026-09-01,5.0,10.0,7.0,5.0,7.0,Large Cap
Bajaj Finserv Ltd.,INE918I01026,532978,BAJAJFINSV,Financial,Miscellaneous Financial Services,2026-09-01,Unrated,Unrated,Unrated,Unrated,5.0,Large Cap
Bajaj Healthcare Ltd.,INE411U01027,539872,BAJAJHCARE,Healthcare,API / Generic Pharmaceuticals,2026-09-01,2.0,1.0,5.0,5.0,4.0,Small Cap
Bajaj Hindusthan Sugar Ltd.,INE306A01021,500032,BAJAJHIND,Consumer Staples,Sugar,2026-09-01,2.0,1.0,5.0,3.0,8.0,Small Cap
Bajaj Holdings & Investment Ltd.,INE118A01012,500490,BAJAJHLDNG,Financial,Investment Holding Companies,2026-09-01,4.0,9.0,8.0,6.0,4.0,Large Cap
Bajaj Housing Finance Ltd,INE377Y01014,544252,BAJAJHFL,Financial,Mortgage/Housing Finance,2026-09-01,3.0,8.0,7.0,6.0,2.0,Mid Cap
Bajaj Steel Industries Ltd.,INE704G01024,507944,,Industrials,Industrial Machinery,2026-09-01,3.0,7.0,4.0,7.0,3.0,Small Cap
Bajel Projects Ltd.,INE0KQN01018,544042,BAJEL,Industrials,Energy & Power Projects,2026-09-01,1.0,1.0,3.0,3.0,7.0,Small Cap
Shri Bajrang Alliance Ltd.,INE402H01015,526981,,Materials,Aluminium Products,2026-09-01,Unrated,Unrated,Unrated,Unrated,6.0,Small Cap
Balaji Amines Ltd.,INE050E01027,530999,BALAMINES,Materials,Speciality Chemicals - Diversified,2026-09-01,4.0,6.0,6.0,4.0,10.0,Small Cap
Balaji Phosphates Ltd,INE0PQ601019,,BALAJIPHOS,Materials,Fertilisers,2026-09-01,Unrated,Unrated,Unrated,Unrated,1.0,Small Cap
Balaji Telefilms Ltd.,INE794B01026,532382,BALAJITELE,Consumer Discretionary,Movie & TV Production & Distribution,2026-09-01,1.0,1.0,6.0,2.0,6.0,Small Cap
Shri Balaji Valve Components Ltd,INE0RNZ01014,544074,,Industrials,Valves and Fittings,2026-09-01,Unrated,Unrated,Unrated,Unrated,8.0,Small Cap
Balaxi Pharmaceuticals Ltd.,INE618N01022,,BALAXI,Healthcare,Pharmaceuticals - Diversified,2026-09-01,Unrated,Unrated,Unrated,Unrated,5.0,Small Cap
Balgopal Commercial Ltd.,INE119R01014,539834,,Financial,Commercial Financing,2026-09-01,3.0,4.0,5.0,5.0,7.0,Small Cap
Balkrishna Industries Ltd.,INE787D01026,502355,BALKRISIND,Consumer Discretionary,Tyres & Tubes,2026-09-01,3.0,5.0,7.0,5.0,3.0,Mid Cap
Balkrishna Paper Mills Ltd.,INE875R01011,539251,BALKRISHNA,Materials,Paper & Paper Products,2026-09-01,Unrated,Unrated,Unrated,Unrated,6.0,Small Cap
Balmer Lawrie & Company Ltd.,INE164A01016,523319,BALMLAWRIE,Diversified,Diversified Others,2026-09-01,3.0,6.0,6.0,7.0,4.0,Small Cap
Balmer Lawrie Investments Ltd.,INE525F01025,532485,,Financial,Investment Holding Companies,2026-09-01,3.0,7.0,5.0,7.0,4.0,Small Cap
Bal Pharma Ltd.,INE083D01012,524824,BALPHARMA,Healthcare,Branded Medicines,2026-09-01,Unrated,Unrated,Unrated,Unrated,8.0,Small Cap
Balrampur Chini Mills Ltd.,INE119A01028,500038,BALRAMCHIN,Consumer Staples,Sugar,2026-09-01,3.0,5.0,6.0,3.0,9.0,Small Cap
Balu Forge Industries Ltd.,INE011E01029,531112,BALUFORGE,Materials,Castings & Forgings,2026-09-01,4.0,7.0,8.0,6.0,7.0,Small Cap
Balurghat Technologies Ltd.,INE654B01014,520127,BALURTRANS,Industrials,Multimodal Logistics,2026-09-01,Unrated,Unrated,Unrated,Unrated,5.0,Small Cap
Bambino Agro Industries Ltd.,INE921D01013,519295,,Consumer Staples,Food Processing - Diversified,2026-09-01,Unrated,Unrated,Unrated,Unrated,6.0,Small Cap
Bampsl Securities Ltd.,INE802A01037,531591,,Financial,NBFC - Diversified,2026-09-01,Unrated,Unrated,Unrated,Unrated,6.0,Small Cap
Banaras Beads Ltd.,INE655B01011,526849,BANARBEADS,Consumer Discretionary,Gems & Jewellery,2026-09-01,Unrated,Unrated,Unrated,Unrated,6.0,Small Cap
Banas Finance Ltd.,INE521L01030,509053,,Financial,Financial Services - Diversified,2026-09-01,Unrated,Unrated,Unrated,Unrated,6.0,Small Cap
Banco Products (India) Ltd.,INE213C01025,500039,BANCOINDIA,Consumer Discretionary,Auto Ancillaries,2026-09-01,4.0,6.0,7.0,6.0,6.0,Small Cap
Bandaram Pharma Packtech Ltd.,INE875N01036,524602,,Materials,Paper & Paper Products,2026-09-01,Unrated,Unrated,Unrated,Unrated,2.0,Small Cap
Bandhan Bank Ltd.,INE545U01014,541153,BANDHANBNK,Financial,Corporate Banks,2026-09-01,4.0,8.0,6.0,6.0,4.0,Small Cap
Bangalore Fort Farms Ltd.,INE578R01011,539120,,Consumer Discretionary,Jute Products,2026-09-01,Unrated,Unrated,Unrated,Unrated,9.0,Small Cap
Banganga Paper Industries Ltd.,INE767M01029,512025,INERTIAST,Materials,Metal Trading,2026-09-01,1.0,1.0,4.0,2.0,1.0,Small Cap
Bang Overseas Ltd.,INE863I01016,532946,BANG,Consumer Discretionary,Miscellaneous Textiles,2026-09-01,Unrated,Unrated,Unrated,Unrated,2.0,Small Cap
Banka Bioloo Ltd.,INE862Y01015,,BANKA,Industrials,Water & Sewage Construction,2026-09-01,Unrated,Unrated,Unrated,Unrated,8.0,Small Cap
Bank Of Baroda,INE028A01039,532134,BANKBARODA,Financial,Banks - Diversified,2026-09-01,4.0,5.0,8.0,8.0,2.0,Large Cap
Bank Of India,INE084A01016,532149,BANKINDIA,Financial,Banks - Diversified,2026-09-01,3.0,3.0,7.0,8.0,4.0,Mid Cap
Bannari Amman Spinning Mills Ltd.,INE186H01022,532674,BASML,Consumer Discretionary,Yarn,2026-09-01,Unrated,Unrated,Unrated,Unrated,6.0,Small Cap
Bannari Amman Sugars Ltd.,INE459A01010,500041,BANARISUG,Consumer Staples,Sugar,2026-09-01,3.0,8.0,6.0,4.0,7.0,Small Cap
Bansal Roofing Products Ltd.,INE319Q01012,538546,,Industrials,Other Building Products,2026-09-01,Unrated,Unrated,Unrated,Unrated,8.0,Small Cap
Bansal Wire Industries Ltd,INE0B9K01025,544209,BANSALWIRE,Materials,Steel Wires,2026-09-01,3.0,3.0,6.0,5.0,8.0,Small Cap
Bansisons Tea Industries Ltd.,INE856E01019,519353,,Consumer Staples,Tea & Coffee,2026-08-31,Unrated,Unrated,Unrated,Unrated,UNRATED,Small Cap
Banswara Syntex Ltd.,INE629D01020,503722,BANSWRAS,Consumer Discretionary,Miscellaneous Textiles,2026-09-01,3.0,1.0,7.0,6.0,6.0,Small Cap
B&A Packaging India Ltd.,INE00FM01013,523186,,Materials,Paper Packaging,2026-09-01,Unrated,Unrated,Unrated,Unrated,7.0,Small Cap
Barak Valley Cements Ltd.,INE139I01011,532916,BVCL,Materials,Cement,2026-09-01,Unrated,Unrated,Unrated,Unrated,6.0,Small Cap
Barflex Polyfilms Ltd,INE0QX401014,,BARFLEX,Materials,Plastic Packaging,2026-09-01,Unrated,Unrated,Unrated,Unrated,4.0,Small Cap
Baroda Extrusion Ltd.,INE927K01023,513502,,Materials,Other Metal Products,2026-09-01,Unrated,Unrated,Unrated,Unrated,7.0,Small Cap
Baroda Rayon Corporation Ltd.,INE461A01024,500270,BARODARAYN,Real Estate,Real Estate - Diversified,2026-09-01,Unrated,Unrated,Unrated,Unrated,7.0,Small Cap
Bartronics India Ltd.,INE855F01042,532694,ASMS,Technology,IT Services & Consulting,2026-09-01,Unrated,Unrated,Unrated,Unrated,1.0,Small Cap
Basant Agro Tech (India) Ltd.,INE473E01021,524687,,Materials,Fertilisers,2026-09-01,Unrated,Unrated,Unrated,Unrated,6.0,Small Cap
BASF India Ltd.,INE373A01013,500042,BASF,Materials,Commodity Chemicals - Diversified,2026-09-01,2.0,4.0,3.0,5.0,5.0,Small Cap
Basilic Fly Studio Ltd,INE0OCC01013,,BASILIC,Consumer Discretionary,Entertainment Production,2026-09-01,1.0,1.0,3.0,6.0,1.0,Small Cap
Bata India Ltd.,INE176A01028,500043,BATAINDIA,Consumer Discretionary,Footwear,2026-09-01,3.0,9.0,6.0,6.0,1.0,Small Cap
Batliboi Ltd.,INE177C01022,522004,BATLIBOI,Industrials,Industrial Machinery,2026-09-01,2.0,1.0,8.0,5.0,5.0,Small Cap
Baweja Studios Ltd,INE0JFJ01011,,BAWEJA,Consumer Discretionary,Movie & TV Production & Distribution,2026-09-01,Unrated,Unrated,Unrated,Unrated,2.0,Small Cap
Bayer CropScience Ltd.,INE462A01022,506285,BAYERCROP,Materials,Pesticides,2026-09-01,3.0,9.0,7.0,6.0,1.0,Small Cap
Bazel International Ltd.,INE217E01014,539946,,Financial,NBFC - Diversified,2026-09-01,Unrated,Unrated,Unrated,Unrated,2.0,Small Cap
B&B Triplewall Containers Ltd.,INE01EE01011,543668,BBTCL,Materials,Paper Packaging,2026-09-01,3.0,2.0,5.0,5.0,9.0,Small Cap
BCC Fuba India Ltd.,INE788D01016,517246,,Industrials,Electronic Components,2026-09-01,3.0,5.0,8.0,3.0,9.0,Small Cap
BCL Industries Ltd.,INE412G01024,524332,BCLIND,Consumer Staples,Edible Oil,2026-09-01,3.0,3.0,5.0,6.0,8.0,Small Cap
BCL Enterprises Ltd.,INE368E01023,539621,,Financial,NBFC - Diversified,2026-08-31,Unrated,Unrated,Unrated,Unrated,UNRATED,Small Cap
BCPL Railway Infrastructure Ltd.,INE00SW01015,542057,BCPL,Industrials,Railway Construction,2026-09-01,Unrated,Unrated,Unrated,Unrated,6.0,Small Cap
B.C. Power Controls Ltd.,INE905P01028,537766,BCP,Industrials,Wires & Cables,2026-09-01,Unrated,Unrated,Unrated,Unrated,6.0,Small Cap
BDH Industries Ltd.,INE278D01018,524828,MBIND,Healthcare,Branded Medicines,2026-09-01,Unrated,Unrated,Unrated,Unrated,9.0,Small Cap
B. D. Industries (Pune) Ltd,INE1LJ801017,544468,,Materials,Plastic Materials,2026-08-31,4.0,6.0,9.0,6.0,UNRATED,Small Cap
Beacon Trusteeship Ltd,INE639X01027,,BEACON,Financial,"Clearing, Settlement & Custodial Service",2026-09-01,Unrated,Unrated,Unrated,Unrated,8.0,Small Cap
Beardsell Ltd.,INE520H01022,539447,BEARDSELL,Diversified,Diversified Others,2026-09-01,Unrated,Unrated,Unrated,Unrated,5.0,Small Cap
Bedmutha Industries Ltd.,INE844K01012,533270,BEDMUTHA,Materials,Steel Wires,2026-09-01,1.0,1.0,8.0,3.0,2.0,Small Cap
Beekay Niryat Ltd.,INE679E01015,539546,,Consumer Discretionary,Textiles & Leather Trading,2026-09-01,3.0,5.0,5.0,3.0,10.0,Small Cap
Beekay Steel Industries Ltd.,INE213D01015,539018,,Materials,Iron & Steel,2026-09-01,4.0,5.0,6.0,7.0,6.0,Small Cap
Beezaasan Explotech Ltd,INE13VU01016,544369,,Materials,Explosives,2026-09-01,Unrated,Unrated,Unrated,Unrated,10.0,Small Cap
Behari Lal Engineering Ltd,INE1EEM01017,544870,BLEL,Materials,Castings & Forgings,2026-09-01,3.0,6.0,5.0,6.0,UNRATED,
Belding India Ltd.,INE363L01029,513307,,Materials,Aluminium,2026-09-01,3.0,1.0,5.0,6.0,9.0,Small Cap
Bella Casa Fashion & Retail Ltd.,INE344T01014,539399,BELLACASA,Consumer Discretionary,Home Furnishing & Decor,2026-09-01,2.0,3.0,7.0,6.0,2.0,Small Cap
Belrise Industries Ltd,INE894V01022,544405,BELRISE,Consumer Discretionary,Automotive Systems,2026-09-01,3.0,2.0,7.0,6.0,9.0,Small Cap
Bemco Hydraulics Ltd.,INE142E01022,522650,,Industrials,Industrial Machinery,2026-09-01,3.0,7.0,4.0,4.0,7.0,Small Cap
BEML Ltd.,INE258A01024,500048,BEML,Industrials,Heavy Machinery & Earthmovers,2026-09-01,1.0,1.0,6.0,3.0,5.0,Small Cap
BEML Land Assets Ltd.,INE0N7W01012,543898,BLAL,Real Estate,Real Estate Services,2026-09-01,1.0,3.0,4.0,3.0,2.0,Small Cap
Benares Hotels Ltd.,INE664D01019,509438,,Consumer Discretionary,Hotels & Resorts,2026-09-01,5.0,10.0,8.0,5.0,9.0,Small Cap
Benchmark Computer Solutions Ltd,INE0Q2Z01013,544052,,Technology,IT Services & Consulting,2026-09-01,Unrated,Unrated,Unrated,Unrated,UNRATED,Small Cap
Bengal & Assam Company Ltd.,INE083K01017,533095,,Financial,NBFC - Diversified,2026-09-01,3.0,4.0,5.0,7.0,UNRATED,Small Cap
Bengal Tea & Fabrics Ltd.,INE665D01016,532230,,Consumer Staples,Tea & Coffee,2026-09-01,Unrated,Unrated,Unrated,Unrated,5.0,Small Cap
Berger Paints India Ltd.,INE463A01038,509480,BERGEPAINT,Materials,Paints & Varnishes,2026-09-01,4.0,10.0,6.0,4.0,6.0,Mid Cap
Bervin Investment & Leasing Ltd.,INE348I01018,531340,,Financial,NBFC - Diversified,2026-09-01,Unrated,Unrated,Unrated,Unrated,4.0,Small Cap
Beryl Drugs Ltd.,INE415H01017,524606,,Healthcare,Pharmaceuticals - Diversified,2026-09-01,Unrated,Unrated,Unrated,Unrated,7.0,Small Cap
Beryl Securities Ltd.,INE508J01015,531582,,Financial,NBFC - Diversified,2026-09-01,Unrated,Unrated,Unrated,Unrated,8.0,Small Cap
Best Agrolife Ltd.,INE052T01021,539660,BESTAGRO,Materials,Pesticides,2026-09-01,2.0,1.0,3.0,6.0,6.0,Small Cap
Best Eastern Hotels Ltd.,INE553F01035,508664,,Consumer Discretionary,Hotels & Resorts,2026-09-01,Unrated,Unrated,Unrated,Unrated,9.0,Small Cap
Beta Drugs Ltd.,INE351Y01019,,BETA,Healthcare,Pharmaceuticals - Diversified,2026-09-01,Unrated,Unrated,Unrated,Unrated,10.0,Small Cap
Betex India Ltd.,INE765L01017,512477,,Consumer Discretionary,Silk Textiles,2026-09-01,Unrated,Unrated,Unrated,Unrated,8.0,Small Cap
BEW Engineering Ltd.,INE0HQI01014,,BEWLTD,Industrials,Industrial Machinery,2026-09-01,Unrated,Unrated,Unrated,Unrated,1.0,Small Cap
BF Investment Ltd.,INE878K01010,533303,BFINVEST,Financial,Investment Holding Companies,2026-09-01,5.0,8.0,9.0,8.0,7.0,Small Cap
BFL Asset Finvest Ltd.,INE948Q01018,539662,,Financial,Miscellaneous Financial Services,2026-09-01,Unrated,Unrated,Unrated,Unrated,2.0,Small Cap
BF Utilities Ltd.,INE243D01012,532430,BFUTILITIE,Industrials,Construction & Engineering - Diversified,2026-09-01,3.0,6.0,6.0,4.0,5.0,Small Cap
BGIL Films & Technologies Ltd.,INE443D01018,511664,,Consumer Discretionary,Media & Entertainment Conglomerate,2026-09-01,Unrated,Unrated,Unrated,Unrated,1.0,Small Cap
BGR Energy Systems Ltd.,INE661I01014,532930,BGRENERGY,Industrials,Construction & Engineering - Diversified,2026-09-01,Unrated,Unrated,Unrated,Unrated,7.0,Small Cap
Bhadora Industries Ltd,INE0ZRC01017,,BHADORA,Industrials,Wires & Cables,2026-09-01,5.0,7.0,9.0,6.0,9.0,Small Cap
Bhagawati Gas Ltd.,INE099C01010,500051,BAGWATIGAS,Materials,Industrial Gases,2026-09-01,Unrated,Unrated,Unrated,Unrated,UNRATED,Small Cap
Bhagawati Oxygen Ltd.,INE026I01010,509449,,Materials,Industrial Gases,2026-09-01,Unrated,Unrated,Unrated,Unrated,5.0,Small Cap
Bhageria Industries Ltd.,INE354C01027,530803,BHAGERIA,Materials,Coloring Agents,2026-09-01,4.0,5.0,7.0,5.0,9.0,Small Cap
Bhagiradha Chemicals & Industries Ltd.,INE414D01027,531719,BHAGCHEM,Materials,Pesticides,2026-09-01,2.0,1.0,6.0,3.0,9.0,Small Cap
Bhagwati Autocast Ltd.,INE106G01014,504646,,Materials,Iron & Steel,2026-09-01,Unrated,Unrated,Unrated,Unrated,9.0,Small Cap
Bhagyanagar India Ltd.,INE458B01036,512296,BHAGYANGR,Materials,Other Metal Products,2026-09-01,2.0,1.0,6.0,3.0,10.0,Small Cap
Bhakti Gems & Jewellery Ltd.,INE986W01016,540545,,Consumer Discretionary,Gems & Jewellery,2026-09-01,Unrated,Unrated,Unrated,Unrated,5.0,Small Cap
Bhandari Hosiery Exports Ltd.,INE474E01029,512608,BHANDARI,Consumer Discretionary,Hosiery & Socks,2026-09-01,Unrated,Unrated,Unrated,Unrated,2.0,Small Cap
Bhanderi Infracon Ltd.,INE336Q01016,538576,,Real Estate,Real Estate - Diversified,2026-09-01,Unrated,Unrated,Unrated,Unrated,UNRATED,Small Cap
Bhansali Engineering Polymers Ltd.,INE922A01025,500052,BEPL,Materials,Plastic Materials,2026-09-01,5.0,9.0,7.0,7.0,9.0,Small Cap
Bharat Agri Fert & Realty Ltd.,INE842D01029,531862,,Materials,Fertilisers,2026-09-01,Unrated,Unrated,Unrated,Unrated,3.0,Small Cap
Bharat Bhushan Finance & Commodity Brokers Ltd.,INE900A01013,511501,,Financial,NBFC - Diversified,2026-09-01,Unrated,Unrated,Unrated,Unrated,4.0,Small Cap
Bharat Bijlee Ltd.,INE464A01036,503960,BBL,Industrials,Motors & Generators,2026-09-01,2.0,2.0,5.0,6.0,4.0,Small Cap
Bharat Coking Coal Ltd,INE05XR01022,544678,BHARATCOAL,Materials,Coal & Lignite,2026-09-01,2.0,7.0,6.0,1.0,2.0,Small Cap
Bharat Dynamics Ltd.,INE171Z01026,541143,BDL,Industrials,Defence & Aerospace Diversified,2026-09-01,3.0,9.0,5.0,3.0,5.0,Mid Cap
Bharat Electronics Ltd.,INE263A01024,500049,BEL,Industrials,Defence & Aerospace Diversified,2026-09-01,3.0,9.0,6.0,3.0,4.0,Large Cap
Bharat Forge Ltd.,INE465A01025,500493,BHARATFORG,Consumer Discretionary,Auto Ancillaries,2026-09-01,2.0,1.0,6.0,3.0,10.0,Mid Cap
Bharat Gears Ltd.,INE561C01019,505688,BHARATGEAR,Consumer Discretionary,Auto Ancillaries,2026-09-01,Unrated,Unrated,Unrated,Unrated,6.0,Small Cap
Bharat Heavy Electricals Ltd.,INE257A01026,500103,BHEL,Industrials,Industrial Machinery,2026-09-01,2.0,1.0,8.0,2.0,10.0,Large Cap
Bharat Immunologicals & Biologicals Corporation Ltd.,INE994B01014,524663,,Healthcare,Biotechnology,2026-09-01,Unrated,Unrated,Unrated,Unrated,3.0,Small Cap
Bharatiya Global Infomedia Ltd.,INE224M01013,533499,BGLOBAL,Technology,Software & Services - Diversified,2026-08-31,Unrated,Unrated,Unrated,Unrated,UNRATED,Small Cap
Bharat Parenterals Ltd.,INE365Y01019,541096,,Healthcare,Branded Medicines,2026-09-01,1.0,1.0,3.0,2.0,8.0,Small Cap
Bharat Petroleum Corporation Ltd.,INE029A01011,500547,BPCL,Energy & Utilities,Oil & Gas - Diversified,2026-09-01,4.0,7.0,6.0,9.0,2.0,Large Cap
Bharat Rasayan Ltd.,INE838B01021,590021,BHARATRAS,Materials,Pesticides,2026-09-01,3.0,5.0,5.0,7.0,4.0,Small Cap
Bharat Road Network Ltd.,INE727S01012,540700,BRNL,Industrials,Road & Highway Construction,2026-09-01,Unrated,Unrated,Unrated,Unrated,4.0,Small Cap
BharatRohan Airborne Innovations Ltd,INE0QMV01017,544535,,Consumer Staples,Agriculture & Farming Services,2026-09-01,3.0,2.0,7.0,6.0,8.0,Small Cap
Bharat Seats Ltd.,INE415D01024,523229,BHARATSE,Consumer Discretionary,Automotive Accessories,2026-09-01,3.0,5.0,8.0,3.0,9.0,Small Cap
Bharat Textiles & Proofing Industries Ltd.,INE201N01019,531029,,Consumer Discretionary,Integrated Textiles,2026-08-31,Unrated,Unrated,Unrated,Unrated,UNRATED,Small Cap
Bharat Wire Ropes Ltd.,INE316L01019,539799,BHARATWIRE,Materials,Steel Wires,2026-09-01,3.0,2.0,6.0,5.0,7.0,Small Cap
Bharti Airtel Ltd.,INE397D01024,532454,BHARTIARTL,Technology,Telecom Services - Diversified,2026-09-01,4.0,8.0,7.0,6.0,4.0,Large Cap
Bharti Hexacom Ltd.,INE343G01021,544162,BHARTIHEXA,Technology,Telecom Services - Diversified,2026-09-01,3.0,9.0,7.0,3.0,3.0,Mid Cap
Bhartiya International Ltd.,INE828A01016,526666,BIL,Consumer Discretionary,Leather Processing,2026-09-01,1.0,1.0,7.0,2.0,6.0,Small Cap
Bhaskar Agrochemicals Ltd.,INE972C01018,524534,,Materials,Pesticides,2026-09-01,Unrated,Unrated,Unrated,Unrated,5.0,Small Cap
Bhatia Colour Chem Ltd.,INE0KQ001017,543497,,Materials,Coloring Agents,2026-09-01,Unrated,Unrated,Unrated,Unrated,UNRATED,Small Cap
Bhatia Communications & Retail (India) Ltd.,INE341Z01025,540956,,Consumer Discretionary,Computer & Electronics Retail,2026-09-01,3.0,4.0,6.0,6.0,9.0,Small Cap
Bhavik Enterprises Ltd,INE18PB01017,544551,,Materials,Plastic & Resins,2026-08-27,3.0,8.0,4.0,5.0,UNRATED,Small Cap
Anjani Dham Industries Ltd.,INE363D01018,521131,,Consumer Discretionary,Synthetic Fabrics,2026-09-01,Unrated,Unrated,Unrated,Unrated,3.0,Small Cap
Bhilwara Spinners Ltd.,INE436C01014,514272,,Consumer Discretionary,Yarn,2026-09-01,Unrated,Unrated,Unrated,Unrated,8.0,Small Cap
Bhilwara Technical Textiles Ltd.,INE274K01012,533108,,Consumer Discretionary,Yarn,2026-09-01,Unrated,Unrated,Unrated,Unrated,7.0,Small Cap
Bhudevi Infra Projects Ltd.,INE432N01010,526488,,Consumer Discretionary,Miscellaneous Textiles,2026-09-01,Unrated,Unrated,Unrated,Unrated,UNRATED,Small Cap
Bigbloc Construction Ltd.,INE412U01025,540061,BIGBLOC,Materials,Basic Materials - Diversified,2026-09-01,1.0,1.0,7.0,4.0,3.0,Small Cap
Bihar Sponge Iron Ltd.,INE819C01011,500058,BIHARSPONG,Materials,Aluminium Products,2026-09-01,Unrated,Unrated,Unrated,Unrated,5.0,Small Cap
Bijoy Hans Ltd.,INE491D01017,524723,,Healthcare,Pharmaceuticals - Diversified,2026-09-01,Unrated,Unrated,Unrated,Unrated,UNRATED,Small Cap
Bikaji Foods International Ltd.,INE00E101023,543653,BIKAJI,Consumer Staples,Snacks & Food Confectionery,2026-09-01,3.0,8.0,7.0,4.0,2.0,Small Cap
Bikewo Green Tech Ltd,INE0SQH01013,,BIKEWO,Consumer Discretionary,Motorcycles & Scooters,2026-09-01,Unrated,Unrated,Unrated,Unrated,10.0,Small Cap
Bilcare Ltd.,INE986A01012,526853,,Materials,Other Packaging Materials,2026-09-01,Unrated,Unrated,Unrated,Unrated,9.0,Small Cap
Billionbrains Garage Ventures Ltd,INE0HOQ01053,544603,GROWW,Financial,Brokerage Services,2026-09-01,3.0,8.0,5.0,2.0,7.0,Large Cap
Billwin Industries Ltd.,INE0CRS01012,543209,,Consumer Discretionary,Synthetic Fabrics,2026-09-01,Unrated,Unrated,Unrated,Unrated,UNRATED,Small Cap
Bil Vyapar Ltd.,INE071A01013,500059,BILVYAPAR,Materials,Cement,2026-09-01,Unrated,Unrated,Unrated,Unrated,1.0,Small Cap
Bimetal Bearings Ltd.,INE469A01019,505681,BIMETAL,Industrials,Ball Bearings,2026-09-01,Unrated,Unrated,Unrated,Unrated,8.0,Small Cap
Binayak Tex Processors Ltd.,INE626H01019,523054,,Consumer Discretionary,Miscellaneous Textiles,2026-09-01,Unrated,Unrated,Unrated,Unrated,UNRATED,Small Cap
Binny Mills Ltd.,INE160L01011,535620,,Consumer Discretionary,Integrated Textiles,2026-09-01,Unrated,Unrated,Unrated,Unrated,UNRATED,Small Cap
Biocon Ltd.,INE376G01013,532523,BIOCON,Healthcare,Branded Medicines,2026-09-01,2.0,1.0,6.0,3.0,7.0,Mid Cap
Biofil Chemicals & Pharmaceuticals Ltd.,INE829A01014,524396,BIOFILCHEM,Healthcare,Pharmaceuticals - Diversified,2026-09-01,Unrated,Unrated,Unrated,Unrated,4.0,Small Cap
Biogen Pharmachem Industries Ltd.,INE703D01023,531752,,Financial,Miscellaneous Financial Services,2026-09-01,Unrated,Unrated,Unrated,Unrated,1.0,Small Cap
Bio Medica Laboratories Ltd,INE1BKA01015,,BMLL,Healthcare,Pharmaceuticals Trading,2026-09-01,5.0,10.0,7.0,7.0,UNRATED,Small Cap
Biopol Chemicals Ltd,INE0XW001014,,BIOPOL,Materials,Speciality Chemicals - Diversified,2026-09-01,2.0,3.0,3.0,6.0,1.0,Small Cap
Birla Corporation Ltd.,INE340A01012,500335,BIRLACORPN,Materials,Cement,2026-09-01,2.0,5.0,5.0,5.0,2.0,Small Cap
Birla Cable Ltd.,INE800A01015,500060,BIRLACABLE,Industrials,Wires & Cables,2026-09-01,3.0,1.0,6.0,4.0,10.0,Small Cap
Birla Cotsyn (India) Ltd.,INE655I01024,533006,BIRLACOT,Consumer Discretionary,Integrated Textiles,2026-09-01,Unrated,Unrated,Unrated,Unrated,UNRATED,Small Cap
Birlanu Ltd.,INE557A01011,509675,HIL,Industrials,Other Building Products,2026-09-01,2.0,1.0,5.0,5.0,4.0,Small Cap
Birla Precision Technologies Ltd.,INE372E01025,522105,,Industrials,Machine Tools,2026-09-01,3.0,2.0,6.0,6.0,7.0,Small Cap
Birlasoft Ltd.,INE836A01035,532400,BSOFT,Technology,Software & Services - Diversified,2026-09-01,4.0,9.0,6.0,8.0,2.0,Small Cap
Bisil Plast Ltd.,INE214D01021,531671,,Materials,Plastic Packaging,2026-09-01,Unrated,Unrated,Unrated,Unrated,5.0,Small Cap
BITS Ltd.,INE839A01021,526709,,Consumer Staples,Education Services,2026-09-01,Unrated,Unrated,Unrated,Unrated,3.0,Small Cap
Bizotic Commercial Ltd,INE0OJ401014,543926,,Consumer Discretionary,Readymade Garment,2026-09-01,Unrated,Unrated,Unrated,Unrated,4.0,Small Cap
BJ Duplex Boards Ltd.,INE265C01025,531647,,Materials,Paper & Paper Products,2026-08-31,Unrated,Unrated,Unrated,Unrated,UNRATED,Small Cap
BKV Industries Ltd.,INE356C01022,519500,,Consumer Staples,Aquaculture,2026-09-01,Unrated,Unrated,Unrated,Unrated,6.0,Small Cap
Black Box Ltd.,INE676A01027,500463,BBOX,Technology,IT Services & Consulting,2026-09-01,4.0,7.0,5.0,4.0,9.0,Small Cap
BlackBuck Ltd.,INE0UIZ01018,544288,BLACKBUCK,Industrials,Road Logistics,2026-09-01,2.0,6.0,8.0,1.0,6.0,Small Cap
Black Rose Industries Ltd.,INE761G01016,514183,,Materials,Speciality Chemicals - Diversified,2026-09-01,4.0,5.0,8.0,6.0,8.0,Small Cap
BLB Ltd.,INE791A01024,532290,BLBLIMITED,Financial,Brokerage Services,2026-09-01,Unrated,Unrated,Unrated,Unrated,6.0,Small Cap
Bliss GVS Pharma Ltd.,INE416D01022,506197,BLISSGVS,Healthcare,Branded Medicines,2026-09-01,3.0,4.0,7.0,2.0,10.0,Small Cap
B.L. Kashyap and Sons Ltd.,INE350H01032,532719,BLKASHYAP,Industrials,Construction & Engineering - Diversified,2026-09-01,1.0,1.0,6.0,2.0,6.0,Small Cap
Bloom Industries Ltd.,INE373E01015,513422,,Materials,Iron & Steel,2026-09-01,Unrated,Unrated,Unrated,Unrated,4.0,Small Cap
BLS E-Services Ltd,INE0NLT01010,544107,BLSE,Technology,Online Services,2026-09-01,5.0,9.0,7.0,5.0,10.0,Small Cap
BLS International Services Ltd.,INE153T01027,540073,BLS,Technology,IT Services & Consulting,2026-09-01,5.0,10.0,7.0,7.0,4.0,Small Cap
BLT Logistics Ltd,INE0W4K01013,544474,,Industrials,Multimodal Logistics,2026-09-01,4.0,7.0,5.0,7.0,UNRATED,Small Cap
Blue Chip India Ltd.,INE657B01025,531936,BLUECHIP,Financial,Investment Services,2026-09-01,Unrated,Unrated,Unrated,Unrated,2.0,Small Cap
Blue chip Tex Industries Ltd.,INE472D01017,506981,,Consumer Discretionary,Yarn,2026-09-01,Unrated,Unrated,Unrated,Unrated,4.0,Small Cap
Blue Cloud Softech Solutions Ltd.,INE373T01047,539607,,Technology,Software,2026-09-01,2.0,1.0,5.0,7.0,5.0,Small Cap
Blue Coast Hotels Ltd.,INE472B01011,531495,BLUECOAST,Consumer Discretionary,Hotels & Resorts,2026-09-01,Unrated,Unrated,Unrated,Unrated,3.0,Small Cap
Blue Dart Express Ltd.,INE233B01017,526612,BLUEDART,Industrials,Courier Services,2026-09-01,4.0,9.0,7.0,5.0,3.0,Small Cap
Bluegod Entertainment Ltd.,INE924N01024,539175,,Materials,Fertilisers,2026-08-31,Unrated,Unrated,Unrated,Unrated,UNRATED,Small Cap
Blue Jet Healthcare Ltd,INE0KBH01020,544009,BLUEJET,Healthcare,API / Generic Pharmaceuticals,2026-09-01,4.0,9.0,7.0,4.0,9.0,Small Cap
Blue Pearl Texspin Ltd.,INE439N01031,514440,,Consumer Discretionary,Miscellaneous Textiles,2026-09-01,1.0,1.0,4.0,6.0,1.0,Small Cap
Blue Pebble Ltd,INE0SAK01011,,BLUEPEBBLE,Industrials,Other Business Services,2026-09-01,Unrated,Unrated,Unrated,Unrated,1.0,Small Cap
Blue Star Ltd.,INE472A01039,500067,BLUESTARCO,Industrials,Heating & Cooling Systems,2026-09-01,2.0,6.0,5.0,4.0,1.0,Mid Cap
BlueStone Jewellery and Lifestyle Ltd,INE304W01038,544484,BLUESTONE,Consumer Discretionary,Gems & Jewellery,2026-09-01,2.0,1.0,6.0,1.0,10.0,Small Cap
Blue Water Logistics Ltd,INE0X3M01010,,BLUEWATER,Industrials,Multimodal Logistics,2026-09-01,4.0,4.0,7.0,6.0,10.0,Small Cap
Bluspring Enterprises Ltd.,INE0U4101014,544414,BLUSPRING,Industrials,Other Industrial Services,2026-09-01,Unrated,Unrated,Unrated,Unrated,10.0,Small Cap
BMW Industries Ltd.,INE374E01021,542669,,Materials,Iron & Steel,2026-09-01,4.0,4.0,6.0,6.0,9.0,Small Cap
BMW Ventures Ltd,INE965W01036,544543,BMWVENTLTD,Industrials,Steel Tubes & Pipes,2026-09-01,2.0,1.0,5.0,7.0,1.0,Small Cap
BN Agrochem Ltd.,INE00HZ01011,526125,,Consumer Staples,Food Wholesale & Distributors,2026-09-01,1.0,1.0,5.0,3.0,4.0,Small Cap
BN Rathi Securities Ltd.,INE710D01028,523019,,Financial,Brokerage Services,2026-09-01,Unrated,Unrated,Unrated,Unrated,8.0,Small Cap
BNR Udyog Ltd.,INE355C01016,530809,,Industrials,BPO Services,2026-08-31,Unrated,Unrated,Unrated,Unrated,5.0,Small Cap
Bodal Chemicals Ltd.,INE338D01028,524370,BODALCHEM,Materials,Coloring Agents,2026-09-01,3.0,1.0,6.0,4.0,10.0,Small Cap
Bodhi Tree Multimedia Ltd.,INE0EEJ01023,543767,BTML,Consumer Discretionary,Movie & TV Production & Distribution,2026-09-01,Unrated,Unrated,Unrated,Unrated,7.0,Small Cap
Bodhtree Consulting Ltd.,INE104F01011,539122,BODHTREE,Technology,Software & Services - Diversified,2026-09-01,Unrated,Unrated,Unrated,Unrated,1.0,Small Cap
Bohra Industries Ltd.,INE802W01023,,BOHRAIND,Materials,Fertilisers,2026-09-01,Unrated,Unrated,Unrated,Unrated,1.0,Small Cap
Bombay Burmah Trading Corporation Ltd.,INE050A01025,501425,BBTC,Consumer Staples,Tea & Coffee,2026-09-01,4.0,9.0,6.0,8.0,2.0,Small Cap
Bombay Cycle & Motor Agency Ltd.,INE691K01017,501430,,Consumer Discretionary,Automobile Dealerships,2026-09-01,Unrated,Unrated,Unrated,Unrated,3.0,Small Cap
Bombay Dyeing And Manufacturing Company Ltd.,INE032A01023,500020,BOMDYEING,Consumer Discretionary,Synthetic Fabrics,2026-09-01,2.0,5.0,4.0,4.0,4.0,Small Cap
Bombay Metrics Supply Chain Ltd.,INE0I3Y01014,,BMETRICS,Diversified,Diversified Others,2026-09-01,Unrated,Unrated,Unrated,Unrated,4.0,Small Cap
Bombay Oxygen Investments Ltd.,INE01TL01014,509470,,Financial,NBFC - Diversified,2026-09-01,Unrated,Unrated,Unrated,Unrated,4.0,Small Cap
Bombay Super Hybrid Seeds Ltd.,INE032Z01020,544757,BSHSL,Consumer Staples,Other Agriculture Products,2026-09-01,2.0,3.0,5.0,4.0,4.0,Small Cap
Bombay Talkies Ltd.,INE910D01024,511246,,Consumer Discretionary,Movie & TV Production & Distribution,2026-09-01,Unrated,Unrated,Unrated,Unrated,2.0,Small Cap
Bombay Wire Ropes Ltd.,INE089T01023,504648,,Materials,Steel Wires,2026-09-01,Unrated,Unrated,Unrated,Unrated,5.0,Small Cap
Bondada Engineering Ltd,INE0Q8P01029,543971,,Industrials,Energy & Power Projects,2026-09-01,Unrated,Unrated,Unrated,Unrated,3.0,Small Cap
Bonlon Industries Ltd.,INE0B9A01018,543211,BONLON,Materials,Nickel Ore,2026-09-01,Unrated,Unrated,Unrated,Unrated,6.0,Small Cap
Borana Weaves Ltd,INE16SF01016,544404,BORANA,Consumer Discretionary,Yarn,2026-09-01,2.0,2.0,4.0,6.0,7.0,Small Cap
Borosil Ltd.,INE02PY01013,543212,BOROLTD,Consumer Discretionary,Home Furnitures,2026-09-01,3.0,6.0,5.0,4.0,5.0,Small Cap
Borosil Renewables Ltd.,INE666D01022,502219,BORORENEW,Consumer Staples,Household Products,2026-09-01,4.0,7.0,4.0,6.0,7.0,Small Cap
Borosil Scientific Ltd.,INE02L001032,544184,BOROSCI,Materials,Glass Packaging,2026-09-01,3.0,4.0,4.0,5.0,7.0,Small Cap
Bosch Ltd.,INE323A01026,500530,BOSCHLTD,Consumer Discretionary,Auto Ancillaries,2026-09-01,4.0,9.0,7.0,2.0,9.0,Mid Cap
Boss Packaging Solutions Ltd,INE0QNI01012,,BOSS,Industrials,Industrial Machinery,2026-09-01,Unrated,Unrated,Unrated,Unrated,8.0,Small Cap
Bothra Metals & Alloys Ltd.,INE583M01012,535279,,Materials,Aluminium,2026-08-24,Unrated,Unrated,Unrated,Unrated,UNRATED,Small Cap
BP Capital Ltd.,INE947C01010,536965,,Financial,NBFC - Diversified,2026-08-31,Unrated,Unrated,Unrated,Unrated,UNRATED,Small Cap
BPL Ltd.,INE110A01019,500074,BPL,Consumer Discretionary,Household Appliances,2026-09-01,Unrated,Unrated,Unrated,Unrated,3.0,Small Cap
Brace Port Logistics Ltd,INE0R4Z01018,,BRACEPORT,Industrials,Multimodal Logistics,2026-09-01,Unrated,Unrated,Unrated,Unrated,4.0,Small Cap
Brady & Morris Engineering Company Ltd.,INE856A01017,505690,,Industrials,Heavy Machinery & Earthmovers,2026-09-01,Unrated,Unrated,Unrated,Unrated,2.0,Small Cap
Brahmaputra Infrastructure Ltd.,INE320I01017,535693,,Industrials,Construction & Engineering - Diversified,2026-09-01,3.0,1.0,8.0,4.0,9.0,Small Cap
Brainbees Solutions Ltd,INE02RE01045,544226,FIRSTCRY,Consumer Discretionary,Apparels & Footwear - Diversified,2026-09-01,1.0,1.0,7.0,2.0,2.0,Small Cap
Brand Concepts Ltd.,INE977Y01011,543442,BCONCEPTS,Consumer Discretionary,Baggage and Luggage,2026-09-01,Unrated,Unrated,Unrated,Unrated,1.0,Small Cap
Brandman Retail Ltd,INE0XUD01014,,BRANDMAN,Consumer Discretionary,Luxury Wearables,2026-09-01,5.0,9.0,7.0,7.0,2.0,Small Cap
Brawn Biotech Ltd.,INE899B01015,530207,,Healthcare,Branded Medicines,2026-09-01,Unrated,Unrated,Unrated,Unrated,8.0,Small Cap
B.R. Goyal Infrastructure Ltd,INE00ST01011,544335,,Industrials,Construction & Engineering - Diversified,2026-09-01,Unrated,Unrated,Unrated,Unrated,10.0,Small Cap
Bridge Securities Ltd.,INE958C01025,530249,,Financial,Investment Holding Companies,2026-09-01,Unrated,Unrated,Unrated,Unrated,3.0,Small Cap
Brigade Enterprises Ltd.,INE791I01019,532929,BRIGADE,Real Estate,Real Estate Development,2026-09-01,2.0,4.0,5.0,5.0,1.0,Small Cap
Brigade Hotel Ventures Ltd,INE03NU01014,544457,BRIGHOTEL,Consumer Discretionary,Hotels & Resorts,2026-09-01,3.0,8.0,6.0,6.0,2.0,Small Cap
Bright Brothers Ltd.,INE630D01010,526731,BRIGHTBROS,Materials,Plastic Materials,2026-09-01,Unrated,Unrated,Unrated,Unrated,6.0,Small Cap
Brightcom Group Ltd.,INE425B01027,532368,BCG,Industrials,Advertising & Marketing - Diversified,2026-09-01,3.0,1.0,6.0,8.0,2.0,Small Cap
Bright Outdoor Media Ltd.,INE0OMI01019,543831,,Industrials,Advertising & Marketing - Diversified,2026-09-01,Unrated,Unrated,Unrated,Unrated,4.0,Small Cap
B-Right Real Estate Ltd.,INE0IZQ01016,543543,,Real Estate,Real Estate Development,2026-09-01,Unrated,Unrated,Unrated,Unrated,UNRATED,Small Cap
Brijlaxmi Leasing & Finance Ltd.,INE957E01031,532113,,Financial,NBFC - Diversified,2026-09-01,Unrated,Unrated,Unrated,Unrated,4.0,Small Cap
Brisk Technovision Ltd,INE0Q6L01014,544101,,Technology,IT Services & Consulting,2026-09-01,Unrated,Unrated,Unrated,Unrated,UNRATED,Small Cap
Britannia Industries Ltd.,INE216A01030,500825,BRITANNIA,Consumer Staples,Bakery Product,2026-09-01,3.0,10.0,7.0,4.0,3.0,Large Cap
Broach Lifecare Hospital Ltd,INE0SFZ01018,544231,,Healthcare,Hospitals & Clinics,2026-08-06,Unrated,Unrated,Unrated,Unrated,UNRATED,Small Cap
Brooks Laboratories Ltd.,INE650L01011,533543,BROOKS,Healthcare,Branded Medicines,2026-09-01,Unrated,Unrated,Unrated,Unrated,3.0,Small Cap
BSE Ltd.,INE118H01025,,BSE,Financial,Exchange Services,2026-09-01,5.0,10.0,8.0,4.0,8.0,Large Cap
BSEL Infrastructure Realty Ltd.,INE395A01016,532123,BSELINFRA,Real Estate,Real Estate Development,2026-09-01,Unrated,Unrated,Unrated,Unrated,2.0,Small Cap
BSL Ltd.,INE594B01012,514045,BSL,Consumer Discretionary,Integrated Textiles,2026-09-01,Unrated,Unrated,Unrated,Unrated,4.0,Small Cap
Bulkcorp International Ltd,INE0SZ301012,,BULKCORP,Materials,Containers & Packaging - Diversified,2026-09-01,Unrated,Unrated,Unrated,Unrated,8.0,Small Cap
Burnpur Cement Ltd.,INE817H01014,532931,BURNPUR,Materials,Cement,2026-09-01,Unrated,Unrated,Unrated,Unrated,UNRATED,Small Cap
Butterfly Gandhimathi Appliances Ltd.,INE295F01017,517421,BUTTERFLY,Consumer Discretionary,Household Durables - Diversified,2026-09-01,4.0,8.0,7.0,6.0,7.0,Small Cap
C2C Advanced Systems Ltd,INE0U7V01015,,C2C,Industrials,Defence & Aerospace Diversified,2026-09-01,Unrated,Unrated,Unrated,Unrated,2.0,Small Cap
Cadsys India Ltd.,INE090Y01013,,CADSYS,Technology,IT Services & Consulting,2026-09-01,Unrated,Unrated,Unrated,Unrated,UNRATED,Small Cap
Calcom Vision Ltd.,INE216C01010,517236,,Consumer Discretionary,Household Appliances,2026-09-01,Unrated,Unrated,Unrated,Unrated,3.0,Small Cap
Caliber Mining and Logistics Ltd,INE11XY01018,544833,CMLL,Materials,Mining Support Services & Equipment,2026-09-01,4.0,7.0,4.0,6.0,UNRATED,Small Cap
California Software Company Ltd.,INE526B01014,532386,CALSOFT,Technology,Software,2026-09-01,Unrated,Unrated,Unrated,Unrated,10.0,Small Cap
Cambridge Technology Enterprises Ltd.,INE627H01017,532801,CTE,Technology,IT Services & Consulting,2026-09-01,Unrated,Unrated,Unrated,Unrated,8.0,Small Cap
Camex Ltd.,INE198C01010,524440,,Materials,Coloring Agents,2026-09-01,Unrated,Unrated,Unrated,Unrated,8.0,Small Cap
Camlin Fine Sciences Ltd.,INE052I01032,532834,CAMLINFINE,Materials,Speciality Chemicals - Diversified,2026-09-01,1.0,1.0,5.0,3.0,2.0,Small Cap
Campus Activewear Ltd.,INE278Y01022,543523,CAMPUS,Consumer Discretionary,Footwear,2026-09-01,3.0,8.0,6.0,5.0,2.0,Small Cap
Computer Age Management Services Ltd.,INE596I01020,543232,CAMS,Financial,"Clearing, Settlement & Custodial Service",2026-09-01,4.0,10.0,4.0,5.0,5.0,Small Cap
Canara Bank,INE476A01022,532483,CANBK,Financial,Banks - Diversified,2026-09-01,4.0,7.0,5.0,8.0,4.0,Large Cap
Canara HSBC Life Insurance Company Ltd,INE01TY01017,544583,CANHLIFE,Financial,Life Insurance,2026-09-01,Unrated,Unrated,Unrated,Unrated,9.0,Small Cap
Canara Robeco Asset Management Company Ltd,INE218I01013,544580,CRAMC,Financial,Mutual Funds,2026-09-01,5.0,9.0,8.0,6.0,8.0,Small Cap
Canarys Automations Ltd,INE0QG301017,,CANARYS,Technology,IT Services & Consulting,2026-09-01,Unrated,Unrated,Unrated,Unrated,4.0,Small Cap
Candour Techtex Ltd.,INE713D01055,522292,,Industrials,Industrial Machinery,2026-09-01,2.0,1.0,7.0,3.0,1.0,Small Cap
Can Fin Homes Ltd.,INE477A01020,511196,CANFINHOME,Financial,Mortgage/Housing Finance,2026-09-01,5.0,9.0,9.0,8.0,5.0,Small Cap
Cantabil Retail India Ltd.,INE068L01024,533267,CANTABIL,Consumer Discretionary,Readymade Garment,2026-09-01,4.0,10.0,7.0,7.0,3.0,Small Cap
Capacit'e Infraprojects Ltd.,INE264T01014,540710,CAPACITE,Industrials,Construction & Engineering - Diversified,2026-09-01,2.0,2.0,7.0,6.0,3.0,Small Cap
Capfin India Ltd.,INE960C01013,539198,,Financial,Miscellaneous Financial Services,2026-08-31,Unrated,Unrated,Unrated,Unrated,UNRATED,Small Cap
Capillary Technologies India Ltd,INE0ILV01024,544614,CAPILLARY,Technology,Software,2026-09-01,1.0,1.0,4.0,3.0,3.0,Small Cap
Capital India Finance Ltd.,INE345H01024,530879,CIFL,Financial,Investment Management - Diversified,2026-09-01,1.0,1.0,5.0,2.0,1.0,Small Cap
CapitalNumbers Infotech Ltd,INE0WXM01011,544343,,Technology,IT Services & Consulting,2026-09-01,Unrated,Unrated,Unrated,Unrated,4.0,Small Cap
Capital Small Finance Bank Ltd,INE646H01017,544120,CAPITALSFB,Financial,Small Finance Banks,2026-09-01,5.0,7.0,7.0,7.0,7.0,Small Cap
Capital Trade Links Ltd.,INE172D01021,538476,,Financial,NBFC - Diversified,2026-09-01,2.0,3.0,7.0,2.0,10.0,Small Cap
Capital Trust Ltd.,INE707C01018,511505,CAPTRUST,Financial,Commercial Financing,2026-09-01,Unrated,Unrated,Unrated,Unrated,8.0,Small Cap
Caplin Point Laboratories Ltd.,INE475E01026,524742,CAPLIPOINT,Healthcare,Branded Medicines,2026-09-01,5.0,8.0,7.0,4.0,9.0,Small Cap
Capricorn Systems Global Solutions Ltd.,INE968E01012,512169,,Technology,Software,2026-09-01,Unrated,Unrated,Unrated,Unrated,10.0,Small Cap
Capri Global Capital Ltd.,INE180C01042,531595,CGCL,Financial,NBFC - Diversified,2026-09-01,3.0,3.0,7.0,6.0,9.0,Small Cap
Caprihans India Ltd.,INE479A01018,509486,CAPRIHANS,Materials,Paper Packaging,2026-09-01,Unrated,Unrated,Unrated,Unrated,8.0,Small Cap
Caprolactam Chemicals Ltd.,INE470N01010,507486,,Materials,Commodity Chemicals - Diversified,2026-09-01,Unrated,Unrated,Unrated,Unrated,2.0,Small Cap
Captain Pipes Ltd.,INE513R01026,538817,,Industrials,Plastic Tubes & Pipes,2026-09-01,Unrated,Unrated,Unrated,Unrated,2.0,Small Cap
Captain Polyplast Ltd.,INE536P01021,536974,,Industrials,Irrigation Equipment,2026-09-01,3.0,2.0,7.0,6.0,5.0,Small Cap
Captain Technocast Ltd.,INE931X01010,540652,,Materials,Castings & Forgings,2026-08-28,Unrated,Unrated,Unrated,Unrated,UNRATED,Small Cap
Carborundum Universal Ltd.,INE120A01034,513375,CARBORUNIV,Materials,Abrasives,2026-09-01,3.0,5.0,6.0,4.0,9.0,Small Cap
Career Point Edutech Ltd.,INE0P6P01016,544499,CPEDU,Consumer Staples,Education Services,2026-09-01,4.0,6.0,6.0,6.0,7.0,Small Cap
Care Ratings Ltd.,INE752H01013,534804,CARERATING,Industrials,Credit Ratings & Information,2026-09-01,5.0,10.0,7.0,5.0,7.0,Small Cap
Cargosol Logistics Ltd.,INE0KZM01011,543621,,Industrials,Marine Logistics,2026-08-26,Unrated,Unrated,Unrated,Unrated,UNRATED,Small Cap
Cargotrans Maritime Ltd.,INE0M4L01013,543618,,Industrials,Marine Logistics,2026-08-28,Unrated,Unrated,Unrated,Unrated,2.0,Small Cap
Carnation Industries Ltd.,INE081B01010,530609,,Materials,Stainless Steel,2026-08-31,Unrated,Unrated,Unrated,Unrated,UNRATED,Small Cap
Carraro India Ltd,INE0V7W01012,544320,CARRARO,Industrials,Agricultural Machinery,2026-09-01,4.0,6.0,8.0,5.0,7.0,Small Cap
CarTrade Tech Ltd.,INE290S01011,543333,CARTRADE,Consumer Discretionary,Automobile Dealerships,2026-09-01,3.0,8.0,7.0,2.0,9.0,Small Cap
Carysil Ltd.,INE482D01024,524091,CARYSIL,Consumer Discretionary,Kitchenware & Appliances,2026-09-01,4.0,6.0,7.0,5.0,9.0,Small Cap
Cash Ur Drive Marketing Ltd,INE0WL201014,,CUDML,Industrials,Advertising & Marketing - Diversified,2026-09-01,5.0,10.0,7.0,6.0,4.0,Small Cap
Caspian Corporate Services Ltd.,INE176N01021,534732,,Industrials,Business Services - Diversified,2026-09-01,Unrated,Unrated,Unrated,Unrated,1.0,Small Cap
Castrol India Ltd.,INE172A01027,500870,CASTROLIND,Materials,Lubricants & Grease,2026-09-01,4.0,10.0,7.0,6.0,3.0,Small Cap
Catvision Ltd.,INE660B01011,531158,,Technology,Network Equipment & Tools,2026-09-01,Unrated,Unrated,Unrated,Unrated,6.0,Small Cap
CCL International Ltd.,INE778E01031,531900,,Industrials,Construction & Engineering - Diversified,2026-09-01,Unrated,Unrated,Unrated,Unrated,5.0,Small Cap
CCL Products (India) Ltd.,INE421D01022,519600,CCL,Consumer Staples,Tea & Coffee,2026-09-01,3.0,5.0,8.0,4.0,7.0,Small Cap
CDG Petchem Ltd.,INE198N01017,534796,,Consumer Discretionary,Woollen Textiles,2026-09-01,Unrated,Unrated,Unrated,Unrated,10.0,Small Cap
Ceat Ltd.,INE482A01020,500878,CEATLTD,Consumer Discretionary,Tyres & Tubes,2026-09-01,3.0,5.0,7.0,5.0,6.0,Small Cap
Cedaar Textile Ltd,INE11J101017,,CEDAAR,Consumer Discretionary,Yarn,2026-09-01,4.0,4.0,8.0,6.0,1.0,Small Cap
Ceejay Finance Ltd.,INE358C01010,530789,,Financial,NBFC - Diversified,2026-09-01,Unrated,Unrated,Unrated,Unrated,UNRATED,Small Cap
Ceenik Exports (India) Ltd.,INE418D01010,531119,CEENIKEXPO,Consumer Discretionary,Readymade Garment,2026-09-01,Unrated,Unrated,Unrated,Unrated,3.0,Small Cap
Ceeta Industries Ltd.,INE760J01012,514171,,Materials,Granite Marble & Stones,2026-09-01,Unrated,Unrated,Unrated,Unrated,5.0,Small Cap
Ceigall India Ltd,INE0AG901020,544223,CEIGALL,Industrials,Construction & Engineering - Diversified,2026-09-01,2.0,1.0,3.0,6.0,9.0,Small Cap
CE Info Systems Ltd.,INE0BV301023,543425,MAPMYINDIA,Technology,Software,2026-09-01,3.0,8.0,5.0,5.0,2.0,Small Cap
Ceinsys Tech Ltd.,INE016Q01014,538734,CEINSYS,Technology,Software & Services - Diversified,2026-09-01,3.0,5.0,5.0,7.0,2.0,Small Cap
Celebrity Fashions Ltd.,INE185H01016,532695,CELEBRITY,Consumer Discretionary,Readymade Garment,2026-09-01,Unrated,Unrated,Unrated,Unrated,2.0,Small Cap
Cella Space Ltd.,INE266H01014,532701,,Real Estate,Real Estate Lease & Renting,2026-09-01,Unrated,Unrated,Unrated,Unrated,10.0,Small Cap
Cellecor Gadgets Ltd,INE0OMO01025,,CELLECOR,Consumer Discretionary,Computer & Electronics Retail,2026-09-01,Unrated,Unrated,Unrated,Unrated,8.0,Small Cap
Cello World Ltd,INE0LMW01024,544012,CELLO,Consumer Discretionary,Kitchenware & Appliances,2026-09-01,2.0,5.0,6.0,5.0,1.0,Small Cap
Cell Point (India) Ltd,INE0O0001013,,CELLPOINT,Consumer Discretionary,Online and Direct Retailing,2026-09-01,Unrated,Unrated,Unrated,Unrated,6.0,Small Cap
Cemantic Infra-tech Ltd.,INE222B01028,538596,,Real Estate,Real Estate Development,2026-09-01,Unrated,Unrated,Unrated,Unrated,7.0,Small Cap
Cemindia Projects Ltd.,INE686A01026,509496,CEMPRO,Industrials,Construction & Engineering - Diversified,2026-09-01,4.0,6.0,8.0,3.0,10.0,Small Cap
Cenlub Industries Ltd.,INE627F01011,522251,,Industrials,Industrial Machinery,2026-09-01,Unrated,Unrated,Unrated,Unrated,3.0,Small Cap
Centenial Surgical Suture Ltd.,INE405H01018,531380,,Healthcare,Medical Supplies,2026-09-01,Unrated,Unrated,Unrated,Unrated,5.0,Small Cap
Central Bank Of India,INE483A01010,532885,CENTRALBK,Financial,Banks - Diversified,2026-09-01,3.0,4.0,6.0,8.0,1.0,Small Cap
Central Depository Services (India) Ltd.,INE736A01011,,CDSL,Financial,"Clearing, Settlement & Custodial Service",2026-09-01,3.0,10.0,6.0,3.0,4.0,Small Cap
Central Mine Planning & Design Institute Ltd,INE05HV01027,544739,CMPDI,Materials,Coal & Lignite,2026-09-01,3.0,9.0,9.0,1.0,UNRATED,Small Cap
Centrum Capital Ltd.,INE660C01027,501150,CENTRUM,Financial,Financial Services - Diversified,2026-09-01,1.0,1.0,5.0,1.0,4.0,Small Cap
Centum Electronics Ltd.,INE320B01020,517544,CENTUM,Industrials,Electronic Components,2026-09-01,3.0,5.0,7.0,2.0,9.0,Small Cap
Century Enka Ltd.,INE485A01015,500280,CENTENKA,Consumer Discretionary,Synthetic Fabrics,2026-09-01,5.0,7.0,7.0,7.0,9.0,Small Cap
Century Extrusions Ltd.,INE281A01026,500083,CENTEXT,Materials,Aluminium,2026-09-01,Unrated,Unrated,Unrated,Unrated,7.0,Small Cap
Century Plyboards (India) Ltd.,INE348B01021,532548,CENTURYPLY,Materials,Wood & Wood Products,2026-09-01,2.0,4.0,7.0,4.0,4.0,Small Cap
Century Textiles & Industries Ltd.,INE055A01016,500040,ABREL,Materials,Paper & Paper Products,2026-09-01,1.0,1.0,5.0,3.0,3.0,Small Cap
Cera Sanitaryware Ltd.,INE739E01017,532443,CERA,Industrials,Ceramic Tiles and Sanitaryware,2026-09-01,4.0,8.0,7.0,5.0,8.0,Small Cap
Cerebra Integrated Technologies Ltd.,INE345B01019,532413,CEREBRAINT,Technology,Computer Hardware,2026-09-01,Unrated,Unrated,Unrated,Unrated,1.0,Small Cap
CESC Ltd.,INE486A01021,500084,CESC,Energy & Utilities,Power Generation - Diversified,2026-09-01,3.0,3.0,7.0,6.0,5.0,Small Cap
CFF Fluid Control Ltd,INE0NJ001013,543920,,Industrials,Shipbuilding & Maintenance,2026-09-01,Unrated,Unrated,Unrated,Unrated,10.0,Small Cap
CFSL Ltd.,INE717D01023,511710,,Financial,NBFC - Diversified,2026-09-01,Unrated,Unrated,Unrated,Unrated,10.0,Small Cap
CG Power and Industrial Solutions Ltd.,INE067A01029,500093,CGPOWER,Industrials,Electrical Machinery,2026-09-01,5.0,10.0,6.0,4.0,8.0,Large Cap
CG-VAK Software & Exports Ltd.,INE084D01010,531489,,Technology,Software,2026-09-01,Unrated,Unrated,Unrated,Unrated,2.0,Small Cap
Chalet Hotels Ltd.,INE427F01016,542399,CHALET,Consumer Discretionary,Hotels & Resorts,2026-09-01,3.0,6.0,7.0,5.0,4.0,Small Cap
Chaman Lal Setia Exports Ltd.,INE419D01026,530307,CLSEL,Consumer Staples,Crop Farming,2026-09-01,3.0,1.0,7.0,6.0,7.0,Small Cap
Chaman Metallics Ltd.,INE06PV01010,,CMNL,Materials,Aluminium Products,2026-09-01,Unrated,Unrated,Unrated,Unrated,5.0,Small Cap
Chambal Breweries & Distilleries Ltd.,INE417N01011,512301,,Consumer Staples,Distilleries,2026-09-01,Unrated,Unrated,Unrated,Unrated,10.0,Small Cap
Chambal Fertilisers and Chemicals Ltd.,INE085A01013,500085,CHAMBLFERT,Materials,Fertilisers,2026-09-01,4.0,8.0,5.0,8.0,2.0,Small Cap
Chamunda Electrical Ltd,INE11HG01018,,CHAMUNDA,Energy & Utilities,Diversified Utilities,2026-09-01,Unrated,Unrated,Unrated,Unrated,UNRATED,Small Cap
Chandan Healthcare Ltd,INE0B2N01016,,CHANDAN,Healthcare,Medical Diagnostics Services,2026-09-01,Unrated,Unrated,Unrated,Unrated,5.0,Small Cap
Chandni Machines Ltd.,INE01GZ01011,542627,,Industrials,Industrial Machinery,2026-09-01,Unrated,Unrated,Unrated,Unrated,10.0,Small Cap
Chandra Bhagat Pharma Ltd.,INE07QQ01016,542934,,Healthcare,Pharmaceuticals - Diversified,2026-08-27,Unrated,Unrated,Unrated,Unrated,UNRATED,Small Cap
Chandra Prabhu International Ltd.,INE368D01025,530309,,Diversified,Diversified Trading,2026-09-01,Unrated,Unrated,Unrated,Unrated,3.0,Small Cap
Chandrima Mercantiles Ltd.,INE371F01024,540829,,Consumer Staples,Food Wholesale & Distributors,2026-09-01,Unrated,Unrated,Unrated,Unrated,9.0,Small Cap
Chartered Capital & Investment Ltd.,INE953B01010,511696,,Financial,Investment Banking,2026-09-01,Unrated,Unrated,Unrated,Unrated,7.0,Small Cap
Chartered Logistics Ltd.,INE558F01026,531977,,Industrials,Road Logistics,2026-09-01,Unrated,Unrated,Unrated,Unrated,8.0,Small Cap
Chatha Foods Ltd,INE0AH901011,544151,,Consumer Staples,Frozen Food,2026-09-01,Unrated,Unrated,Unrated,Unrated,9.0,Small Cap
Chatterbox Technologies Ltd,INE1B4801017,544546,,Industrials,Advertising & Marketing - Diversified,2026-09-01,5.0,9.0,7.0,7.0,1.0,Small Cap
Chavda Infra Ltd,INE0PT101017,,CHAVDA,Industrials,Construction & Engineering - Diversified,2026-09-01,Unrated,Unrated,Unrated,Unrated,8.0,Small Cap
CHD Chemicals Ltd.,INE043U01010,539800,,Materials,Commodity Chemicals Trading,2026-09-01,Unrated,Unrated,Unrated,Unrated,6.0,Small Cap
Chembond Chemical Ltd.,INE0TGX01019,544450,CHEMBONDCH,Materials,Speciality Chemicals - Diversified,2026-09-01,3.0,4.0,3.0,6.0,10.0,Small Cap
Chembond Material Technologies Ltd.,INE995D01025,530871,CHEMBOND,Materials,Speciality Chemicals - Diversified,2026-09-01,Unrated,Unrated,Unrated,Unrated,7.0,Small Cap
Chemcon Speciality Chemicals Ltd.,INE03YM01018,543233,CHEMCON,Materials,Speciality Chemicals - Diversified,2026-09-01,4.0,6.0,7.0,6.0,7.0,Small Cap
Chemcrux Enterprises Ltd.,INE298W01016,540395,,Materials,Speciality Chemicals - Diversified,2026-09-01,Unrated,Unrated,Unrated,Unrated,3.0,Small Cap
Chemfab Alkalis Ltd.,INE783X01023,541269,CHEMFAB,Materials,Commodity Chemicals - Diversified,2026-09-01,2.0,2.0,5.0,5.0,3.0,Small Cap
Chemkart India Ltd,INE0VWL01017,544442,,Healthcare,Recreational Pharmaceuticals,2026-09-01,5.0,9.0,10.0,6.0,9.0,Small Cap
Chemplast Sanmar Ltd.,INE488A01050,543336,CHEMPLASTS,Materials,Speciality Chemicals - Diversified,2026-09-01,1.0,1.0,5.0,1.0,1.0,Small Cap
Chemtech Industrial Valves Ltd.,INE212P01011,537326,,Industrials,Valves and Fittings,2026-09-01,Unrated,Unrated,Unrated,Unrated,5.0,Small Cap
Chennai Ferrous Industries Ltd.,INE777O01016,539011,,Materials,Aluminium Products,2026-09-01,Unrated,Unrated,Unrated,Unrated,3.0,Small Cap
Chennai Petroleum Corporation Ltd.,INE178A01016,500110,CHENNPETRO,Energy & Utilities,Oil & Gas Refining and Marketing,2026-09-01,5.0,9.0,8.0,8.0,9.0,Small Cap
Chetana Education Ltd,INE0U1T01012,,CHETANA,Consumer Staples,Education Services,2026-09-01,Unrated,Unrated,Unrated,Unrated,UNRATED,Small Cap
Cheviot Company Ltd.,INE974B01016,526817,CHEVIOT,Consumer Discretionary,Jute Products,2026-09-01,5.0,8.0,7.0,7.0,7.0,Small Cap
Chiraharit Ltd,INE12P101018,544561,,Industrials,Energy & Power Projects,2026-09-01,4.0,4.0,10.0,6.0,1.0,Small Cap
Chitradurga Spintex Ltd.,INE676G01024,521244,,Consumer Discretionary,Auto Ancillaries Trader,2026-09-01,Unrated,Unrated,Unrated,Unrated,UNRATED,Small Cap
CHL Ltd.,INE790D01020,532992,,Consumer Discretionary,Hotels & Resorts,2026-09-01,Unrated,Unrated,Unrated,Unrated,5.0,Small Cap
Choice International Ltd.,INE102B01014,531358,CHOICEIN,Financial,Brokerage Services,2026-09-01,2.0,2.0,5.0,3.0,5.0,Small Cap
Choksi Asia Ltd.,INE865B01016,530427,,Healthcare,Medical Diagnostics Services,2026-09-01,Unrated,Unrated,Unrated,Unrated,10.0,Small Cap
Choksi Laboratories Ltd.,INE493D01013,526546,,Industrials,Other Industrial Services,2026-09-01,Unrated,Unrated,Unrated,Unrated,7.0,Small Cap
Cholamandalam Financial Holdings Ltd.,INE149A01033,504973,CHOLAHLDNG,Financial,Investment Holding Companies,2026-09-01,2.0,1.0,6.0,6.0,3.0,Small Cap
Cholamandalam Investment and Finance Company Ltd.,INE121A01024,511243,CHOLAFIN,Financial,Commercial Financing,2026-09-01,5.0,9.0,10.0,5.0,7.0,Large Cap
Chordia Food Products Ltd.,INE975C01011,519475,,Consumer Staples,Food Processing - Diversified,2026-09-01,Unrated,Unrated,Unrated,Unrated,6.0,Small Cap
Chothani Foods Ltd.,INE344X01016,540681,,Consumer Staples,Other Agriculture Products,2026-08-26,Unrated,Unrated,Unrated,Unrated,UNRATED,Small Cap
Chowgule Steamships Ltd.,INE490A01015,501833,CHOWGULSTM,Industrials,Marine Logistics,2026-09-01,Unrated,Unrated,Unrated,Unrated,7.0,Small Cap
CHPL Industries Ltd.,INE714Q01014,539335,,Consumer Discretionary,Integrated Textiles,2026-09-01,Unrated,Unrated,Unrated,Unrated,10.0,Small Cap
CIAN Agro Industries & Infrastructure Ltd.,INE052V01019,519477,,Consumer Staples,Edible Oil,2026-09-01,4.0,2.0,8.0,7.0,9.0,Small Cap
Cian Healthcare Ltd.,INE05BN01019,542678,,Healthcare,Branded Medicines,2026-08-31,Unrated,Unrated,Unrated,Unrated,UNRATED,Small Cap
Cil Securities Ltd.,INE830A01012,530829,,Financial,Brokerage Services,2026-09-01,Unrated,Unrated,Unrated,Unrated,4.0,Small Cap
Cindrella Hotels Ltd.,INE908C01012,526373,,Consumer Discretionary,Hotels & Resorts,2026-08-31,Unrated,Unrated,Unrated,Unrated,UNRATED,Small Cap
Cineline India Ltd.,INE704H01022,532807,CINELINE,Real Estate,Real Estate - Diversified,2026-09-01,Unrated,Unrated,Unrated,Unrated,7.0,Small Cap
Cinerad Communications Ltd.,INE959B01017,530457,,Consumer Discretionary,Movie & TV Production & Distribution,2026-09-01,Unrated,Unrated,Unrated,Unrated,2.0,Small Cap
Cinevista Ltd.,INE039B01026,532324,CINEVISTA,Consumer Discretionary,Movie & TV Production & Distribution,2026-09-01,Unrated,Unrated,Unrated,Unrated,5.0,Small Cap
Cipla Ltd.,INE059A01026,500087,CIPLA,Healthcare,Branded Medicines,2026-09-01,3.0,7.0,5.0,5.0,5.0,Large Cap
Citadel Realty & Developers Ltd.,INE906D01014,502445,,Real Estate,Real Estate Development,2026-09-01,Unrated,Unrated,Unrated,Unrated,4.0,Small Cap
Citichem India Ltd,INE0A8401016,544324,,Materials,Speciality Chemicals - Diversified,2026-09-01,Unrated,Unrated,Unrated,Unrated,UNRATED,Small Cap
Citi Port Financial Services Ltd.,INE494D01011,531235,,Financial,Other Financial Institutions,2026-09-01,Unrated,Unrated,Unrated,Unrated,9.0,Small Cap
Citizen Infoline Ltd.,INE473L01018,538786,,Technology,IT Services & Consulting,2026-09-01,5.0,7.0,8.0,4.0,9.0,Small Cap
Citurgia Biochemicals Ltd.,INE795B01031,506373,CITURGIBIO,Materials,Commodity Chemicals - Diversified,2026-08-31,Unrated,Unrated,Unrated,Unrated,UNRATED,Small Cap
City Crops Agro Ltd,INE0M7501019,544000,,Consumer Discretionary,Wholesale Distributors,2026-09-01,Unrated,Unrated,Unrated,Unrated,UNRATED,Small Cap
Cityman Ltd.,INE117C01010,521210,,Consumer Discretionary,Readymade Garment,2026-09-01,Unrated,Unrated,Unrated,Unrated,UNRATED,Small Cap
City Pulse Multiventures Ltd.,INE056001014,542727,,Consumer Discretionary,Movie & TV Production & Distribution,2026-09-01,Unrated,Unrated,Unrated,Unrated,1.0,Small Cap
City Union Bank Ltd.,INE491A01021,532210,CUB,Financial,Banks - Diversified,2026-09-01,4.0,8.0,7.0,6.0,3.0,Small Cap
CJ Gelatine Products Ltd.,INE557D01015,507515,,Materials,Speciality Chemicals - Diversified,2026-09-01,Unrated,Unrated,Unrated,Unrated,UNRATED,Small Cap
C K K Retail Mart Ltd,INE0SMX01019,,CKKRETAIL,Consumer Staples,Food Retail,2026-09-01,5.0,9.0,5.0,7.0,8.0,Small Cap
Clara Industries Ltd.,INE0JJS01014,543435,,Materials,Plastic Materials,2026-08-25,Unrated,Unrated,Unrated,Unrated,UNRATED,Small Cap
Classic Electrodes (India) Ltd,INE0UQ601012,,CLASSICEIL,Industrials,Electrodes,2026-09-01,4.0,5.0,9.0,6.0,5.0,Small Cap
Classic Filaments Ltd.,INE181U01018,540310,,Consumer Discretionary,Synthetic Fabrics,2026-08-31,Unrated,Unrated,Unrated,Unrated,UNRATED,Small Cap
Classic Leasing & Finance Ltd.,INE949C01016,540481,,Financial,Miscellaneous Financial Services,2026-09-01,Unrated,Unrated,Unrated,Unrated,10.0,Small Cap
Clay Craft India Ltd,INE1QGM01024,,CLAYCRAFT,Consumer Discretionary,Kitchenware & Appliances,2026-09-01,5.0,10.0,6.0,7.0,UNRATED,Small Cap
CLC Industries Ltd.,INE376C01020,521082,SPENTEX,Consumer Discretionary,Yarn,2026-08-31,Unrated,Unrated,Unrated,Unrated,UNRATED,Small Cap
Clean Max Enviro Energy Solutions Ltd,INE647U01026,544717,CLEANMAX,Energy & Utilities,Renewable Electricity Generation,2026-09-01,3.0,4.0,9.0,4.0,UNRATED,Small Cap
Clean Science And Technology Ltd.,INE227W01023,543318,CLEAN,Materials,Speciality Chemicals - Diversified,2026-09-01,4.0,9.0,6.0,5.0,6.0,Small Cap
Clear Secured Services Ltd,INE1EF801010,,CSSL,Industrials,Business Services - Diversified,2026-09-01,3.0,3.0,6.0,6.0,1.0,Small Cap
CL Educate Ltd.,INE201M01029,540403,CLEDUCATE,Consumer Staples,Education Services,2026-09-01,Unrated,Unrated,Unrated,Unrated,7.0,Small Cap
Clenon Enterprises Ltd.,INE769B01028,517564,,Industrials,Wires & Cables,2026-08-31,Unrated,Unrated,Unrated,Unrated,UNRATED,Small Cap
Clinitech Laboratory Ltd,INE0QMR01015,544220,,Healthcare,Medical Diagnostics Services,2026-09-01,Unrated,Unrated,Unrated,Unrated,UNRATED,Small Cap
Clio Infotech Ltd.,INE011B01017,530839,,Technology,IT Services & Consulting,2026-09-01,Unrated,Unrated,Unrated,Unrated,10.0,Small Cap
CLN Energy Ltd,INE0WDX01010,544347,,Consumer Discretionary,Automotive Batteries,2026-09-01,Unrated,Unrated,Unrated,Unrated,9.0,Small Cap
Chennai Meenakshi Multispeciality Hospital Ltd.,INE889F01017,523489,,Healthcare,Hospitals & Clinics,2026-09-01,Unrated,Unrated,Unrated,Unrated,6.0,Small Cap
CMR Green Technologies Ltd,INE00WV01027,544777,CMRGREEN,Materials,Aluminium,2026-09-01,1.0,1.0,5.0,1.0,UNRATED,Small Cap
CMS Info Systems Ltd.,INE925R01014,543441,CMSINFO,Industrials,Other Business Services,2026-09-01,4.0,9.0,6.0,7.0,1.0,Small Cap
CMX Holdings Ltd.,INE027F01014,532217,,Financial,Miscellaneous Financial Services,2026-09-01,Unrated,Unrated,Unrated,Unrated,5.0,Small Cap
Coal India Ltd.,INE522F01014,533278,COALINDIA,Materials,Coal & Lignite,2026-09-01,5.0,10.0,7.0,9.0,4.0,Large Cap
Coastal Corporation Ltd.,INE377E01024,501831,COASTCORP,Consumer Staples,Aquaculture,2026-09-01,3.0,1.0,5.0,6.0,6.0,Small Cap
Coastal Roadways Ltd.,INE229E01019,520131,,Industrials,Road Transport,2026-08-26,Unrated,Unrated,Unrated,Unrated,UNRATED,Small Cap
Cochin Malabar Estates & Industries Ltd.,INE788M01017,508571,,Materials,Rubber & Rubber Products,2026-09-01,Unrated,Unrated,Unrated,Unrated,6.0,Small Cap
Cochin Minerals & Rutile Ltd.,INE105D01013,513353,,Materials,Silver Mining,2026-09-01,Unrated,Unrated,Unrated,Unrated,8.0,Small Cap
Cochin Shipyard Ltd.,INE704P01025,540678,COCHINSHIP,Industrials,Shipbuilding & Maintenance,2026-09-01,3.0,8.0,4.0,3.0,4.0,Mid Cap
Coffee Day Enterprises Ltd.,INE335K01011,539436,COFFEEDAY,Consumer Discretionary,Cruise Lines,2026-09-01,1.0,1.0,6.0,3.0,4.0,Small Cap
Coforge Ltd.,INE591G01025,532541,COFORGE,Technology,IT Services & Consulting,2026-09-01,4.0,8.0,6.0,5.0,8.0,Mid Cap
Cohance Lifesciences Ltd.,INE03QK01018,543064,COHANCE,Healthcare,Pharmaceuticals - Diversified,2026-09-01,2.0,6.0,4.0,3.0,6.0,Small Cap
Colab Platforms Ltd.,INE317W01030,542866,,Financial,Investment Management - Diversified,2026-08-31,Unrated,Unrated,Unrated,Unrated,UNRATED,Small Cap
Colgate-Palmolive (India) Ltd.,INE259A01022,500830,COLPAL,Consumer Staples,Personal Hygiene,2026-09-01,3.0,10.0,6.0,5.0,1.0,Mid Cap
Colinz Laboratories Ltd.,INE923C01011,531210,,Healthcare,Pharmaceuticals - Diversified,2026-09-01,Unrated,Unrated,Unrated,Unrated,9.0,Small Cap
Colorchips New Media Ltd.,INE621I01034,540023,,Consumer Discretionary,Movie & TV Production & Distribution,2026-09-01,Unrated,Unrated,Unrated,Unrated,3.0,Small Cap
Comfort Commotrade Ltd.,INE456N01019,534691,,Financial,Brokerage Services,2026-09-01,Unrated,Unrated,Unrated,Unrated,4.0,Small Cap
Comfort Fincap Ltd.,INE274M01026,535267,,Financial,NBFC - Diversified,2026-09-01,Unrated,Unrated,Unrated,Unrated,5.0,Small Cap
Comfort Intech Ltd.,INE819A01049,531216,,Financial,Consumer Financing,2026-09-01,Unrated,Unrated,Unrated,Unrated,3.0,Small Cap
Command Polymers Ltd.,INE0LKQ01012,543843,,Materials,Speciality Chemicals - Diversified,2026-08-26,Unrated,Unrated,Unrated,Unrated,UNRATED,Small Cap
Commercial Syn Bags Ltd.,INE073V01015,539986,COMSYN,Materials,Containers & Packaging - Diversified,2026-09-01,2.0,3.0,5.0,2.0,10.0,Small Cap
Committed Cargo Care Ltd,INE597Z01014,,COMMITTED,Industrials,Multimodal Logistics,2026-09-01,Unrated,Unrated,Unrated,Unrated,10.0,Small Cap
Competent Automobiles Company Ltd.,INE823B01015,531041,,Consumer Discretionary,Automobile Dealerships,2026-09-01,Unrated,Unrated,Unrated,Unrated,4.0,Small Cap
Compuage Infocom Ltd.,INE070C01037,532456,COMPINFO,Technology,Technology Hardware - Diversified,2026-09-01,Unrated,Unrated,Unrated,Unrated,1.0,Small Cap
Compucom Software Ltd.,INE453B01029,532339,COMPUSOFT,Technology,Software,2026-09-01,Unrated,Unrated,Unrated,Unrated,3.0,Small Cap
Computer Point Ltd.,INE607B01012,507833,,Technology,Computer Hardware,2026-09-01,Unrated,Unrated,Unrated,Unrated,3.0,Small Cap
Comrade Appliances Ltd,INE0NXA01015,543921,,Consumer Discretionary,Household Appliances,2026-08-31,Unrated,Unrated,Unrated,Unrated,3.0,Small Cap
Conart Engineers Ltd.,INE714D01020,522231,,Industrials,Building Contractors,2026-09-01,Unrated,Unrated,Unrated,Unrated,7.0,Small Cap
Concord Biotech Ltd,INE338H01029,543960,CONCORDBIO,Healthcare,API / Generic Pharmaceuticals,2026-09-01,3.0,7.0,7.0,4.0,7.0,Small Cap
Concord Control Systems Ltd.,INE0N0J01014,543619,,Industrials,Railway Transport,2026-09-01,Unrated,Unrated,Unrated,Unrated,7.0,Small Cap
Concord Drugs Ltd.,INE858L01010,538965,,Healthcare,Branded Medicines,2026-09-01,Unrated,Unrated,Unrated,Unrated,7.0,Small Cap
Concord Enviro Systems Ltd,INE037Z01029,544315,CEWATER,Industrials,Waste Management,2026-09-01,1.0,1.0,3.0,4.0,2.0,Small Cap
Confidence Futuristic Energetech Ltd.,INE700F01024,539991,,Energy & Utilities,Oil & Gas Services,2026-09-01,Unrated,Unrated,Unrated,Unrated,3.0,Small Cap
Confidence Finance And Trading Ltd.,INE180M01033,504340,,Financial,Miscellaneous Financial Services,2026-09-01,Unrated,Unrated,Unrated,Unrated,8.0,Small Cap
Confidence Petroleum India Ltd.,INE552D01024,526829,CONFIPET,Energy & Utilities,Oil & Gas Storage,2026-09-01,3.0,2.0,5.0,5.0,10.0,Small Cap
Connplex Cinemas Ltd,INE0EAS01014,,CONNPLEX,Consumer Discretionary,Media & Entertainment Conglomerate,2026-09-01,5.0,10.0,9.0,7.0,6.0,Small Cap
Consecutive Investments & Trading Company Ltd.,INE187R01029,539091,,Financial,Investment Services,2026-09-01,Unrated,Unrated,Unrated,Unrated,8.0,Small Cap
Consolidated Construction Consortium Ltd.,INE429I01024,532902,CCCL,Industrials,Construction & Engineering - Diversified,2026-09-01,3.0,4.0,6.0,7.0,5.0,Small Cap
Consolidated Finvest & Holdings Ltd.,INE025A01027,500226,CONSOFINVT,Financial,NBFC - Diversified,2026-09-01,5.0,6.0,6.0,7.0,9.0,Small Cap
Constronics Infra Ltd.,INE537B01011,523844,,Industrials,Construction & Engineering - Diversified,2026-09-01,Unrated,Unrated,Unrated,Unrated,5.0,Small Cap
Container Corporation Of India Ltd.,INE111A01025,531344,CONCOR,Industrials,Transportation - Diversified,2026-09-01,3.0,8.0,6.0,5.0,4.0,Mid Cap
Containerway International Ltd.,INE319U01022,540597,,Industrials,Multimodal Logistics,2026-09-01,Unrated,Unrated,Unrated,Unrated,6.0,Small Cap
Containe Technologies Ltd.,INE0M8901010,543606,,Consumer Discretionary,Auto Ancillaries,2026-09-01,Unrated,Unrated,Unrated,Unrated,UNRATED,Small Cap
Contil India Ltd.,INE080G01029,531067,,Consumer Staples,Specialised Foods Products,2026-09-01,Unrated,Unrated,Unrated,Unrated,4.0,Small Cap
Continental Chemicals Ltd.,INE423K01015,506935,,Technology,Software & Services - Diversified,2026-09-01,Unrated,Unrated,Unrated,Unrated,1.0,Small Cap
Continental Controls Ltd.,INE545B01022,531460,,Industrials,Other Machinery,2026-09-01,Unrated,Unrated,Unrated,Unrated,9.0,Small Cap
Continental Petroleums Ltd.,INE369D01023,523232,,Materials,Lubricants & Grease,2026-09-01,Unrated,Unrated,Unrated,Unrated,3.0,Small Cap
Continental Securities Ltd.,INE183Q01020,538868,,Financial,NBFC - Diversified,2026-09-01,Unrated,Unrated,Unrated,Unrated,7.0,Small Cap
Continental Seeds and Chemicals Ltd.,INE340Z01019,,CONTI,Consumer Staples,Other Agriculture Products,2026-09-01,Unrated,Unrated,Unrated,Unrated,UNRATED,Small Cap
Control Print Ltd.,INE663B01015,522295,CONTROLPR,Technology,Computer Hardware,2026-09-01,3.0,6.0,6.0,5.0,3.0,Small Cap
Cool Caps Industries Ltd.,INE0HS001028,,COOLCAPS,Materials,Plastic Materials,2026-09-01,Unrated,Unrated,Unrated,Unrated,1.0,Small Cap
Coral India Finance & Housing Ltd.,INE558D01021,531556,CORALFINAC,Industrials,Residential Building Construction,2026-09-01,Unrated,Unrated,Unrated,Unrated,4.0,Small Cap
Coral Laboratories Ltd.,INE683E01017,524506,,Healthcare,Branded Medicines,2026-09-01,Unrated,Unrated,Unrated,Unrated,9.0,Small Cap
Cords Cable Industries Ltd.,INE792I01017,532941,CORDSCABLE,Industrials,Wires & Cables,2026-09-01,Unrated,Unrated,Unrated,Unrated,9.0,Small Cap
Coromandel Engineering Company Ltd.,INE312J01012,533167,COROENGG,Industrials,Construction & Engineering - Diversified,2026-09-01,2.0,1.0,5.0,3.0,1.0,Small Cap
Coromandel International Ltd.,INE169A01031,506395,COROMANDEL,Materials,Fertilisers,2026-09-01,3.0,7.0,5.0,5.0,2.0,Mid Cap
CORONA Remedies Ltd,INE02ZQ01018,544644,CORONA,Healthcare,Branded Medicines,2026-09-01,4.0,10.0,8.0,2.0,10.0,Small Cap
Corporate Merchant Bankers Ltd.,INE850R01014,540199,,Financial,NBFC - Diversified,2026-08-31,Unrated,Unrated,Unrated,Unrated,UNRATED,Small Cap
Cosco (India) Ltd.,INE949B01018,530545,,Consumer Discretionary,Sports Products,2026-09-01,Unrated,Unrated,Unrated,Unrated,4.0,Small Cap
Cosmic CRF Ltd,INE0ORA01015,543928,,Materials,Iron & Steel,2026-09-01,Unrated,Unrated,Unrated,Unrated,8.0,Small Cap
Cosmo Ferrites Ltd.,INE124B01018,523100,,Industrials,Electronic Equipment,2026-09-01,Unrated,Unrated,Unrated,Unrated,9.0,Small Cap
Cosmo First Ltd.,INE757A01017,508814,COSMOFIRST,Materials,Other Packaging Materials,2026-09-01,3.0,4.0,7.0,5.0,9.0,Small Cap
Cospower Engineering Ltd.,INE0CQB01010,543172,,Industrials,Industrial Machinery,2026-09-01,Unrated,Unrated,Unrated,Unrated,10.0,Small Cap
COSYN Ltd.,INE029B01019,538922,,Technology,IT Services & Consulting,2026-09-01,Unrated,Unrated,Unrated,Unrated,6.0,Small Cap
Country Club Hospitality & Holidays Ltd.,INE652F01027,526550,CCHHL,Consumer Discretionary,Hotels & Resorts,2026-09-01,Unrated,Unrated,Unrated,Unrated,3.0,Small Cap
Country Condo's Ltd.,INE695B01025,531624,COUNCODOS,Real Estate,Real Estate Development,2026-09-01,Unrated,Unrated,Unrated,Unrated,8.0,Small Cap
Covance Softsol Ltd.,INE0R8101016,544361,,Technology,IT Services & Consulting,2026-09-01,Unrated,Unrated,Unrated,Unrated,10.0,Small Cap
Covidh Technologies Ltd.,INE899M01012,534920,,Technology,IT Services & Consulting,2026-09-01,Unrated,Unrated,Unrated,Unrated,10.0,Small Cap
CP Capital Ltd.,INE521J01018,533260,CAREERP,Consumer Staples,Education Services,2026-09-01,Unrated,Unrated,Unrated,Unrated,8.0,Small Cap
C P S Shapers Ltd,INE0QBU01012,,CPS,Consumer Discretionary,Sportswear & Outdoors Clothing,2026-09-01,Unrated,Unrated,Unrated,Unrated,7.0,Small Cap
Craftsman Automation Ltd.,INE00LO01017,543276,CRAFTSMAN,Consumer Discretionary,Engine & Powertrains,2026-09-01,3.0,4.0,8.0,4.0,9.0,Small Cap
Crane Infrastructure Ltd.,INE176L01017,538770,,Industrials,Residential Building Construction,2026-09-01,Unrated,Unrated,Unrated,Unrated,3.0,Small Cap
Cranes Software International Ltd.,INE234B01023,512093,CRANESSOFT,Technology,Software,2026-09-01,Unrated,Unrated,Unrated,Unrated,8.0,Small Cap
Cranex Ltd.,INE608B01010,522001,,Industrials,Heavy Machinery & Earthmovers,2026-09-01,Unrated,Unrated,Unrated,Unrated,7.0,Small Cap
Cravatex Ltd.,INE145E01017,509472,,Consumer Discretionary,Readymade Garment,2026-09-01,Unrated,Unrated,Unrated,Unrated,4.0,Small Cap
Crayons Advertising Ltd,INE0OFK01019,,CRAYONS,Industrials,Advertising Agency,2026-09-01,Unrated,Unrated,Unrated,Unrated,2.0,Small Cap
Crazy Snacks Ltd,INE0RBX01014,,,Consumer Staples,Snacks & Food Confectionery,2026-09-01,3.0,1.0,6.0,7.0,UNRATED,Small Cap
Creative Castings Ltd.,INE146E01015,539527,,Materials,Iron & Steel,2026-09-01,Unrated,Unrated,Unrated,Unrated,7.0,Small Cap
Creative Eye Ltd.,INE230B01021,532392,CREATIVEYE,Consumer Discretionary,Movie & TV Production & Distribution,2026-09-01,Unrated,Unrated,Unrated,Unrated,5.0,Small Cap
Creative Graphics Solutions India Ltd,INE0R7401011,,CGRAPHICS,Industrials,Printing,2026-09-01,Unrated,Unrated,Unrated,Unrated,4.0,Small Cap
Creative Newtech Ltd.,INE985W01018,544631,CREATIVE,Technology,Technology Hardware Trading,2026-09-01,3.0,1.0,8.0,5.0,10.0,Small Cap
Credent Connect N Care Ltd.,INE1KPX01025,,CREDENT,Industrials,Multimodal Logistics,2026-09-01,2.0,3.0,5.0,5.0,UNRATED,
CreditAccess Grameen Ltd.,INE741K01010,541770,CREDITACC,Financial,NBFC - Diversified,2026-09-01,5.0,9.0,9.0,6.0,6.0,Small Cap
Credo Brands Marketing Ltd,INE220Q01020,544058,MUFTI,Consumer Discretionary,Readymade Garment,2026-09-01,3.0,5.0,5.0,9.0,2.0,Small Cap
Cressanda Railway Solutions Ltd.,INE716D01033,512379,,Technology,IT Services & Consulting,2026-09-01,Unrated,Unrated,Unrated,Unrated,4.0,Small Cap
Crestchem Ltd.,INE293N01016,526269,,Materials,Speciality Chemicals - Diversified,2026-09-01,Unrated,Unrated,Unrated,Unrated,8.0,Small Cap
Crest Ventures Ltd.,INE559D01011,511413,CREST,Financial,Brokerage Services,2026-09-01,3.0,4.0,6.0,4.0,6.0,Small Cap
Crimson Metal Engineering Company Ltd.,INE318P01016,526977,,Industrials,Steel Tubes & Pipes,2026-09-01,Unrated,Unrated,Unrated,Unrated,UNRATED,Small Cap
CRISIL Ltd.,INE007A01025,500092,CRISIL,Industrials,Credit Ratings & Information,2026-09-01,4.0,10.0,7.0,4.0,3.0,Small Cap
Crizac Ltd,INE0S4R01014,544439,CRIZAC,Industrials,Other Business Services,2026-09-01,4.0,9.0,6.0,8.0,1.0,Small Cap
Croissance Ltd.,INE587J01027,531909,,Real Estate,Real Estate Operations,2026-09-01,Unrated,Unrated,Unrated,Unrated,1.0,Small Cap
Crompton Greaves Consumer Electricals Ltd.,INE299U01018,539876,CROMPTON,Consumer Discretionary,Household Appliances,2026-09-01,3.0,7.0,6.0,5.0,2.0,Small Cap
Crop Life Science Ltd,INE00NH01017,,CLSL,Materials,Pesticides,2026-09-01,Unrated,Unrated,Unrated,Unrated,10.0,Small Cap
PlanterS Polysacks Ltd.,INE293E01031,523105,,Consumer Staples,Other Agriculture Products,2026-09-01,2.0,1.0,6.0,7.0,1.0,Small Cap
Crown Lifters Ltd.,INE491V01019,,CROWN,Industrials,Heavy Machinery & Earthmovers,2026-09-01,Unrated,Unrated,Unrated,Unrated,3.0,Small Cap
Cryogenic OGS Ltd,INE0TL001013,544440,,Energy & Utilities,Oil & Gas Equipment,2026-09-01,Unrated,Unrated,Unrated,Unrated,10.0,Small Cap
Crystal Business System Ltd.,INE994R01028,540821,,Consumer Discretionary,Television Broadcasting,2026-09-01,Unrated,Unrated,Unrated,Unrated,7.0,Small Cap
CSB Bank Ltd.,INE679A01013,542867,CSBBANK,Financial,Banks - Diversified,2026-09-01,5.0,8.0,9.0,7.0,3.0,Small Cap
CSL Finance Ltd.,INE718F01018,530067,CSLFINANCE,Financial,Mortgage/Housing Finance,2026-09-01,4.0,5.0,7.0,8.0,3.0,Small Cap
CSM Technologies Ltd,INE0ZK601013,544806,CSM,Technology,IT Services & Consulting,2026-09-01,3.0,6.0,5.0,5.0,UNRATED,Small Cap
Cubex Tubings Ltd.,INE144D01012,526027,CUBEXTUB,Materials,Other Non-Ferrous Metal Mining,2026-09-01,Unrated,Unrated,Unrated,Unrated,3.0,Small Cap
Cummins India Ltd.,INE298A01020,500480,CUMMINSIND,Industrials,Diesel Engines,2026-09-01,4.0,10.0,7.0,3.0,8.0,Large Cap
Cupid Ltd.,INE509F01029,530843,CUPID,Consumer Staples,Personal Hygiene,2026-09-01,2.0,7.0,4.0,1.0,4.0,Small Cap
Cupid Trades & Finance Ltd.,INE108G01010,512361,,Financial,Leasing and Hire Purchase,2026-09-01,Unrated,Unrated,Unrated,Unrated,1.0,Small Cap
Cura Technologies Ltd.,INE117B01012,532332,CURAA,Technology,Software,2026-09-01,Unrated,Unrated,Unrated,Unrated,2.0,Small Cap
Curis Lifesciences Ltd,INE1BZN01016,,CURIS,Healthcare,API / Generic Pharmaceuticals,2026-09-01,4.0,6.0,5.0,7.0,5.0,Small Cap
Current Infraprojects Ltd,INE1CRQ01014,,CURRENT,Industrials,Construction & Engineering - Diversified,2026-09-01,4.0,6.0,7.0,6.0,UNRATED,Small Cap
CWD Ltd.,INE0H8H01019,543378,,Technology,Technology Equipment & Parts,2026-09-01,Unrated,Unrated,Unrated,Unrated,6.0,Small Cap
Cybele Industries Ltd.,INE183D01010,531472,,Industrials,Wires & Cables,2026-09-01,Unrated,Unrated,Unrated,Unrated,7.0,Small Cap
Cyber Media (India) Ltd.,INE278G01037,532640,CYBERMEDIA,Consumer Discretionary,Publishing - Diversified,2026-09-01,Unrated,Unrated,Unrated,Unrated,8.0,Small Cap
Cyber Media Research & Services Ltd.,INE075Z01011,,CMRSL,Industrials,Professional Services,2026-09-01,Unrated,Unrated,Unrated,Unrated,UNRATED,Small Cap
CyberTech Systems And Software Ltd.,INE214A01019,532173,CYBERTECH,Technology,IT Services & Consulting,2026-09-01,5.0,9.0,7.0,8.0,6.0,Small Cap
Cyient Ltd.,INE136B01020,532175,CYIENT,Technology,Software,2026-09-01,3.0,7.0,6.0,5.0,4.0,Small Cap
Cyient DLM Ltd,INE055S01018,543933,CYIENTDLM,Industrials,Electronic Components,2026-09-01,3.0,1.0,4.0,5.0,10.0,Small Cap
Dabur India Ltd.,INE016A01026,500096,DABUR,Consumer Staples,Household & Personal Products - Diversified,2026-09-01,3.0,9.0,6.0,5.0,1.0,Mid Cap
Dachepalli Publishers Ltd,INE1F9M01018,,,Consumer Discretionary,Book Publishing,2026-09-01,4.0,1.0,8.0,8.0,UNRATED,Small Cap
Dai-Ichi Karkaria Ltd.,INE928C01010,526821,DAICHIKARK,Materials,Speciality Chemicals - Diversified,2026-09-01,Unrated,Unrated,Unrated,Unrated,8.0,Small Cap
Daikaffil Chemicals India Ltd.,INE789B01018,530825,,Materials,Diversified Chemicals,2026-09-01,Unrated,Unrated,Unrated,Unrated,2.0,Small Cap
Dalal Street Investments Ltd.,INE422D01012,501148,,Financial,Financial Services - Diversified,2026-09-01,Unrated,Unrated,Unrated,Unrated,5.0,Small Cap
Dalmia Bharat Ltd.,INE00R701025,542216,DALBHARAT,Materials,Cement,2026-09-01,2.0,5.0,6.0,4.0,2.0,Mid Cap
Dalmia Bharat Sugar And Industries Ltd.,INE495A01022,500097,DALMIASUG,Consumer Staples,Sugar,2026-09-01,3.0,4.0,4.0,5.0,10.0,Small Cap
Dalmia Industrial Development Ltd.,INE642P01019,539900,,Diversified,Diversified Trading,2026-09-01,Unrated,Unrated,Unrated,Unrated,8.0,Small Cap
DAM Capital Advisors Ltd,INE284H01025,544316,DAMCAPITAL,Financial,Investment Banking,2026-09-01,4.0,10.0,6.0,6.0,3.0,Small Cap
Damodar Industries Ltd.,INE497D01022,521220,DAMODARIND,Consumer Discretionary,Yarn,2026-09-01,Unrated,Unrated,Unrated,Unrated,6.0,Small Cap
Dangee Dums Ltd.,INE688Y01022,,DANGEE,Consumer Staples,Bakery Product,2026-09-01,Unrated,Unrated,Unrated,Unrated,3.0,Small Cap
Danish Power Ltd,INE0YU901016,,DANISH,Industrials,Transformers & Transmission Equipment,2026-09-01,Unrated,Unrated,Unrated,Unrated,7.0,Small Cap
Danlaw Technologies India Ltd.,INE310B01013,532329,,Technology,Technology Equipment & Parts,2026-09-01,3.0,3.0,7.0,4.0,10.0,Small Cap
Danube Industries Ltd.,INE575D01041,540361,,Technology,Technology Hardware - Diversified,2026-09-01,Unrated,Unrated,Unrated,Unrated,8.0,Small Cap
DAPS Advertising Ltd.,INE975Z01012,543651,,Industrials,Advertising & Marketing - Diversified,2026-08-31,Unrated,Unrated,Unrated,Unrated,UNRATED,Small Cap
Dar Credit & Capital Ltd,INE04Q901010,,DCCL,Financial,NBFC - Diversified,2026-09-01,Unrated,Unrated,Unrated,Unrated,UNRATED,Small Cap
Darjeeling Ropeway Co Ltd.,INE830S01014,539770,,Real Estate,Real Estate Development,2026-09-01,Unrated,Unrated,Unrated,Unrated,3.0,Small Cap
Darshan Orna Ltd.,INE671T01028,539884,,Consumer Discretionary,Gems & Jewellery,2026-09-01,Unrated,Unrated,Unrated,Unrated,3.0,Small Cap
Datamatics Global Services Ltd.,INE365B01017,532528,DATAMATICS,Technology,IT Services & Consulting,2026-09-01,5.0,8.0,8.0,6.0,6.0,Small Cap
Data Patterns (India) Ltd.,INE0IX101010,543428,DATAPATTNS,Industrials,Defence & Aerospace Diversified,2026-09-01,3.0,3.0,7.0,3.0,9.0,Small Cap
Datasoft Application Software (India) Ltd.,INE072B01027,526443,,Technology,Software,2026-09-01,2.0,4.0,6.0,6.0,3.0,Small Cap
Datiware Maritime Infra Ltd.,INE673U01014,519413,,Consumer Staples,Aquaculture,2026-09-01,Unrated,Unrated,Unrated,Unrated,UNRATED,Small Cap
Daulat Securities Ltd.,INE108C01019,530171,,Financial,NBFC - Diversified,2026-09-01,Unrated,Unrated,Unrated,Unrated,5.0,Small Cap
Davangere Sugar Company Ltd.,INE179G01029,543267,DAVANGERE,Consumer Staples,Sugar,2026-09-01,1.0,1.0,3.0,5.0,2.0,Small Cap
Davin Sons Retail Ltd,INE0Q2L01013,544331,,Consumer Discretionary,Readymade Garment,2026-08-28,Unrated,Unrated,Unrated,Unrated,UNRATED,Small Cap
D.B. Corp Ltd.,INE950I01011,533151,DBCORP,Industrials,Advertising & Marketing - Diversified,2026-09-01,4.0,9.0,6.0,8.0,2.0,Small Cap
DB (International) Stock Brokers Ltd.,INE921B01025,530393,DBSTOCKBRO,Financial,Brokerage Services,2026-09-01,Unrated,Unrated,Unrated,Unrated,9.0,Small Cap
DCB Bank Ltd.,INE503A01015,532772,DCBBANK,Financial,Banks - Diversified,2026-09-01,4.0,5.0,8.0,6.0,9.0,Small Cap
DCG Cables & Wires Ltd,INE0S8401018,,DCG,Industrials,Wires & Cables,2026-09-01,Unrated,Unrated,Unrated,Unrated,4.0,Small Cap
DC Infotech and Communication Ltd.,INE0A1101019,543636,DCI,Technology,Software & Services - Diversified,2026-09-01,4.0,6.0,8.0,5.0,9.0,Small Cap
DCM Ltd.,INE498A01018,502820,DCM,Consumer Discretionary,Automobile Manufacturers,2026-09-01,Unrated,Unrated,Unrated,Unrated,5.0,Small Cap
DCM Financial Services Ltd.,INE891B01012,511611,DCMFINSERV,Financial,NBFC - Diversified,2026-09-01,Unrated,Unrated,Unrated,Unrated,7.0,Small Cap
DCM Nouvelle Ltd.,INE08KP01019,542729,DCMNVL,Consumer Discretionary,Yarn,2026-09-01,Unrated,Unrated,Unrated,Unrated,8.0,Small Cap
DCM Shriram Ltd.,INE499A01024,523367,DCMSHRIRAM,Materials,Diversified Chemicals,2026-09-01,3.0,6.0,6.0,6.0,3.0,Small Cap
DCM Shriram Fine Chemicals Ltd.,INE0OFM01015,544703,DSFCL,Materials,Diversified Chemicals,2026-09-01,Unrated,Unrated,Unrated,Unrated,1.0,Small Cap
DCM Shriram Industries Ltd.,INE843D01027,523369,DCMSRIND,Consumer Staples,Sugar,2026-09-01,2.0,3.0,5.0,4.0,6.0,Small Cap
DCM Shriram International Ltd.,INE0OU201013,544702,DCMSIL,Consumer Discretionary,Integrated Textiles,2026-09-01,Unrated,Unrated,Unrated,Unrated,10.0,Small Cap
DCW Ltd.,INE500A01029,500117,DCW,Materials,Diversified Chemicals,2026-09-01,2.0,1.0,6.0,7.0,3.0,Small Cap
DCX Systems Ltd.,INE0KL801015,543650,DCXINDIA,Industrials,Wires & Cables,2026-09-01,3.0,2.0,6.0,7.0,5.0,Small Cap
Ddev Plastiks Industries Ltd.,INE0HR601026,543547,DDEVPLSTIK,Materials,Plastic Materials,2026-09-01,3.0,3.0,4.0,7.0,6.0,Small Cap
Debock Industries Ltd.,INE411Y01011,,DIL,Industrials,Tractors & Farm Machinery,2026-08-31,Unrated,Unrated,Unrated,Unrated,UNRATED,Small Cap
Deccan Bearings Ltd.,INE498D01012,505703,,Industrials,Ball Bearings,2026-08-31,Unrated,Unrated,Unrated,Unrated,UNRATED,Small Cap
Deccan Cements Ltd.,INE583C01021,502137,DECCANCE,Materials,Cement,2026-09-01,1.0,1.0,4.0,5.0,1.0,Small Cap
Deccan Gold Mines Ltd.,INE945F01025,512068,,Materials,Gold Mining & Refining,2026-09-01,2.0,1.0,4.0,2.0,10.0,Small Cap
Deccan Health Care Ltd.,INE452W01019,542248,,Healthcare,Branded Medicines,2026-09-01,Unrated,Unrated,Unrated,Unrated,4.0,Small Cap
Deccan Transcon Leasing Ltd,INE0S7C01019,,DECCANTRAN,Industrials,Multimodal Logistics,2026-09-01,Unrated,Unrated,Unrated,Unrated,4.0,Small Cap
Decillion Finance Ltd.,INE848N01017,539190,,Financial,NBFC - Diversified,2026-09-01,Unrated,Unrated,Unrated,Unrated,4.0,Small Cap
Decipher Labs Ltd.,INE643N01012,524752,,Healthcare,Pharmaceuticals - Diversified,2026-09-01,Unrated,Unrated,Unrated,Unrated,3.0,Small Cap
Deco-Mica Ltd.,INE907E01010,531227,,Consumer Discretionary,Home Furnishing & Decor,2026-09-01,Unrated,Unrated,Unrated,Unrated,5.0,Small Cap
DEE Development Engineers Ltd,INE841L01016,544198,DEEDEV,Industrials,Other Industrial Services,2026-09-01,2.0,1.0,5.0,2.0,10.0,Small Cap
Deem Roll Tech Ltd,INE586O01011,,DEEM,Materials,Iron & Steel,2026-09-01,Unrated,Unrated,Unrated,Unrated,UNRATED,Small Cap
Deep Industries Ltd.,INE0FHS01024,543288,DEEPINDS,Energy & Utilities,Oil & Gas Services,2026-09-01,4.0,5.0,8.0,4.0,10.0,Small Cap
Deepak Builders & Engineers India Ltd,INE0OPA01027,544276,DBEIL,Industrials,Construction & Engineering - Diversified,2026-09-01,2.0,1.0,6.0,7.0,3.0,Small Cap
Deepak Chemtex Ltd,INE0RDM01013,544036,,Materials,Coloring Agents,2026-09-01,Unrated,Unrated,Unrated,Unrated,3.0,Small Cap
Deepak Fertilisers And Petrochemicals Corporation Ltd.,INE501A01019,500645,DEEPAKFERT,Materials,Commodity Chemicals - Diversified,2026-09-01,2.0,2.0,6.0,4.0,8.0,Small Cap
Deepak Nitrite Ltd.,INE288B01029,506401,DEEPAKNTR,Materials,Speciality Chemicals - Diversified,2026-09-01,3.0,7.0,6.0,5.0,5.0,Small Cap
Deepak Spinners Ltd.,INE272C01013,514030,DEEPAKSPIN,Consumer Discretionary,Yarn,2026-09-01,Unrated,Unrated,Unrated,Unrated,7.0,Small Cap
Deep Diamond India Ltd.,INE005G01026,539559,,Consumer Discretionary,Gems & Jewellery,2026-09-01,Unrated,Unrated,Unrated,Unrated,1.0,Small Cap
Deep Polymers Ltd.,INE00IY01012,541778,,Materials,Petrochemical,2026-09-01,Unrated,Unrated,Unrated,Unrated,5.0,Small Cap
Defrail Technologies Ltd,INE0ZE201010,544677,,Materials,Rubber & Rubber Products,2026-09-01,2.0,3.0,2.0,6.0,UNRATED,Small Cap
DelaPlex Ltd,INE0SK801018,,DELAPLEX,Technology,IT Services & Consulting,2026-09-01,Unrated,Unrated,Unrated,Unrated,3.0,Small Cap
Delhivery Ltd.,INE148O01028,543529,DELHIVERY,Industrials,Warehousing,2026-09-01,2.0,3.0,7.0,2.0,5.0,Small Cap
Delphi World Money Ltd.,INE726L01027,533452,DELPHIFX,Financial,Exchange Services,2026-09-01,Unrated,Unrated,Unrated,Unrated,4.0,Small Cap
Delta Corp Ltd.,INE124G01033,532848,DELTACORP,Consumer Discretionary,Casinos & Gaming,2026-09-01,4.0,6.0,7.0,7.0,4.0,Small Cap
Delta Autocorp Ltd,INE0XRN01019,,DELTIC,Consumer Discretionary,Motorcycles & Scooters,2026-09-01,Unrated,Unrated,Unrated,Unrated,3.0,Small Cap
Delta Industrial Resources Ltd.,INE681Q01015,539596,,Financial,Miscellaneous Financial Services,2026-09-01,Unrated,Unrated,Unrated,Unrated,3.0,Small Cap
Delta Manufacturing Ltd.,INE393A01011,504286,DELTAMAGNT,Diversified,Diversified Manufacturing,2026-09-01,Unrated,Unrated,Unrated,Unrated,4.0,Small Cap
Delton Cables Ltd.,INE872E01016,504240,,Industrials,Wires & Cables,2026-09-01,3.0,1.0,8.0,5.0,7.0,Small Cap
De Neers Tools Ltd,INE0JWV01011,,DENEERS,Industrials,Machine Tools,2026-09-01,Unrated,Unrated,Unrated,Unrated,6.0,Small Cap
Denis Chem Lab Ltd.,INE051G01012,537536,,Healthcare,Branded Medicines,2026-09-01,Unrated,Unrated,Unrated,Unrated,3.0,Small Cap
Den Networks Ltd.,INE947J01015,533137,DEN,Consumer Discretionary,Television Broadcasting,2026-09-01,2.0,5.0,3.0,5.0,4.0,Small Cap
De Nora India Ltd.,INE244A01016,590031,DENORA,Industrials,Electrodes,2026-09-01,5.0,8.0,5.0,6.0,8.0,Small Cap
Denta Water And Infra Solutions Ltd,INE0R4L01018,544345,DENTA,Industrials,Water & Sewage Construction,2026-09-01,5.0,7.0,5.0,8.0,6.0,Small Cap
Desco Infratech Ltd,INE0TGG01014,544387,,Energy & Utilities,Oil & Gas Services,2026-09-01,Unrated,Unrated,Unrated,Unrated,6.0,Small Cap
Desh Rakshak Aushdhalaya Ltd.,INE971E01016,531521,,Healthcare,Alternative Medicine,2026-09-01,Unrated,Unrated,Unrated,Unrated,UNRATED,Small Cap
Destiny Logistics & Infra Ltd.,INE0IGO01011,,DESTINY,Industrials,Road Logistics,2026-09-01,Unrated,Unrated,Unrated,Unrated,UNRATED,
Dev Accelerator Ltd,INE0VOV01021,544513,DEVX,Industrials,Other Business Services,2026-09-01,2.0,4.0,8.0,5.0,1.0,Small Cap
Devine Impex Ltd.,INE455C01014,531585,,Consumer Discretionary,Gems & Jewellery,2026-08-25,Unrated,Unrated,Unrated,Unrated,UNRATED,Small Cap
Dev Information Technology Ltd.,INE060X01034,543462,DEVIT,Technology,IT Services & Consulting,2026-09-01,Unrated,Unrated,Unrated,Unrated,4.0,Small Cap
Dev Labtech Venture Ltd.,INE0NIJ01017,543848,,Consumer Discretionary,Gems & Jewellery,2026-09-01,Unrated,Unrated,Unrated,Unrated,UNRATED,Small Cap
Devson Catalyst Ltd.,INE2KRP01017,544823,,Materials,Diversified Chemicals,2026-09-01,5.0,10.0,8.0,6.0,UNRATED,Small Cap
Devyani International Ltd.,INE872J01023,543330,DEVYANI,Consumer Discretionary,Quick Service Restaurants,2026-09-01,2.0,4.0,7.0,3.0,5.0,Small Cap
Dhabriya Polywood Ltd.,INE260R01016,538715,,Consumer Discretionary,Home Furnishing & Decor,2026-09-01,4.0,6.0,7.0,5.0,9.0,Small Cap
Dhampur Bio Organics Ltd.,INE0I3401014,543593,DBOL,Consumer Staples,Sugar,2026-09-01,3.0,1.0,7.0,5.0,9.0,Small Cap
Dhampure Speciality Sugars Ltd.,INE956B01013,531923,,Consumer Staples,Sugar,2026-09-01,Unrated,Unrated,Unrated,Unrated,9.0,Small Cap
Dhampur Sugar Mills Ltd.,INE041A01016,500119,DHAMPURSUG,Consumer Staples,Sugar,2026-09-01,3.0,2.0,6.0,5.0,10.0,Small Cap
Dhanalaxmi Roto Spinners Ltd.,INE220C01012,521216,,Materials,Paper & Paper Products,2026-09-01,Unrated,Unrated,Unrated,Unrated,4.0,Small Cap
Dhanashree Electronics Ltd.,INE413F01016,542679,,Industrials,Electronic Components,2026-09-01,Unrated,Unrated,Unrated,Unrated,2.0,Small Cap
Dhanlaxmi Bank Ltd.,INE680A01011,532180,DHANBANK,Financial,Banks - Diversified,2026-09-01,4.0,5.0,5.0,6.0,9.0,Small Cap
Dhanlaxmi Cotex Ltd.,INE977F01010,512485,,Consumer Discretionary,Textiles & Leather Trading,2026-08-31,Unrated,Unrated,Unrated,Unrated,UNRATED,Small Cap
Dhanlaxmi Crop Science Ltd,INE0V9V01010,,DHANLAXMI,Consumer Staples,Other Agriculture Products,2026-09-01,Unrated,Unrated,Unrated,Unrated,4.0,Small Cap
Dhanlaxmi Fabrics Ltd.,INE953D01016,521151,,Consumer Discretionary,Readymade Garment,2026-08-31,Unrated,Unrated,Unrated,Unrated,4.0,Small Cap
Dhansa Labs Ltd,INE0M3I01029,,AMBEY,Materials,Diversified Chemicals,2026-09-01,Unrated,Unrated,Unrated,Unrated,UNRATED,Small Cap
Dhanuka Agritech Ltd.,INE435G01025,507717,DHANUKA,Materials,Pesticides,2026-09-01,3.0,6.0,5.0,6.0,2.0,Small Cap
Dhanuka Realty Ltd.,INE704V01015,,DRL,Real Estate,Real Estate Development,2026-09-01,Unrated,Unrated,Unrated,Unrated,UNRATED,Small Cap
Dhanvantri Jeevan Rekha Ltd.,INE239F01015,531043,,Healthcare,Hospitals & Clinics,2026-08-28,Unrated,Unrated,Unrated,Unrated,UNRATED,Small Cap
Dhanwel Hybrid Seeds Ltd.,INE0VWO01011,544884,DHANWEL,Consumer Staples,Agriculture & Farming Services,2026-08-28,Unrated,Unrated,Unrated,Unrated,UNRATED,
Dharani Finance Ltd.,INE899D01011,511451,,Financial,Leasing and Hire Purchase,2026-09-01,Unrated,Unrated,Unrated,Unrated,9.0,Small Cap
Dharan Infra-EPC Ltd.,INE278R01034,541161,KBCGLOBAL,Real Estate,Real Estate Development,2026-09-01,Unrated,Unrated,Unrated,Unrated,3.0,Small Cap
Dhara Rail Projects Ltd,INE2HJL01019,,DHARARAIL,Industrials,Railway Construction,2026-09-01,Unrated,Unrated,Unrated,Unrated,9.0,Small Cap
Dhariwalcorp Ltd,INE0YRN01017,,DHARIWAL,Materials,Commodity Chemicals - Diversified,2026-09-01,Unrated,Unrated,Unrated,Unrated,3.0,Small Cap
Dharmaj Crop Guard Ltd.,INE00OQ01016,543687,DHARMAJ,Materials,Pesticides,2026-09-01,4.0,4.0,8.0,6.0,7.0,Small Cap
Dharni Capital Services Ltd.,INE0M9Q01011,543753,,Financial,Investment Management - Diversified,2026-09-01,Unrated,Unrated,Unrated,Unrated,UNRATED,Small Cap
Dhaval Packaging Ltd.,INE1HX301016,544854,,Materials,Containers & Packaging - Diversified,2026-09-01,5.0,8.0,9.0,7.0,UNRATED,
Dhenu Buildcon Infra Ltd.,INE758D01027,501945,,Financial,Financial Services - Diversified,2026-09-01,1.0,1.0,3.0,2.0,1.0,Small Cap
Dhillon Freight Carrier Ltd,INE0SPJ01011,544556,,Industrials,Road Logistics,2026-08-28,5.0,9.0,5.0,6.0,UNRATED,Small Cap
D&H India Ltd.,INE589D01018,517514,,Industrials,Welding Machinery,2026-09-01,Unrated,Unrated,Unrated,Unrated,7.0,Small Cap
Dhoot Industrial Finance Ltd.,INE313G01016,526971,,Materials,Chemical Trading,2026-09-01,Unrated,Unrated,Unrated,Unrated,9.0,Small Cap
Dhoot Transmission Ltd.,INE01NH01023,544867,DHOOTTRANS,Consumer Discretionary,Cable / DTH Service Providers,2026-09-01,4.0,8.0,6.0,6.0,UNRATED,
DHP India Ltd.,INE590D01016,531306,,Industrials,Switching Equipment,2026-09-01,Unrated,Unrated,Unrated,Unrated,5.0,Small Cap
Dhruva Capital Services Ltd.,INE972E01014,531237,,Financial,NBFC - Diversified,2026-09-01,Unrated,Unrated,Unrated,Unrated,1.0,Small Cap
Dhruv Consultancy Services Ltd.,INE506Z01015,541302,DHRUV,Industrials,Construction & Engineering - Diversified,2026-09-01,Unrated,Unrated,Unrated,Unrated,2.0,Small Cap
Dhunseri Investments Ltd.,INE320L01011,533336,DHUNINV,Financial,Investment Holding Companies,2026-09-01,3.0,5.0,7.0,6.0,5.0,Small Cap
Dhunseri Tea & Industries Ltd.,INE341R01014,538902,DTIL,Consumer Staples,Tea & Coffee,2026-09-01,Unrated,Unrated,Unrated,Unrated,5.0,Small Cap
Dhunseri Ventures Ltd.,INE477B01010,523736,DVL,Financial,Financial Services - Diversified,2026-09-01,3.0,4.0,5.0,4.0,6.0,Small Cap
Dhyaani Tile and Marblez Ltd.,INE0K5F01014,543516,,Industrials,Ceramic Tiles and Sanitaryware,2026-09-01,Unrated,Unrated,Unrated,Unrated,2.0,Small Cap
Diamines & Chemicals Ltd.,INE591D01014,500120,DIAMINESQ,Materials,Speciality Chemicals - Diversified,2026-09-01,Unrated,Unrated,Unrated,Unrated,4.0,Small Cap
Diamond Power Infrastructure Ltd.,INE989C01038,522163,DIACABS,Industrials,Wires & Cables,2026-09-01,Unrated,Unrated,Unrated,Unrated,10.0,Small Cap
Diana Tea Company Ltd.,INE012E01035,530959,,Consumer Staples,Tea & Coffee,2026-09-01,Unrated,Unrated,Unrated,Unrated,7.0,Small Cap
DIC India Ltd.,INE303A01010,500089,DICIND,Materials,Coloring Agents,2026-09-01,3.0,1.0,7.0,6.0,7.0,Small Cap
Diensten Tech Ltd,INE0JRD01019,,DTL,Technology,IT Services & Consulting,2026-09-01,Unrated,Unrated,Unrated,Unrated,UNRATED,Small Cap
Diffusion Engineers Ltd,INE184O01015,544264,DIFFNKG,Industrials,Welding Machinery,2026-09-01,4.0,7.0,7.0,4.0,9.0,Small Cap
Diggi Multitrade Ltd.,INE158R01012,540811,,Real Estate,Real Estate Operations,2026-08-10,Unrated,Unrated,Unrated,Unrated,UNRATED,Small Cap
Digicontent Ltd.,INE03JI01017,542685,DGCONTENT,Industrials,Advertising & Marketing - Diversified,2026-09-01,Unrated,Unrated,Unrated,Unrated,3.0,Small Cap
Digidrive Distributors Ltd.,INE0PSC01024,544079,DIGIDRIVE,Consumer Discretionary,Online and Direct Retailing,2026-09-01,Unrated,Unrated,Unrated,Unrated,1.0,Small Cap
Digikore Studios Ltd,INE0QJ901011,,DIGIKORE,Consumer Discretionary,Digital Entertainment,2026-09-01,Unrated,Unrated,Unrated,Unrated,3.0,Small Cap
Digilogic Systems Ltd,INE1OOT01028,544684,,Industrials,Defence & Aerospace Parts,2026-09-01,4.0,5.0,7.0,6.0,10.0,Small Cap
Digispice Technologies Ltd.,INE927C01020,517214,DIGISPICE,Technology,IT Services & Consulting,2026-09-01,3.0,2.0,5.0,8.0,2.0,Small Cap
Digitide Solutions Ltd.,INE0U4701011,544413,DIGITIDE,Industrials,BPO Services,2026-09-01,Unrated,Unrated,Unrated,Unrated,3.0,Small Cap
Digjam Ltd.,INE731U01028,539979,DIGJAMLMTD,Consumer Discretionary,Miscellaneous Textiles,2026-09-01,Unrated,Unrated,Unrated,Unrated,7.0,Small Cap
Shree Digvijay Cement Company Ltd.,INE232A01011,502180,SHREDIGCEM,Materials,Cement,2026-09-01,2.0,1.0,5.0,4.0,6.0,Small Cap
Diksha Polymers Ltd,INE1OSI01014,544798,,Materials,Plastic Materials,2026-09-01,4.0,7.0,7.0,6.0,UNRATED,Small Cap
Diligent Industries Ltd.,INE650C01036,531153,,Consumer Staples,Edible Oil,2026-09-01,Unrated,Unrated,Unrated,Unrated,4.0,Small Cap
Diligent Media Corporation Ltd.,INE016M01021,540789,DNAMEDIA,Consumer Discretionary,Publishing - Diversified,2026-09-01,Unrated,Unrated,Unrated,Unrated,2.0,Small Cap
Dilip Buildcon Ltd.,INE917M01012,540047,DBL,Industrials,Construction & Engineering - Diversified,2026-09-01,2.0,3.0,6.0,4.0,5.0,Small Cap
Dindigul Farm Product Ltd,INE0S6R01027,544201,,Healthcare,Food supplement,2026-09-01,Unrated,Unrated,Unrated,Unrated,6.0,Small Cap
Dipna Pharmachem Ltd.,INE0MC401013,543594,,Healthcare,Pharmaceuticals - Diversified,2026-09-01,Unrated,Unrated,Unrated,Unrated,2.0,Small Cap
Disa India Ltd.,INE131C01011,500068,GEORGFISCH,Industrials,Industrial Machinery,2026-09-01,3.0,9.0,5.0,5.0,4.0,Small Cap
Disha Resources Ltd.,INE193D01019,531553,,Diversified,Diversified Trading,2026-09-01,Unrated,Unrated,Unrated,Unrated,9.0,Small Cap
Dishman Carbogen Amcis Ltd.,INE385W01011,540701,DCAL,Healthcare,Biotechnology,2026-09-01,1.0,1.0,5.0,3.0,4.0,Small Cap
Dish TV India Ltd.,INE836F01026,532839,DISHTV,Consumer Discretionary,Cable / DTH Service Providers,2026-09-01,Unrated,Unrated,Unrated,Unrated,3.0,Small Cap
Divgi TorqTransfer Systems Ltd.,INE753U01022,543812,DIVGIITTS,Consumer Discretionary,Auto Ancillaries,2026-09-01,3.0,6.0,6.0,3.0,10.0,Small Cap
Divine Hira Jewellers Ltd,INE0NA501011,,DIVINEHIRA,Consumer Discretionary,Gems & Jewellery,2026-09-01,Unrated,Unrated,Unrated,Unrated,4.0,Small Cap
Divine Power Energy Ltd,INE0SCO01019,,DPEL,Industrials,Wires & Cables,2026-09-01,Unrated,Unrated,Unrated,Unrated,10.0,Small Cap
Divi's Laboratories Ltd.,INE361B01024,532488,DIVISLAB,Healthcare,API / Generic Pharmaceuticals,2026-09-01,4.0,8.0,7.0,3.0,10.0,Large Cap
Divyadhan Recycling Industries Ltd,INE0QYI01019,,DIVYADHAN,Consumer Discretionary,Integrated Textiles,2026-09-01,Unrated,Unrated,Unrated,Unrated,10.0,Small Cap
Divyashakti Ltd.,INE410G01010,526315,,Materials,Granite Marble & Stones,2026-09-01,Unrated,Unrated,Unrated,Unrated,4.0,Small Cap
Dixon Technologies (India) Ltd.,INE935N01020,540699,DIXON,Consumer Discretionary,Household Appliances,2026-09-01,4.0,7.0,8.0,5.0,6.0,Mid Cap
DJ Mediaprint & Logistics Ltd.,INE0B1K01014,543193,DJML,Industrials,Courier Services,2026-09-01,2.0,1.0,5.0,6.0,6.0,Small Cap
DJS Stock & Shares Ltd.,INE234E01027,511636,,Financial,Brokerage Services,2026-08-31,Unrated,Unrated,Unrated,Unrated,7.0,Small Cap
DK Enterprises Global Ltd.,INE0GN101014,,DKEGL,Materials,Paper Packaging,2026-09-01,Unrated,Unrated,Unrated,Unrated,UNRATED,Small Cap
DLF Ltd.,INE271C01023,532868,DLF,Real Estate,Real Estate Development,2026-09-01,3.0,7.0,6.0,4.0,4.0,Large Cap
D-Link (India) Ltd.,INE250K01012,533146,DLINKINDIA,Technology,Communication Equipment Trading,2026-09-01,4.0,5.0,6.0,8.0,7.0,Small Cap
DMCC Speciality Chemicals Ltd.,INE505A01010,506405,DMCC,Materials,Speciality Chemicals - Diversified,2026-09-01,3.0,3.0,6.0,5.0,8.0,Small Cap
DMR Engineering Ltd.,INE07L501010,543410,,Industrials,Construction & Engineering - Diversified,2026-08-31,Unrated,Unrated,Unrated,Unrated,2.0,Small Cap
Docmode Health Technologies Ltd,INE0OGG01015,,DHTL,Consumer Staples,Education Services,2026-09-01,Unrated,Unrated,Unrated,Unrated,UNRATED,Small Cap
Dodla Dairy Ltd,INE021O01019,543306,DODLA,Consumer Staples,Dairy Products,2026-09-01,3.0,9.0,5.0,5.0,4.0,Small Cap
Dolat Algotech Ltd.,INE966A01022,505526,DOLATALGO,Financial,Other Financial Institutions,2026-09-01,4.0,7.0,6.0,7.0,5.0,Small Cap
Dolfin Rubbers Ltd.,INE666Y01010,542013,,Materials,Rubber & Rubber Products,2026-09-01,Unrated,Unrated,Unrated,Unrated,4.0,Small Cap
Dollar Industries Ltd.,INE325C01035,541403,DOLLAR,Consumer Discretionary,Integrated Textiles,2026-09-01,2.0,1.0,7.0,6.0,3.0,Small Cap
Dollex Agrotech Ltd.,INE0JHH01011,,DOLLEX,Consumer Staples,Sugar,2026-09-01,Unrated,Unrated,Unrated,Unrated,4.0,Small Cap
Dolphin Medical Services Ltd.,INE796B01013,526504,,Healthcare,Hospitals & Clinics,2026-08-31,Unrated,Unrated,Unrated,Unrated,UNRATED,Small Cap
Dolphin Offshore Enterprises (India) Ltd.,INE920A01037,522261,DOLPHIN,Energy & Utilities,Oil & Gas Drilling,2026-09-01,Unrated,Unrated,Unrated,Unrated,9.0,Small Cap
DOMS Industries Ltd,INE321T01012,544045,DOMS,Industrials,Stationery & Office Supplies,2026-09-01,3.0,9.0,8.0,3.0,4.0,Small Cap
Donear Industries Ltd.,INE668D01028,512519,DONEAR,Consumer Discretionary,Miscellaneous Textiles,2026-09-01,Unrated,Unrated,Unrated,Unrated,4.0,Small Cap
D.P. Abhushan Ltd.,INE266Y01019,544161,DPABHUSHAN,Consumer Discretionary,Gems & Jewellery,2026-09-01,4.0,6.0,6.0,6.0,8.0,Small Cap
D.P. Wires Ltd.,INE864X01013,543962,DPWIRES,Materials,Steel Wires,2026-09-01,Unrated,Unrated,Unrated,Unrated,5.0,Small Cap
DRA Consultants Ltd.,INE746V01016,540144,,Industrials,Business Consultancy,2026-09-01,Unrated,Unrated,Unrated,Unrated,UNRATED,Small Cap
Dr. Agarwal's Health Care Ltd,INE943P01029,544350,AGARWALEYE,Healthcare,Hospitals & Clinics,2026-09-01,4.0,8.0,8.0,3.0,7.0,Small Cap
Dr Agarwals Eye Hospital Ltd.,INE934C01018,526783,,Healthcare,Hospitals & Clinics,2026-09-01,5.0,9.0,8.0,5.0,8.0,Small Cap
DRC Systems India Ltd.,INE03RS01027,543268,DRCSYSTEMS,Technology,Software & Services - Diversified,2026-09-01,Unrated,Unrated,Unrated,Unrated,2.0,Small Cap
Dreamfolks Services Ltd.,INE0JS101016,543591,DREAMFOLKS,Industrials,Airport Operators,2026-09-01,1.0,4.0,6.0,2.0,1.0,Small Cap
Dredging Corporation Of India Ltd.,INE506A01018,523618,DREDGECORP,Industrials,Marine Port Services,2026-09-01,2.0,1.0,5.0,2.0,9.0,Small Cap
Dr Lalchandani Labs Ltd.,INE871Z01013,541299,,Healthcare,Home Healthcare Services,2026-09-01,Unrated,Unrated,Unrated,Unrated,UNRATED,Small Cap
Dr. Lal Pathlabs Ltd.,INE600L01024,539524,LALPATHLAB,Healthcare,Medical Diagnostics Services,2026-09-01,3.0,10.0,5.0,4.0,5.0,Small Cap
Droneacharya Aerial Innovations Ltd.,INE0MQD01015,543713,DRONACHRYA,Industrials,Drones,2026-09-01,Unrated,Unrated,Unrated,Unrated,4.0,Small Cap
Drone Destination Ltd,INE0P7201019,,DRONE,Industrials,Drones,2026-09-01,Unrated,Unrated,Unrated,Unrated,1.0,Small Cap
Dr. Reddy's Laboratories Ltd.,INE089A01031,500124,DRREDDY,Healthcare,Branded Medicines,2026-09-01,3.0,7.0,5.0,5.0,3.0,Mid Cap
DRS Cargo Movers Ltd,INE0QZM01018,,DRSCARGO,Industrials,Multimodal Logistics,2026-09-01,Unrated,Unrated,Unrated,Unrated,UNRATED,Small Cap
DRS Dilip Roadlines Ltd.,INE02CV01017,,DRSDILIP,Industrials,Road Logistics,2026-09-01,Unrated,Unrated,Unrated,Unrated,UNRATED,Small Cap
DSJ Keep Learning Ltd.,INE055C01020,526677,KEEPLEARN,Consumer Staples,Education Services,2026-09-01,Unrated,Unrated,Unrated,Unrated,5.0,Small Cap
DS Kulkarni Developers Ltd.,INE891A01014,523890,DSKULKARNI,Real Estate,Real Estate - Diversified,2026-09-01,Unrated,Unrated,Unrated,Unrated,UNRATED,Small Cap
DSM Fresh Foods Ltd,INE0SUM01015,544568,,Consumer Staples,Meat Products & Processing,2026-09-01,4.0,5.0,7.0,7.0,1.0,Small Cap
Ducol Organics And Colours Ltd.,INE0LZO01015,,DUCOL,Materials,Coloring Agents,2026-09-01,Unrated,Unrated,Unrated,Unrated,3.0,Small Cap
Ducon Infratechnologies Ltd.,INE741L01018,534674,DUCON,Technology,Software & Services - Diversified,2026-09-01,Unrated,Unrated,Unrated,Unrated,3.0,Small Cap
DU Digital Global Ltd.,INE0HPK01020,,DUGLOBAL,Industrials,Professional Services,2026-09-01,Unrated,Unrated,Unrated,Unrated,2.0,Small Cap
Dugar Housing Developments Ltd.,INE919M01026,511634,,Real Estate,Real Estate - Diversified,2026-08-31,Unrated,Unrated,Unrated,Unrated,UNRATED,Small Cap
Duke Offshore Ltd.,INE397G01019,531471,,Energy & Utilities,Oil & Gas Services,2026-09-01,Unrated,Unrated,Unrated,Unrated,10.0,Small Cap
Duncan Engineering Ltd.,INE340F01011,504908,,Consumer Discretionary,Auto Ancillaries,2026-09-01,Unrated,Unrated,Unrated,Unrated,3.0,Small Cap
Durlax Top Surface Ltd,INE0OUW01013,,DURLAX,Industrials,Other Building Products,2026-09-01,Unrated,Unrated,Unrated,Unrated,9.0,Small Cap
Duropack Ltd.,INE138B01018,526355,,Materials,Plastic Packaging,2026-09-01,Unrated,Unrated,Unrated,Unrated,7.0,Small Cap
Duroply Industries Ltd.,INE932D01010,516003,,Materials,Wood & Wood Products,2026-09-01,Unrated,Unrated,Unrated,Unrated,1.0,Small Cap
Dutron Polymers Ltd.,INE940C01015,517437,,Industrials,Steel Tubes & Pipes,2026-09-01,Unrated,Unrated,Unrated,Unrated,4.0,Small Cap
Dwarikesh Sugar Industries Ltd.,INE366A01041,532610,DWARKESH,Consumer Staples,Sugar,2026-09-01,3.0,3.0,5.0,4.0,9.0,Small Cap
Dynacons Systems & Solutions Ltd.,INE417B01040,532365,DSSL,Technology,IT Services & Consulting,2026-09-01,4.0,5.0,8.0,6.0,8.0,Small Cap
Dynamatic Technologies Ltd.,INE221B01012,505242,DYNAMATECH,Consumer Discretionary,Automotive Body,2026-09-01,2.0,1.0,6.0,2.0,9.0,Small Cap
Dynamic Industries Ltd.,INE457C01010,524818,,Materials,Coloring Agents,2026-09-01,Unrated,Unrated,Unrated,Unrated,6.0,Small Cap
Dynamic Cables Ltd.,INE600Y01019,540795,DYCL,Industrials,Wires & Cables,2026-09-01,3.0,3.0,6.0,5.0,9.0,Small Cap
Dynamic Portfolio Management & Services Ltd.,INE118C01018,530779,,Financial,Commercial Financing,2026-08-31,Unrated,Unrated,Unrated,Unrated,2.0,Small Cap
Dynamic Services & Security Ltd.,INE0DZ701010,,DYNAMIC,Industrials,Staffing Services & HR,2026-09-01,Unrated,Unrated,Unrated,Unrated,7.0,Small Cap
Dynavision Ltd.,INE083E01010,517238,,Consumer Discretionary,Household Appliances,2026-09-01,Unrated,Unrated,Unrated,Unrated,8.0,Small Cap
Dynemic Products Ltd.,INE256H01015,532707,DYNPRO,Materials,Coloring Agents,2026-09-01,3.0,4.0,7.0,5.0,4.0,Small Cap
E2E Networks Ltd.,INE255Z01027,544783,E2E,Technology,Software & Services - Diversified,2026-09-01,3.0,8.0,9.0,2.0,4.0,Small Cap
Earkart Ltd,INE1A8F01035,544549,,Healthcare,Medical Devices & Equipment,2026-09-01,3.0,4.0,8.0,5.0,UNRATED,Small Cap
Earthstahl & Alloys Ltd.,INE0O4V01010,543765,,Materials,Stainless Steel,2026-08-31,Unrated,Unrated,Unrated,Unrated,UNRATED,Small Cap
East Buildtech Ltd.,INE706N01017,507917,,Real Estate,Real Estate Lease & Renting,2026-09-01,Unrated,Unrated,Unrated,Unrated,UNRATED,Small Cap
Eastcoast Steel Ltd.,INE315F01013,520081,ESTCSTSTEL,Materials,Metal Trading,2026-08-28,Unrated,Unrated,Unrated,Unrated,UNRATED,Small Cap
Eastern Logica Infoway Ltd.,INE0BSU01018,543746,,Consumer Discretionary,Computer & Electronics Retail,2026-08-31,Unrated,Unrated,Unrated,Unrated,4.0,Small Cap
Eastern Silk Industries Ltd.,INE962C01027,590022,EASTSILK,Consumer Discretionary,Silk Textiles,2026-09-01,Unrated,Unrated,Unrated,Unrated,10.0,Small Cap
Eastern Treads Ltd.,INE500D01015,531346,,Consumer Discretionary,Tyres & Tubes,2026-09-01,Unrated,Unrated,Unrated,Unrated,6.0,Small Cap
East West Holdings Ltd.,INE595R01023,540006,,Industrials,Transportation - Diversified,2026-09-01,Unrated,Unrated,Unrated,Unrated,1.0,Small Cap
Easun Capital Markets Ltd.,INE771C01014,542906,,Financial,NBFC - Diversified,2026-09-01,Unrated,Unrated,Unrated,Unrated,UNRATED,Small Cap
Easy Trip Planners Ltd.,INE07O001026,543272,EASEMYTRIP,Consumer Discretionary,Travel & Tourism,2026-09-01,2.0,5.0,5.0,4.0,2.0,Small Cap
eClerx Services Ltd.,INE738I01010,532927,ECLERX,Technology,Software & Services - Diversified,2026-09-01,3.0,10.0,5.0,5.0,1.0,Small Cap
Ecoboard Industries Ltd.,INE866A01016,523732,WESTERNBIO,Materials,Wood & Wood Products,2026-09-01,Unrated,Unrated,Unrated,Unrated,9.0,Small Cap
Ecoline Exim Ltd,INE0VBS01016,,ECOLINE,Consumer Discretionary,Baggage and Luggage,2026-09-01,4.0,5.0,7.0,8.0,10.0,Small Cap
E.Com Infotech (India) Ltd.,INE578B01015,531533,,Technology,IT Services & Consulting,2026-09-01,Unrated,Unrated,Unrated,Unrated,9.0,Small Cap
Econo Trade (India) Ltd.,INE937K01014,538708,,Financial,Investment Holding Companies,2026-09-01,Unrated,Unrated,Unrated,Unrated,3.0,Small Cap
Ecoplast Ltd.,INE423D01010,526703,,Materials,Plastic Materials,2026-09-01,Unrated,Unrated,Unrated,Unrated,5.0,Small Cap
Eco Recycling Ltd.,INE316A01038,530643,,Industrials,Waste Management,2026-09-01,5.0,10.0,8.0,4.0,7.0,Small Cap
Ecos (India) Mobility & Hospitality Ltd,INE06HJ01020,544239,ECOSMOBLTY,Industrials,Car & Taxi Transport,2026-09-01,5.0,10.0,8.0,8.0,1.0,Small Cap
ECS Biztech Ltd.,INE925Q01024,540063,,Technology,Software & Services - Diversified,2026-08-31,Unrated,Unrated,Unrated,Unrated,UNRATED,Small Cap
Edelweiss Financial Services Ltd.,INE532F01054,532922,EDELWEISS,Financial,Investment Management - Diversified,2026-09-01,3.0,2.0,6.0,6.0,8.0,Small Cap
Educomp Solutions Ltd.,INE216H01027,532696,EDUCOMP,Consumer Staples,Education Services,2026-08-31,Unrated,Unrated,Unrated,Unrated,UNRATED,Small Cap
E Factor Experiences Ltd,INE0KFF01017,,EFACTOR,Industrials,Event Management,2026-09-01,Unrated,Unrated,Unrated,Unrated,4.0,Small Cap
EFC (I) Ltd.,INE886D01026,512008,EFCIL,Industrials,Other Business Services,2026-09-01,3.0,6.0,6.0,7.0,1.0,Small Cap
Effulgent Infomedia Ltd.,INE125G01014,517170,,Technology,Software & Services - Diversified,2026-09-01,Unrated,Unrated,Unrated,Unrated,2.0,Small Cap
Effwa Infra & Research Ltd,INE0U9101019,,EFFWA,Industrials,Water & Sewage Construction,2026-09-01,Unrated,Unrated,Unrated,Unrated,10.0,Small Cap
Eicher Motors Ltd.,INE066A01021,505200,EICHERMOT,Consumer Discretionary,Motorcycles & Scooters,2026-09-01,5.0,10.0,8.0,4.0,7.0,Large Cap
E.I.D. - Parry (India) Ltd.,INE126A01031,500125,EIDPARRY,Materials,Diversified Chemicals,2026-09-01,3.0,7.0,5.0,5.0,2.0,Small Cap
Eighty Jewellers Ltd.,INE0KSN01014,543518,,Consumer Discretionary,Gems & Jewellery,2026-08-26,Unrated,Unrated,Unrated,Unrated,UNRATED,Small Cap
EIH Ltd.,INE230A01023,500840,EIHOTEL,Consumer Discretionary,Hotels & Resorts,2026-09-01,4.0,9.0,8.0,6.0,2.0,Small Cap
EIH Associated Hotels Ltd.,INE276C01014,523127,EIHAHOTELS,Consumer Discretionary,Hotels & Resorts,2026-09-01,4.0,10.0,6.0,7.0,2.0,Small Cap
Eiko Lifesciences Ltd.,INE666Q01016,540204,,Materials,Speciality Chemicals - Diversified,2026-09-01,Unrated,Unrated,Unrated,Unrated,5.0,Small Cap
Eimco Elecon (India) Ltd.,INE158B01016,523708,EIMCOELECO,Industrials,Industrial Machinery,2026-09-01,3.0,4.0,6.0,5.0,8.0,Small Cap
Ekansh Concepts Ltd.,INE005E01013,531364,,Industrials,Construction & Engineering - Diversified,2026-09-01,2.0,1.0,7.0,2.0,7.0,Small Cap
Ekennis Software Service Ltd.,INE0KCM01010,543475,,Technology,Software & Services - Diversified,2026-09-01,Unrated,Unrated,Unrated,Unrated,UNRATED,Small Cap
EKI Energy Services Ltd.,INE0CPR01018,543284,,Industrials,Business Consultancy,2026-09-01,Unrated,Unrated,Unrated,Unrated,2.0,Small Cap
E-Land Apparel Ltd.,INE311H01018,532820,ELAND,Consumer Discretionary,Readymade Garment,2026-08-31,Unrated,Unrated,Unrated,Unrated,2.0,Small Cap
Elango Industries Ltd.,INE594D01018,513452,,Energy & Utilities,Solar Electric Utilities,2026-09-01,Unrated,Unrated,Unrated,Unrated,8.0,Small Cap
Elantas Beck India Ltd.,INE280B01018,500123,DRBECK,Materials,Speciality Chemicals - Diversified,2026-09-01,4.0,9.0,8.0,3.0,9.0,Small Cap
Elcid Investments Ltd.,INE927X01018,503681,,Financial,Investment Services,2026-09-01,3.0,7.0,6.0,5.0,UNRATED,Small Cap
Eldeco Housing & Industries Ltd.,INE668G01021,523329,ELDEHSG,Real Estate,Real Estate Development,2026-09-01,3.0,5.0,6.0,6.0,6.0,Small Cap
Elecon Engineering Company Ltd.,INE205B01031,505700,ELECON,Industrials,Industrial Machinery,2026-09-01,4.0,9.0,5.0,6.0,5.0,Small Cap
Electro Force (India) Ltd,INE0Q1W01012,,EFORCE,Industrials,Machine Tools,2026-09-01,Unrated,Unrated,Unrated,Unrated,UNRATED,Small Cap
Electronics Mart India Ltd.,INE02YR01019,543626,EMIL,Consumer Discretionary,Computer & Electronics Retail,2026-09-01,4.0,5.0,7.0,4.0,10.0,Small Cap
Electrosteel Castings Ltd.,INE086A01029,500128,ELECTCAST,Industrials,Steel Tubes & Pipes,2026-09-01,3.0,1.0,6.0,6.0,6.0,Small Cap
Electrotherm (India) Ltd.,INE822G01016,526608,ELECTHERM,Materials,Iron & Steel,2026-09-01,Unrated,Unrated,Unrated,Unrated,9.0,Small Cap
Elegant Floriculture & Agrotech (India) Ltd.,INE152E01013,526473,,Consumer Staples,Floriculture,2026-09-01,Unrated,Unrated,Unrated,Unrated,4.0,Small Cap
Elegant Marbles & Grani Industries Ltd.,INE095B01010,526705,,Materials,Granite Marble & Stones,2026-09-01,Unrated,Unrated,Unrated,Unrated,3.0,Small Cap
Eleganz Interiors Ltd,INE0R9101015,,ELGNZ,Industrials,Commercial Complexes Construction,2026-09-01,Unrated,Unrated,Unrated,Unrated,6.0,Small Cap
Elfin Agro India Ltd,INE1FEW01013,544724,,Consumer Staples,Flour Milling,2026-09-01,5.0,9.0,6.0,7.0,UNRATED,Small Cap
EL Forge Ltd.,INE158F01017,531144,ELFORGE,Materials,Castings & Forgings,2026-09-01,Unrated,Unrated,Unrated,Unrated,7.0,Small Cap
Elgi Equipments Ltd.,INE285A01027,522074,ELGIEQUIP,Industrials,Pumps & Compressors,2026-09-01,4.0,7.0,7.0,5.0,7.0,Small Cap
Elgi Rubber Company Ltd.,INE819L01012,590023,ELGIRUBCO,Materials,Rubber & Rubber Products,2026-09-01,Unrated,Unrated,Unrated,Unrated,8.0,Small Cap
Elin Electronics Ltd.,INE050401020,543725,ELIN,Industrials,Electronic Equipment,2026-09-01,2.0,1.0,4.0,6.0,1.0,Small Cap
Elitecon International Ltd.,INE669R01026,539533,,Diversified,Diversified Trading,2026-09-01,Unrated,Unrated,Unrated,Unrated,1.0,Small Cap
Elixir Capital Ltd.,INE785D01012,531278,,Financial,Miscellaneous Financial Services,2026-09-01,Unrated,Unrated,Unrated,Unrated,6.0,Small Cap
Ellenbarrie Industrial Gases Ltd.,INE236E01022,544421,ELLEN,Materials,Industrial Gases,2026-09-01,Unrated,Unrated,Unrated,Unrated,8.0,Small Cap
Elnet Technologies Ltd.,INE033C01019,517477,ELNET,Real Estate,Real Estate Lease & Renting,2026-09-01,Unrated,Unrated,Unrated,Unrated,3.0,Small Cap
Elpro International Ltd.,INE579B01039,504000,ELPROINTL,Real Estate,Real Estate Services,2026-09-01,5.0,5.0,8.0,7.0,10.0,Small Cap
Ema India Ltd.,INE279D01016,522027,,Industrials,Machine Tools,2026-09-01,Unrated,Unrated,Unrated,Unrated,10.0,Small Cap
Emami Ltd.,INE548C01032,531162,EMAMILTD,Consumer Staples,Household & Personal Products - Diversified,2026-09-01,3.0,9.0,6.0,6.0,1.0,Small Cap
Emami Paper Mills Ltd.,INE830C01026,533208,EMAMIPAP,Materials,Paper & Paper Products,2026-09-01,4.0,2.0,7.0,7.0,9.0,Small Cap
Emami Realty Ltd.,INE778K01012,533218,EMAMIREAL,Real Estate,Real Estate Development,2026-09-01,Unrated,Unrated,Unrated,Unrated,5.0,Small Cap
EMA Partners India Ltd,INE0ZOL01023,,EMAPARTNER,Industrials,Staffing Services & HR,2026-09-01,Unrated,Unrated,Unrated,Unrated,UNRATED,Small Cap
Embassy Developments Ltd.,INE069I01010,532832,EMBDL,Real Estate,Real Estate Development,2026-09-01,1.0,1.0,3.0,2.0,5.0,Small Cap
Emcure Pharmaceuticals Ltd,INE168P01015,544210,EMCURE,Healthcare,API / Generic Pharmaceuticals,2026-09-01,4.0,6.0,7.0,4.0,8.0,Small Cap
Emerald Leasing Finance & Investment Company Ltd.,INE030Q01015,538882,,Financial,NBFC - Diversified,2026-09-01,Unrated,Unrated,Unrated,Unrated,3.0,Small Cap
Emerald Leisures Ltd.,INE044N01021,507265,,Consumer Discretionary,Leisure & Recreation - Diversified,2026-09-01,Unrated,Unrated,Unrated,Unrated,UNRATED,Small Cap
Emerald Tyre Manufacturers Ltd,INE0RHD01013,,ETML,Consumer Discretionary,Tyres & Tubes,2026-09-01,Unrated,Unrated,Unrated,Unrated,UNRATED,Small Cap
Emergent Industrial Solutions Ltd.,INE668L01013,506180,,Materials,Coal & Lignite,2026-09-01,Unrated,Unrated,Unrated,Unrated,1.0,Small Cap
Emiac Technologies Ltd,INE1OSW01015,544747,,Technology,IT Services & Consulting,2026-09-01,5.0,10.0,10.0,6.0,UNRATED,Small Cap
Emkay Global Financial Services Ltd.,INE296H01011,532737,EMKAY,Financial,Investment Banking,2026-09-01,1.0,1.0,5.0,3.0,7.0,Small Cap
Emkay Taps And Cutting Tools Ltd.,INE332S01011,,EMKAYTOOLS,Industrials,Machine Tools,2026-09-01,Unrated,Unrated,Unrated,Unrated,2.0,Small Cap
Emkay Tools Ltd.,INE0PXC01024,,ETL,Industrials,Industrial Construction,2026-09-01,Unrated,Unrated,Unrated,Unrated,8.0,Small Cap
Emmbi Industries Ltd.,INE753K01015,533161,EMMBI,Materials,Plastic Packaging,2026-09-01,Unrated,Unrated,Unrated,Unrated,4.0,Small Cap
Emmessar Biotech & Nutrition Ltd.,INE634B01016,524768,,Healthcare,Branded Medicines,2026-09-01,Unrated,Unrated,Unrated,Unrated,5.0,Small Cap
Emmforce Autotech Ltd.,INE0SDC01012,544166,,Consumer Discretionary,Auto Ancillaries,2026-09-01,Unrated,Unrated,Unrated,Unrated,9.0,Small Cap
Emmvee Photovoltaic Power Ltd,INE1C6T01020,544608,EMMVEE,Energy & Utilities,Renewable Energy Equipment & Services,2026-09-01,5.0,6.0,9.0,5.0,9.0,Small Cap
Empire Industries Ltd.,INE515H01014,509525,,Consumer Discretionary,Integrated Textiles,2026-09-01,4.0,5.0,6.0,6.0,9.0,Small Cap
Empower India Ltd.,INE507F01023,504351,,Technology,Software & Services - Diversified,2026-09-01,Unrated,Unrated,Unrated,Unrated,9.0,Small Cap
Empyrean Cashews Ltd.,INE0GGO01015,,KRISHIVAL,Consumer Staples,Plantation Crops,2026-09-01,3.0,1.0,8.0,5.0,8.0,Small Cap
EMS Ltd,INE0OV601013,543983,EMSLIMITED,Industrials,Construction & Engineering - Diversified,2026-09-01,3.0,2.0,6.0,7.0,7.0,Small Cap
eMudhra Ltd.,INE01QM01018,543533,EMUDHRA,Financial,"Clearing, Settlement & Custodial Service",2026-09-01,4.0,8.0,8.0,5.0,7.0,Small Cap
Enbee Trade & Finance Ltd.,INE993I01029,512441,,Financial,Miscellaneous Financial Services,2026-09-01,Unrated,Unrated,Unrated,Unrated,5.0,Small Cap
Encompass Design India Ltd,INE433T01015,,ENCOMPAS,Consumer Discretionary,Home Furnishing & Decor,2026-09-01,5.0,9.0,7.0,7.0,5.0,Small Cap
Endurance Technologies Ltd.,INE913H01037,540153,ENDURANCE,Consumer Discretionary,Auto Ancillaries,2026-09-01,4.0,8.0,7.0,4.0,7.0,Mid Cap
Energy Development Company Ltd.,INE306C01019,532219,ENERGYDEV,Energy & Utilities,Power Generation - Diversified,2026-09-01,Unrated,Unrated,Unrated,Unrated,5.0,Small Cap
Energy-Mission Machineries (India) Ltd,INE0S1L01013,,EMMIL,Industrials,Industrial Machinery,2026-09-01,Unrated,Unrated,Unrated,Unrated,3.0,Small Cap
Enfuse Solutions Ltd,INE0S3X01014,,ENFUSE,Technology,IT Services & Consulting,2026-09-01,Unrated,Unrated,Unrated,Unrated,UNRATED,Small Cap
Engineers India Ltd.,INE510A01028,532178,ENGINERSIN,Industrials,Construction & Engineering - Diversified,2026-09-01,5.0,9.0,7.0,5.0,8.0,Small Cap
Enkei Wheels (India) Ltd.,INE130L01014,533477,,Consumer Discretionary,Automotive Accessories,2026-09-01,2.0,1.0,8.0,4.0,3.0,Small Cap
ENS Enterprises Ltd,INE23ER01017,544876,,Technology,IT Services & Consulting,2026-09-01,5.0,9.0,7.0,7.0,UNRATED,
Enser Communications Ltd,INE0R9I01021,,ENSER,Industrials,BPO Services,2026-09-01,Unrated,Unrated,Unrated,Unrated,7.0,Small Cap
Entero Healthcare Solutions Ltd,INE010601016,544122,ENTERO,Healthcare,Pharmaceuticals Trading,2026-09-01,2.0,1.0,7.0,3.0,9.0,Small Cap
Enterprise International Ltd.,INE439G01019,526574,,Consumer Discretionary,Silk Textiles,2026-09-01,Unrated,Unrated,Unrated,Unrated,UNRATED,Small Cap
Entertainment Network (India) Ltd.,INE265F01028,532700,ENIL,Consumer Discretionary,Media & Entertainment Conglomerate,2026-09-01,1.0,2.0,5.0,4.0,2.0,Small Cap
Envair Electrodyne Ltd.,INE601C01013,500246,KIRLOSELEC,Industrials,Industrial Machinery,2026-09-01,Unrated,Unrated,Unrated,Unrated,2.0,Small Cap
Enviro Infra Engineers Ltd,INE0LLY01014,544290,EIEL,Industrials,Water & Sewage Construction,2026-09-01,4.0,6.0,6.0,8.0,7.0,Small Cap
Envirotech Systems Ltd,INE0SUH01015,,ENVIRO,Industrials,Other Machinery,2026-09-01,Unrated,Unrated,Unrated,Unrated,2.0,Small Cap
EPACK Durable Ltd,INE0G5901015,544095,EPACK,Consumer Discretionary,Household Appliances,2026-09-01,1.0,1.0,2.0,3.0,2.0,Small Cap
EPack Prefab Technologies Ltd,INE0MLS01022,544540,EPACKPEB,Materials,Metal Tanks & Fabrications,2026-09-01,3.0,1.0,7.0,5.0,10.0,Small Cap
EP Biocomposites Ltd.,INE0D2I01014,543595,,Industrials,Waste Management,2026-09-01,Unrated,Unrated,Unrated,Unrated,UNRATED,Small Cap
Epic Energy Ltd.,INE932F01015,530407,,Industrials,Energy & Power Projects,2026-09-01,Unrated,Unrated,Unrated,Unrated,5.0,Small Cap
Epigral Ltd.,INE071N01016,543332,EPIGRAL,Materials,Commodity Chemicals - Diversified,2026-09-01,5.0,8.0,6.0,7.0,7.0,Small Cap
EPL Ltd.,INE255A01020,500135,EPL,Materials,Plastic Packaging,2026-09-01,4.0,7.0,6.0,5.0,8.0,Small Cap
Eppeltone Engineers Ltd,INE11HF01010,,EEPL,Industrials,Electronic Components,2026-09-01,4.0,5.0,6.0,6.0,5.0,Small Cap
Epsom Properties Ltd.,INE601F01016,531155,,Real Estate,Real Estate Development,2026-09-01,Unrated,Unrated,Unrated,Unrated,UNRATED,Small Cap
Sagar Productions Ltd.,INE807D01030,532092,,Consumer Discretionary,Media Production Equipment & Services,2026-09-01,Unrated,Unrated,Unrated,Unrated,1.0,Small Cap
EPW India Ltd,INE1KEC01023,,EPWINDIA,Industrials,Repairing and Refurbishing,2026-09-01,3.0,9.0,7.0,1.0,10.0,Small Cap
Equilateral Enterprises Ltd.,INE060N01019,531262,,Consumer Discretionary,Apparels & Footwear - Diversified,2026-09-01,Unrated,Unrated,Unrated,Unrated,2.0,Small Cap
Equippp Social Impact Technologies Ltd.,INE217G01035,590057,EQUIPPP,Technology,Software,2026-09-01,Unrated,Unrated,Unrated,Unrated,8.0,Small Cap
Equitas Small Finance Bank Ltd.,INE063P01018,543243,EQUITASBNK,Financial,Small Finance Banks,2026-09-01,5.0,6.0,8.0,6.0,9.0,Small Cap
Eris Lifesciences Ltd.,INE406M01024,540596,ERIS,Healthcare,Branded Medicines,2026-09-01,3.0,6.0,7.0,5.0,2.0,Small Cap
ERP Soft Systems Ltd.,INE308B01017,530909,,Technology,Software & Services - Diversified,2026-08-27,Unrated,Unrated,Unrated,Unrated,UNRATED,Small Cap
Esaar (India) Ltd.,INE404L01039,531502,,Financial,NBFC - Diversified,2026-09-01,Unrated,Unrated,Unrated,Unrated,7.0,Small Cap
Esab India Ltd.,INE284A01012,500133,ESABINDIA,Industrials,Welding Machinery,2026-09-01,4.0,8.0,7.0,5.0,8.0,Small Cap
ESAF Small Finance Bank Ltd,INE818W01011,544020,ESAFSFB,Financial,Small Finance Banks,2026-09-01,4.0,3.0,6.0,8.0,9.0,Small Cap
Esconet Technologies Ltd,INE0RQZ01017,,ESCONET,Technology,Technology Hardware - Diversified,2026-09-01,Unrated,Unrated,Unrated,Unrated,9.0,Small Cap
Escorp Asset Management Ltd.,INE953W01016,540455,,Financial,Asset Management Companies,2026-09-01,Unrated,Unrated,Unrated,Unrated,6.0,Small Cap
Escorts Finance Ltd.,INE359A01012,511716,ESCORTSFIN,Financial,Leasing and Hire Purchase,2026-09-01,Unrated,Unrated,Unrated,Unrated,7.0,Small Cap
Escorts Kubota Ltd.,INE042A01014,500495,ESCORTS,Industrials,Tractors & Farm Machinery,2026-09-01,3.0,7.0,7.0,6.0,2.0,Mid Cap
Esha Media Research Ltd.,INE328F01016,531259,,Consumer Discretionary,Media & Entertainment Conglomerate,2026-09-01,Unrated,Unrated,Unrated,Unrated,UNRATED,Small Cap
Espire Hospitality Ltd.,INE176O01011,532016,,Real Estate,Real Estate Services,2026-09-01,Unrated,Unrated,Unrated,Unrated,1.0,Small Cap
Esprit Stones Ltd,INE0SBP01018,,ESPRIT,Materials,Granite Marble & Stones,2026-09-01,Unrated,Unrated,Unrated,Unrated,4.0,Small Cap
Essar Securities Ltd.,INE143K01019,533149,,Financial,Miscellaneous Financial Services,2026-09-01,Unrated,Unrated,Unrated,Unrated,5.0,Small Cap
Essar Shipping Ltd.,INE122M01019,533704,ESSARSHPNG,Industrials,Marine Logistics,2026-09-01,Unrated,Unrated,Unrated,Unrated,2.0,Small Cap
Essen Speciality Films Ltd,INE0ITO01014,,ESFL,Consumer Discretionary,Home Furnishing & Decor,2026-09-01,Unrated,Unrated,Unrated,Unrated,3.0,Small Cap
Essex Marine Ltd,INE1IBY01019,544475,,Consumer Staples,Marine Foods,2026-09-01,3.0,6.0,4.0,5.0,UNRATED,Small Cap
Ester Industries Ltd.,INE778B01029,500136,ESTER,Materials,Speciality Chemicals - Diversified,2026-09-01,1.0,1.0,4.0,4.0,6.0,Small Cap
Eternal Ltd.,INE758T01015,543320,ETERNAL,Technology,Online Services,2026-09-01,1.0,3.0,4.0,2.0,6.0,Large Cap
Ethos Ltd.,INE04TZ01018,543532,ETHOSLTD,Consumer Discretionary,Watches,2026-09-01,3.0,5.0,7.0,4.0,8.0,Small Cap
E To E Transportation Infrastructure Ltd,INE1CEJ01017,,E2ERAIL,Industrials,Railway Construction,2026-09-01,Unrated,Unrated,Unrated,Unrated,8.0,Small Cap
Euphoria Infotech (India) Ltd,INE0PYT01018,544094,,Technology,IT Services & Consulting,2026-09-01,Unrated,Unrated,Unrated,Unrated,1.0,Small Cap
Eureka Industries Ltd.,INE958A01011,521137,,Consumer Discretionary,Miscellaneous Textiles,2026-09-01,Unrated,Unrated,Unrated,Unrated,6.0,Small Cap
Eureka Forbes Ltd.,INE0KCE01017,543482,EUREKAFORB,Consumer Discretionary,Household Appliances,2026-09-01,3.0,6.0,8.0,6.0,2.0,Small Cap
Euro India Fresh Foods Ltd.,INE546V01010,,EIFFL,Consumer Staples,Snacks & Food Confectionery,2026-09-01,2.0,1.0,8.0,3.0,8.0,Small Cap
Euro Leder Fashion Ltd.,INE940E01011,526468,,Consumer Discretionary,Leather Products,2026-08-28,Unrated,Unrated,Unrated,Unrated,7.0,Small Cap
Euro Panel Products Ltd.,INE505V01016,544461,EUROBOND,Materials,Aluminium Products,2026-09-01,2.0,5.0,4.0,4.0,3.0,Small Cap
Euro Pratik Sales Ltd,INE198501012,544519,EUROPRATIK,Consumer Discretionary,Home Furnishing & Decor,2026-09-01,3.0,5.0,6.0,4.0,8.0,Small Cap
Eurotex Industries And Exports Ltd.,INE022C01012,521014,EUROTEXIND,Consumer Discretionary,Yarn,2026-09-01,Unrated,Unrated,Unrated,Unrated,1.0,Small Cap
Evans Electric Ltd.,INE06TD01010,542668,,Industrials,Repairing and Refurbishing,2026-08-31,Unrated,Unrated,Unrated,Unrated,2.0,Small Cap
Eveready Industries India Ltd.,INE128A01029,531508,EVEREADY,Industrials,Storage Batteries,2026-09-01,4.0,6.0,5.0,6.0,6.0,Small Cap
Everest Industries Ltd.,INE295A01018,508906,EVERESTIND,Industrials,Cement & Asbestos Products,2026-09-01,1.0,1.0,5.0,2.0,6.0,Small Cap
Everest Kanto Cylinder Ltd.,INE184H01027,532684,EKC,Materials,Metals - Diversified,2026-09-01,3.0,2.0,5.0,7.0,4.0,Small Cap
Everest Organics Ltd.,INE334C01029,524790,,Healthcare,Branded Medicines,2026-09-01,Unrated,Unrated,Unrated,Unrated,4.0,Small Cap
Everlon Financials Ltd.,INE339D01034,514358,,Financial,Consumer Financing,2026-08-31,Unrated,Unrated,Unrated,Unrated,7.0,Small Cap
Evexia Lifecare Ltd.,INE313M01030,524444,,Consumer Staples,Edible Oil,2026-09-01,1.0,1.0,5.0,4.0,4.0,Small Cap
Exato Technologies Ltd,INE1E4401010,544626,,Technology,Software & Services - Diversified,2026-09-01,5.0,5.0,8.0,8.0,10.0,Small Cap
Excel Industries Ltd.,INE369A01029,500650,EXCELINDUS,Materials,Diversified Chemicals,2026-09-01,4.0,7.0,5.0,7.0,7.0,Small Cap
Excellent Wires And Packaging Ltd,INE0Y4801011,,EXCELLENT,Materials,Steel Wires,2026-09-01,Unrated,Unrated,Unrated,Unrated,UNRATED,Small Cap
Excel Realty N Infra Ltd.,INE688J01023,533090,EXCEL,Diversified,Diversified Trading,2026-09-01,Unrated,Unrated,Unrated,Unrated,1.0,Small Cap
Excelsoft Technologies Ltd,INE606N01019,544617,EXCELSOFT,Technology,IT Services & Consulting,2026-09-01,3.0,6.0,7.0,8.0,1.0,Small Cap
Exhicon Events Media Solutions Ltd.,INE0O8901016,543895,,Industrials,Advertising & Marketing - Diversified,2026-09-01,Unrated,Unrated,Unrated,Unrated,5.0,Small Cap
Exicom Tele-Systems Ltd,INE777F01014,544133,EXICOM,Energy & Utilities,Power Charging Stations,2026-09-01,1.0,1.0,2.0,2.0,9.0,Small Cap
Exide Industries Ltd.,INE302A01020,500086,EXIDEIND,Consumer Discretionary,Automotive Batteries,2026-09-01,3.0,6.0,7.0,4.0,9.0,Small Cap
Exim Routes Ltd,INE19I001020,,EXIMROUTES,Materials,Paper & Paper Products,2026-09-01,3.0,4.0,6.0,6.0,1.0,Small Cap
Expleo Solutions Ltd.,INE201K01015,533121,EXPLEOSOL,Technology,IT Services & Consulting,2026-09-01,5.0,8.0,6.0,9.0,6.0,Small Cap
Explicit Finance Ltd.,INE335G01019,530571,,Financial,NBFC - Diversified,2026-08-31,Unrated,Unrated,Unrated,Unrated,UNRATED,Small Cap
Expo Engineering And Projects Ltd.,INE561D01025,526614,,Industrials,Industrial Machinery,2026-09-01,Unrated,Unrated,Unrated,Unrated,9.0,Small Cap
Exxaro Tiles Ltd.,INE0GFE01026,543327,EXXARO,Industrials,Ceramic Tiles and Sanitaryware,2026-09-01,Unrated,Unrated,Unrated,Unrated,4.0,Small Cap
Eyantra Ventures Ltd.,INE750G01019,512099,,Consumer Discretionary,Gems & Jewellery,2026-09-01,Unrated,Unrated,Unrated,Unrated,UNRATED,Small Cap
Faalcon Concepts Ltd,INE0Q9W01015,544164,,Materials,Basic Materials - Diversified,2026-09-01,Unrated,Unrated,Unrated,Unrated,UNRATED,Small Cap
Fabtech Technologies Ltd,INE0HF201011,544558,FABTECH,Healthcare,Biopharmaceuticals,2026-09-01,2.0,2.0,7.0,7.0,1.0,Small Cap
Fabtech Technologies Cleanrooms Ltd,INE0HSD01011,544332,,Industrials,Other Industrial Services,2026-09-01,Unrated,Unrated,Unrated,Unrated,9.0,Small Cap
Facor Alloys Ltd.,INE828G01013,532656,,Materials,Iron & Steel,2026-09-01,Unrated,Unrated,Unrated,Unrated,8.0,Small Cap
Fairchem Organics Ltd.,INE0DNW01011,543252,FAIRCHEMOR,Materials,Diversified Chemicals,2026-09-01,3.0,5.0,6.0,5.0,7.0,Small Cap
Falcon Technoprojects India Ltd,INE0PQK01013,,FALCONTECH,Industrials,Other Industrial Services,2026-09-01,Unrated,Unrated,Unrated,Unrated,3.0,Small Cap
Family Care Hospitals Ltd.,INE146N01016,516110,,Healthcare,Hospitals & Clinics,2026-09-01,Unrated,Unrated,Unrated,Unrated,1.0,Small Cap
Fascinate Textiles Ltd,INE1Q2D01019,,FASCINATE,Consumer Discretionary,Readymade Garment,2026-09-01,5.0,6.0,7.0,7.0,UNRATED,
Faze Three Ltd.,INE963C01033,530079,FAZE3Q,Consumer Discretionary,Home Furnishing & Decor,2026-09-01,2.0,3.0,7.0,3.0,6.0,Small Cap
FCS Software Solutions Ltd.,INE512B01022,532666,FCSSOFT,Technology,Software,2026-09-01,Unrated,Unrated,Unrated,Unrated,2.0,Small Cap
FDC Ltd.,INE258B01022,531599,FDC,Healthcare,Branded Medicines,2026-09-01,4.0,9.0,7.0,6.0,3.0,Small Cap
Fedbank Financial Services Ltd,INE007N01010,544027,FEDFINA,Financial,NBFC - Diversified,2026-09-01,4.0,5.0,6.0,6.0,8.0,Small Cap
Federal-Mogul Goetze (India) Ltd.,INE529A01010,505744,FMGOETZE,Consumer Discretionary,Auto Ancillaries,2026-09-01,4.0,8.0,7.0,4.0,8.0,Small Cap
Felix Industries Ltd.,INE901X01013,,FELIX,Industrials,Waste Management,2026-09-01,4.0,4.0,8.0,6.0,6.0,Small Cap
Felix Global Venture Ltd.,INE083G01031,521228,,Consumer Discretionary,Apparels & Footwear - Diversified,2026-09-01,Unrated,Unrated,Unrated,Unrated,5.0,Small Cap
Fermenta Biotech Ltd.,INE225B01021,506414,FERMENTA,Healthcare,Branded Medicines,2026-09-01,4.0,7.0,6.0,4.0,9.0,Small Cap
The Fertilisers And Chemicals Travancore Ltd.,INE188A01015,590024,FACT,Materials,Diversified Chemicals,2026-09-01,1.0,4.0,4.0,2.0,4.0,Mid Cap
Fervent Synergies Ltd.,INE258M01011,533896,,Consumer Staples,Other Agriculture Products,2026-09-01,Unrated,Unrated,Unrated,Unrated,3.0,Small Cap
FGP Ltd.,INE512A01016,500142,FGPIND,Real Estate,Real Estate Services,2026-09-01,Unrated,Unrated,Unrated,Unrated,8.0,Small Cap
Fiberweb (India) Ltd.,INE296C01020,507910,FIBERWEB,Consumer Discretionary,Industrial Clothing & Uniforms,2026-09-01,Unrated,Unrated,Unrated,Unrated,1.0,Small Cap
Fidel Softech Ltd.,INE0LQQ01019,,FIDEL,Technology,Software & Services - Diversified,2026-09-01,Unrated,Unrated,Unrated,Unrated,6.0,Small Cap
Fiem Industries Ltd.,INE737H01014,532768,FIEMIND,Consumer Discretionary,Automotive Accessories,2026-09-01,4.0,9.0,6.0,6.0,7.0,Small Cap
Filatex Fashions Ltd.,INE185E01021,532022,FILATFASH,Consumer Discretionary,Yarn,2026-09-01,Unrated,Unrated,Unrated,Unrated,1.0,Small Cap
Filatex India Ltd.,INE816B01035,526227,FILATEX,Consumer Discretionary,Synthetic Fabrics,2026-09-01,4.0,7.0,2.0,6.0,10.0,Small Cap
Filmcity Media Ltd.,INE600B01033,531486,,Consumer Discretionary,Media & Entertainment Conglomerate,2026-09-01,Unrated,Unrated,Unrated,Unrated,1.0,Small Cap
Filtra Consultants and Engineers Ltd.,INE541R01019,539098,,Industrials,Other Machinery,2026-08-17,Unrated,Unrated,Unrated,Unrated,UNRATED,Small Cap
Filtron Engineers Ltd.,INE589N01017,531191,,Diversified,Diversified Trading,2026-09-01,Unrated,Unrated,Unrated,Unrated,UNRATED,Small Cap
Finbud Financial Services Ltd,INE0EDU01014,,FINBUD,Financial,Consumer Financing,2026-09-01,Unrated,Unrated,Unrated,Unrated,9.0,Small Cap
Fine-Line Circuits Ltd.,INE087E01011,517264,,Technology,Technology Equipment & Parts,2026-09-01,Unrated,Unrated,Unrated,Unrated,3.0,Small Cap
Fine Organic Industries Ltd.,INE686Y01026,541557,FINEORG,Materials,Speciality Chemicals - Diversified,2026-09-01,4.0,9.0,7.0,5.0,6.0,Small Cap
Fineotex Chemical Ltd.,INE045J01034,533333,FCL,Materials,Diversified Chemicals,2026-09-01,4.0,8.0,3.0,5.0,10.0,Small Cap
Finkurve Financial Services Ltd.,INE734I01027,508954,FINKURVE,Financial,Leasing and Hire Purchase,2026-09-01,2.0,4.0,6.0,5.0,4.0,Small Cap
Finolex Industries Ltd.,INE183A01024,500940,FINPIPE,Industrials,Plastic Tubes & Pipes,2026-09-01,3.0,8.0,5.0,7.0,2.0,Small Cap
Finolex Cables Ltd.,INE235A01022,500144,FINCABLES,Industrials,Wires & Cables,2026-09-01,5.0,9.0,6.0,5.0,9.0,Small Cap
Fino Payments Bank Ltd.,INE02NC01014,543386,FINOPB,Financial,Banks - Diversified,2026-09-01,3.0,7.0,5.0,5.0,2.0,Small Cap
First Custodian Fund (India) Ltd.,INE609B01018,511122,,Financial,NBFC - Diversified,2026-09-01,Unrated,Unrated,Unrated,Unrated,4.0,Small Cap
First Fintec Ltd.,INE683B01047,532379,,Technology,Software,2026-09-01,Unrated,Unrated,Unrated,Unrated,5.0,Small Cap
Firstsource Solutions Ltd.,INE684F01012,532809,FSL,Industrials,BPO Services,2026-09-01,3.0,6.0,7.0,5.0,4.0,Small Cap
Fischer Chemic Ltd.,INE771F01041,524743,FISCHER,Materials,Speciality Chemicals - Diversified,2026-09-01,1.0,1.0,3.0,3.0,3.0,Small Cap
Five-Star Business Finance Ltd.,INE128S01021,543663,FIVESTAR,Financial,Microfinancing,2026-09-01,5.0,9.0,5.0,7.0,6.0,Small Cap
Flair Writing Industries Ltd,INE00Y201027,544030,FLAIR,Industrials,Stationery & Office Supplies,2026-09-01,3.0,6.0,6.0,6.0,2.0,Small Cap
Flex Foods Ltd.,INE954B01018,523672,,Consumer Staples,Other Agriculture Products,2026-09-01,Unrated,Unrated,Unrated,Unrated,7.0,Small Cap
Flexituff Ventures International Ltd.,INE060J01017,533638,FLEXITUFF,Consumer Discretionary,Integrated Textiles,2026-09-01,Unrated,Unrated,Unrated,Unrated,1.0,Small Cap
Flomic Global Logistics Ltd.,INE952M01019,504380,,Industrials,Multimodal Logistics,2026-09-01,Unrated,Unrated,Unrated,Unrated,4.0,Small Cap
Flora Corporation Ltd.,INE318U01016,540267,,Consumer Staples,Farming - Diversified,2026-09-01,Unrated,Unrated,Unrated,Unrated,3.0,Small Cap
Flora Textiles Ltd.,INE161F01011,530705,,Consumer Discretionary,Synthetic Fabrics,2026-09-01,Unrated,Unrated,Unrated,Unrated,5.0,Small Cap
Fluidomat Ltd.,INE459C01016,522017,,Industrials,Electrical Machinery,2026-09-01,5.0,8.0,8.0,6.0,8.0,Small Cap
FlySBS Aviation Ltd,INE0VCK01011,,FLYSBS,Industrials,Air Transport,2026-09-01,5.0,10.0,7.0,6.0,7.0,Small Cap
Flywings Simulator Training Centre Ltd,INE0SQZ01015,,FWSTC,Industrials,Other Business Services,2026-09-01,4.0,5.0,8.0,7.0,UNRATED,Small Cap
F Mec International Financial Services Ltd.,INE108T01013,539552,,Financial,NBFC - Diversified,2026-09-01,Unrated,Unrated,Unrated,Unrated,2.0,Small Cap
Foce India Ltd.,INE0I7D01019,,FOCE,Consumer Discretionary,Watches,2026-09-01,Unrated,Unrated,Unrated,Unrated,UNRATED,Small Cap
Focus Business Solution Ltd.,INE0DXR01010,543312,,Financial,Financial Services - Diversified,2026-08-27,Unrated,Unrated,Unrated,Unrated,UNRATED,Small Cap
Focus Lighting & Fixtures Ltd.,INE593W01028,,FOCUS,Industrials,Electronic Components,2026-09-01,2.0,2.0,6.0,5.0,5.0,Small Cap
Fone4 Communications (India) Ltd.,INE0L3H01014,543521,,Consumer Discretionary,Online and Direct Retailing,2026-08-24,Unrated,Unrated,Unrated,Unrated,UNRATED,Small Cap
Fonebox Retail Ltd,INE0Q4701019,,FONEBOX,Consumer Discretionary,Online and Direct Retailing,2026-09-01,Unrated,Unrated,Unrated,Unrated,8.0,Small Cap
Foods & Inns Ltd.,INE976E01023,507552,FOODSIN,Consumer Staples,Fruit & Vegetable Processing,2026-09-01,2.0,1.0,7.0,6.0,2.0,Small Cap
Forbes & Company Ltd.,INE518A01013,502865,FORBESGOK,Industrials,Machine Tools,2026-09-01,2.0,5.0,4.0,4.0,2.0,Small Cap
Forbes Precision Tools And Machine Parts Ltd.,INE0TT901016,544186,,Industrials,Industrial Construction,2026-09-01,3.0,6.0,3.0,6.0,6.0,Small Cap
Forcas Studio Ltd,INE0U2501017,,FORCAS,Consumer Discretionary,Readymade Garment,2026-09-01,Unrated,Unrated,Unrated,Unrated,10.0,Small Cap
Force Motors Ltd.,INE451A01017,500033,FORCEMOT,Industrials,Commercial Vehicles,2026-09-01,3.0,10.0,8.0,3.0,2.0,Small Cap
Forge Auto International Ltd,INE0YKW01013,,FORGEAUTO,Materials,Castings & Forgings,2026-09-01,Unrated,Unrated,Unrated,Unrated,7.0,Small Cap
Fortis Healthcare Ltd.,INE061F01013,532843,FORTIS,Healthcare,Hospitals & Clinics,2026-09-01,3.0,5.0,7.0,3.0,4.0,Mid Cap
Fortis Malar Hospitals Ltd.,INE842B01015,523696,,Healthcare,Hospitals & Clinics,2026-09-01,Unrated,Unrated,Unrated,Unrated,2.0,Small Cap
Fortune International Ltd.,INE501D01013,530213,,Diversified,Diversified Trading,2026-09-01,Unrated,Unrated,Unrated,Unrated,8.0,Small Cap
Foseco India Ltd.,INE519A01011,500150,FOSECOIND,Materials,Diversified Chemicals,2026-09-01,5.0,9.0,7.0,6.0,8.0,Small Cap
Fourth Dimension Solutions Ltd.,INE382T01030,,GVPTECH,Technology,IT Services & Consulting,2026-09-01,Unrated,Unrated,Unrated,Unrated,5.0,Small Cap
Fractal Industries Ltd.,INE1W3Q01011,544707,,Consumer Discretionary,Integrated Textiles,2026-09-01,2.0,2.0,2.0,6.0,UNRATED,Small Cap
Fractal Analytics Ltd,INE212S01015,544700,FRACTAL,Technology,IT Services & Consulting,2026-09-01,4.0,7.0,10.0,4.0,1.0,Small Cap
Franklin Industries Ltd.,INE789R01022,540190,,Consumer Discretionary,Gems & Jewellery,2026-09-01,Unrated,Unrated,Unrated,Unrated,2.0,Small Cap
Franklin Leasing And Finance Ltd.,INE399S01010,539839,,Financial,NBFC - Diversified,2026-08-03,Unrated,Unrated,Unrated,Unrated,UNRATED,Small Cap
Fraser and Co Ltd.,INE184Q01010,539032,,Materials,Granite Marble & Stones,2026-09-01,Unrated,Unrated,Unrated,Unrated,UNRATED,Small Cap
Fredun Pharmaceuticals Ltd.,INE194R01017,539730,,Healthcare,Pharmaceuticals - Diversified,2026-09-01,2.0,5.0,7.0,2.0,6.0,Small Cap
Freshara Agro Exports Ltd,INE0SFW01015,,FRESHARA,Consumer Staples,Other Agriculture Products,2026-09-01,Unrated,Unrated,Unrated,Unrated,10.0,Small Cap
Freshtrop Fruits Ltd.,INE795D01011,530077,,Consumer Staples,Fruits & Vegetables,2026-09-01,Unrated,Unrated,Unrated,Unrated,6.0,Small Cap
Frog Innovations Ltd.,INE385O01018,,FROG,Technology,Network Equipment & Tools,2026-09-01,Unrated,Unrated,Unrated,Unrated,9.0,Small Cap
Frontier Capital Ltd.,INE977E01013,508980,,Industrials,Business Consultancy,2026-09-01,Unrated,Unrated,Unrated,Unrated,7.0,Small Cap
Frontier Springs Ltd.,INE572D01014,522195,,Industrials,Railway Locomotive & Rolling Stock,2026-09-01,3.0,9.0,6.0,4.0,2.0,Small Cap
Frontline Corporation Ltd.,INE092D01013,532042,,Industrials,Road Logistics,2026-09-01,Unrated,Unrated,Unrated,Unrated,UNRATED,Small Cap
Fruition Venture Ltd.,INE836C01015,538568,,Technology,Technology Hardware Trading,2026-09-01,Unrated,Unrated,Unrated,Unrated,8.0,Small Cap
FSN E-Commerce Ventures Ltd.,INE388Y01029,543384,NYKAA,Consumer Discretionary,Fashion Accessories,2026-09-01,3.0,5.0,8.0,3.0,9.0,Mid Cap
Fujiyama Power Systems Ltd,INE12UR01024,544613,UTLSOLAR,Energy & Utilities,Renewable Energy Equipment & Services,2026-09-01,3.0,6.0,7.0,2.0,10.0,Small Cap
Fundviser Capital (India) Ltd.,INE365H01014,530197,,Financial,Investment Services,2026-09-01,3.0,3.0,7.0,2.0,UNRATED,Small Cap
Fusion Finance Ltd.,INE139R01012,543652,FUSION,Financial,Microfinancing,2026-09-01,3.0,1.0,3.0,7.0,8.0,Small Cap
Fusion Klassroom Edutech Ltd,INE1LMA01010,544856,,Consumer Staples,Education Services,2026-09-01,5.0,10.0,10.0,7.0,UNRATED,
Future Consumer Ltd.,INE220J01025,533400,FCONSUMER,Consumer Staples,Household & Personal Products - Diversified,2026-08-31,Unrated,Unrated,Unrated,Unrated,UNRATED,Small Cap
Future Enterprises Ltd.,INE623B01027,523574,FEL,Consumer Discretionary,Apparel & Accessories Retail,2026-09-01,Unrated,Unrated,Unrated,Unrated,2.0,Small Cap
Future Lifestyle Fashions Ltd.,INE452O01016,536507,FLFL,Consumer Discretionary,Apparels & Footwear - Diversified,2026-09-01,Unrated,Unrated,Unrated,Unrated,4.0,Small Cap
Future Market Networks Ltd.,INE360L01017,533296,FMNL,Real Estate,Real Estate Services,2026-09-01,Unrated,Unrated,Unrated,Unrated,7.0,Small Cap
Future Enterprises Limited DVR,IN9623B01058,570002,FELDVR,Consumer Discretionary,Miscellaneous Specialty Retail,2026-09-01,Unrated,Unrated,Unrated,Unrated,3.0,Small Cap
Futuristic Solutions Ltd.,INE241F01011,534063,,Financial,NBFC - Diversified,2026-08-31,Unrated,Unrated,Unrated,Unrated,6.0,Small Cap
Fynx Capital Ltd.,INE455H01021,507962,,Financial,NBFC - Diversified,2026-09-01,Unrated,Unrated,Unrated,Unrated,3.0,Small Cap
Gabion Technologies India Ltd,INE1H1501013,544675,,Industrials,Construction & Engineering - Diversified,2026-09-01,3.0,5.0,6.0,6.0,9.0,Small Cap
Gabriel India Ltd.,INE524A01029,505714,GABRIEL,Consumer Discretionary,Auto Ancillaries,2026-09-01,3.0,7.0,7.0,2.0,8.0,Small Cap
Gabriel Pet Straps Ltd,INE0QZF01012,544108,,Materials,Plastic Materials,2026-09-01,Unrated,Unrated,Unrated,Unrated,1.0,Small Cap
GACM Technologies Ltd. (DVR),INE224E01036,570005,GATECHDVR,Financial,Brokerage Services,2026-09-01,Unrated,Unrated,Unrated,Unrated,7.0,Small Cap
GACM Technologies Ltd.,INE224E01028,531723,GATECH,Financial,Brokerage Services,2026-09-01,Unrated,Unrated,Unrated,Unrated,10.0,Small Cap
Gagan Gases Ltd.,INE076D01016,524624,,Energy & Utilities,Oil & Gas Transportation,2026-09-01,Unrated,Unrated,Unrated,Unrated,6.0,Small Cap
GAIL (India) Ltd.,INE129A01019,532155,GAIL,Energy & Utilities,Natural Gas Utilities,2026-09-01,3.0,5.0,6.0,6.0,5.0,Large Cap
Gaja Alternative Asset Management Ltd,INE18UN01038,544885,GAJA,Financial,Asset Management Companies,2026-09-01,4.0,7.0,5.0,6.0,UNRATED,
Gajanand International Ltd,INE0QTE01018,,GAJANAND,Consumer Discretionary,Cotton Farming,2026-09-01,Unrated,Unrated,Unrated,Unrated,UNRATED,Small Cap
Gajanan Securities Services Ltd.,INE868G01019,538609,,Financial,Other Financial Institutions,2026-09-01,Unrated,Unrated,Unrated,Unrated,5.0,Small Cap
Galactico Corporate Services Ltd.,INE906Y01028,542802,,Financial,Financial Services - Diversified,2026-09-01,Unrated,Unrated,Unrated,Unrated,6.0,Small Cap
Galada Finance Ltd.,INE243E01010,538881,,Financial,NBFC - Diversified,2026-09-01,Unrated,Unrated,Unrated,Unrated,8.0,Small Cap
Galada Power & Telecommunication Ltd.,INE255C01018,504697,GALPOWTEL,Industrials,Wires & Cables,2026-09-01,Unrated,Unrated,Unrated,Unrated,UNRATED,Small Cap
Gala Global Products Ltd.,INE480S01026,539228,,Industrials,Printing,2026-09-01,Unrated,Unrated,Unrated,Unrated,2.0,Small Cap
Gala Precision Engineering Ltd,INE0RE001014,544244,GALAPREC,Industrials,Fasteners,2026-09-01,4.0,4.0,7.0,6.0,9.0,Small Cap
Galaxy Agrico Exports Ltd.,INE803L01016,531911,,Industrials,Agricultural Machinery,2026-09-01,Unrated,Unrated,Unrated,Unrated,9.0,Small Cap
Galaxy Bearings Ltd.,INE020S01012,526073,,Industrials,Ball Bearings,2026-09-01,Unrated,Unrated,Unrated,Unrated,9.0,Small Cap
Galaxy Cloud Kitchens Ltd.,INE403B01016,506186,,Consumer Staples,Food Processing - Diversified,2026-09-01,Unrated,Unrated,Unrated,Unrated,8.0,Small Cap
Galaxy Medicare Ltd,INE09A801015,,GML,Healthcare,Medical Supplies,2026-09-01,5.0,7.0,8.0,7.0,UNRATED,Small Cap
Galaxy Surfactants Ltd.,INE600K01018,540935,GALAXYSURF,Materials,Commodity Chemicals - Diversified,2026-09-01,4.0,7.0,6.0,6.0,8.0,Small Cap
Gallantt Ispat Ltd.,INE297H01019,532726,GALLANTT,Materials,Aluminium Products,2026-09-01,2.0,5.0,6.0,3.0,4.0,Small Cap
Gallard Steel Ltd,INE0BUQ01012,544616,,Materials,Iron & Steel,2026-09-01,4.0,4.0,8.0,6.0,9.0,Small Cap
Gallops Enterprises Ltd.,INE755J01012,531902,,Real Estate,Real Estate - Diversified,2026-09-01,Unrated,Unrated,Unrated,Unrated,UNRATED,Small Cap
Gamco Ltd.,INE890S01026,540097,,Financial,Miscellaneous Financial Services,2026-09-01,Unrated,Unrated,Unrated,Unrated,9.0,Small Cap
Game Changers Texfab Ltd,INE1GUJ01014,544594,,Consumer Discretionary,Organic Fabrics,2026-09-01,Unrated,Unrated,Unrated,Unrated,7.0,Small Cap
Gandhar Oil Refinery (India) Ltd,INE717W01049,544029,GANDHAR,Energy & Utilities,Oil & Gas Exploration and Production,2026-09-01,3.0,2.0,7.0,6.0,10.0,Small Cap
Gandhi Special Tubes Ltd.,INE524B01027,513108,GANDHITUBE,Materials,Iron & Steel,2026-09-01,5.0,9.0,7.0,7.0,7.0,Small Cap
Ganesha Ecosphere Ltd.,INE845D01014,514167,GANECOS,Consumer Discretionary,Yarn,2026-09-01,3.0,2.0,6.0,4.0,8.0,Small Cap
Ganesha Ecoverse Ltd,INE369Q01017,539041,,Materials,Metal Trading,2026-09-01,Unrated,Unrated,Unrated,Unrated,5.0,Small Cap
Ganesh Benzoplast Ltd.,INE388A01029,500153,GANESHBE,Materials,Speciality Chemicals - Diversified,2026-09-01,5.0,8.0,6.0,7.0,9.0,Small Cap
Ganesh Consumer Products Ltd,INE652V01016,544528,GANESHCP,Consumer Staples,Flour Milling,2026-09-01,2.0,4.0,6.0,6.0,1.0,Small Cap
Shree Ganesh Elastoplast Ltd.,INE400N01017,530797,,Consumer Staples,Agriculture & Farming Services,2026-08-21,Unrated,Unrated,Unrated,Unrated,UNRATED,Small Cap
Ganesh Films India Ltd.,INE00WY01013,541703,GFIL,Consumer Discretionary,Movie & TV Production & Distribution,2026-08-31,Unrated,Unrated,Unrated,Unrated,1.0,Small Cap
Ganesh Green Bharat Ltd,INE0R8C01018,,GGBL,Energy & Utilities,Diversified Utilities,2026-09-01,Unrated,Unrated,Unrated,Unrated,2.0,Small Cap
Ganesh Holdings Ltd.,INE932M01011,504397,,Financial,Miscellaneous Financial Services,2026-09-01,Unrated,Unrated,Unrated,Unrated,UNRATED,Small Cap
Ganesh Housing Ltd.,INE460C01014,526367,GANESHHOU,Real Estate,Real Estate Development,2026-09-01,3.0,3.0,5.0,7.0,8.0,Small Cap
Ganesh Infraworld Ltd,INE0TVT01024,,GANESHIN,Industrials,Construction & Engineering - Diversified,2026-09-01,1.0,1.0,4.0,3.0,6.0,Small Cap
Ganga Bath Fittings Ltd,INE0ZI101018,,GANGABATH,Industrials,Ceramic Tiles and Sanitaryware,2026-09-01,Unrated,Unrated,Unrated,Unrated,8.0,Small Cap
Ganga Forging Ltd.,INE691Z01023,,GANGAFORGE,Materials,Stainless Steel,2026-09-01,Unrated,Unrated,Unrated,Unrated,2.0,Small Cap
Ganga Papers India Ltd.,INE278O01015,531813,,Materials,Paper & Paper Products,2026-08-31,Unrated,Unrated,Unrated,Unrated,UNRATED,Small Cap
Ganges Securities Ltd.,INE335W01016,540647,GANGESSECU,Consumer Staples,Tea & Coffee,2026-09-01,Unrated,Unrated,Unrated,Unrated,3.0,Small Cap
Ganon Products Ltd.,INE162L01017,512443,,Diversified,Diversified Trading,2026-09-01,Unrated,Unrated,Unrated,Unrated,1.0,Small Cap
Garbi Finvest Ltd.,INE721C01019,539492,,Financial,NBFC - Diversified,2026-09-01,Unrated,Unrated,Unrated,Unrated,2.0,Small Cap
Garden Reach Shipbuilders & Engineers Ltd.,INE382Z01011,542011,GRSE,Industrials,Shipbuilding & Maintenance,2026-09-01,3.0,8.0,7.0,3.0,5.0,Small Cap
Garg Furnace Ltd.,INE194E01015,530615,,Materials,Aluminium Products,2026-09-01,Unrated,Unrated,Unrated,Unrated,5.0,Small Cap
Garment Mantra Lifestyle Ltd.,INE653S01028,539216,,Consumer Discretionary,Synthetic Fabrics,2026-09-01,Unrated,Unrated,Unrated,Unrated,1.0,Small Cap
Garnet Construction Ltd.,INE797D01017,526727,,Real Estate,Real Estate Development,2026-09-01,Unrated,Unrated,Unrated,Unrated,4.0,Small Cap
Garnet International Ltd.,INE590B01010,512493,,Consumer Discretionary,Apparels & Footwear - Diversified,2026-09-01,Unrated,Unrated,Unrated,Unrated,3.0,Small Cap
Garuda Construction And Engineering Ltd,INE0JVO01026,544271,GARUDA,Industrials,Construction & Engineering - Diversified,2026-09-01,3.0,3.0,6.0,6.0,6.0,Small Cap
Garware Hi-Tech Films Ltd.,INE291A01017,500655,GRWRHITECH,Materials,Speciality Chemicals - Diversified,2026-09-01,4.0,9.0,8.0,3.0,10.0,Small Cap
Garware Marine Industries Ltd.,INE925D01014,509563,,Industrials,Shipbuilding & Maintenance,2026-09-01,Unrated,Unrated,Unrated,Unrated,3.0,Small Cap
Garware Synthetics Ltd.,INE340D01016,514400,,Consumer Discretionary,Synthetic Fabrics,2026-09-01,Unrated,Unrated,Unrated,Unrated,1.0,Small Cap
Garware Technical Fibres Ltd.,INE276A01018,509557,GARFIBRES,Consumer Discretionary,Miscellaneous Textiles,2026-09-01,4.0,8.0,5.0,5.0,8.0,Small Cap
Gateway Distriparks Ltd.,INE079J01017,543489,GATEWAY,Industrials,Multimodal Logistics,2026-09-01,4.0,6.0,6.0,9.0,3.0,Small Cap
Gaudium IVF and Women Health Ltd,INE0P8B01020,544709,GAUDIUMIVF,Healthcare,Hospitals & Clinics,2026-09-01,5.0,10.0,9.0,6.0,UNRATED,Small Cap
Gautam Exim Ltd.,INE721X01015,540613,,Diversified,Diversified Trading,2026-08-28,Unrated,Unrated,Unrated,Unrated,UNRATED,Small Cap
Gautam Gems Ltd.,INE063Z01017,540936,,Consumer Discretionary,Gems & Jewellery,2026-09-01,Unrated,Unrated,Unrated,Unrated,4.0,Small Cap
Gayatri Bio Organics Ltd.,INE052E01015,524564,,Consumer Staples,Food Processing - Diversified,2026-09-01,Unrated,Unrated,Unrated,Unrated,1.0,Small Cap
Gayatri Highways Ltd.,INE287Z01012,541546,GAYAHWS,Industrials,Road & Highway Construction,2026-09-01,Unrated,Unrated,Unrated,Unrated,4.0,Small Cap
Gayatri Projects Ltd.,INE336H01023,532767,GAYAPROJ,Industrials,Construction & Engineering - Diversified,2026-09-01,Unrated,Unrated,Unrated,Unrated,10.0,Small Cap
Gayatri Rubbers And Chemicals Ltd.,INE0LVM01018,,GRCL,Materials,Rubber & Rubber Products,2026-09-01,Unrated,Unrated,Unrated,Unrated,9.0,Small Cap
Gayatri Sugars Ltd.,INE622E01023,532183,,Consumer Staples,Sugar,2026-09-01,Unrated,Unrated,Unrated,Unrated,4.0,Small Cap
GB Logistics Commerce Ltd,INE0RWU01016,544348,,Industrials,Road Logistics,2026-09-01,Unrated,Unrated,Unrated,Unrated,UNRATED,Small Cap
GCM Capital Advisors Ltd.,INE191P01017,538319,,Financial,Financial Services - Diversified,2026-08-31,Unrated,Unrated,Unrated,Unrated,UNRATED,Small Cap
GCM Securities Ltd.,INE168O01026,535431,,Financial,Other Financial Institutions,2026-09-01,Unrated,Unrated,Unrated,Unrated,5.0,Small Cap
GDL Leasing & Finance Ltd.,INE545E01018,530855,,Financial,Leasing and Hire Purchase,2026-09-01,Unrated,Unrated,Unrated,Unrated,10.0,Small Cap
GEE Ltd.,INE064H01021,504028,,Industrials,Welding Machinery,2026-09-01,2.0,1.0,4.0,2.0,10.0,Small Cap
GeeCee Ventures Ltd.,INE916G01016,532764,GEECEE,Real Estate,Real Estate Development,2026-09-01,5.0,7.0,8.0,7.0,8.0,Small Cap
Geekay Wires Ltd.,INE669X01024,,GEEKAYWIRE,Industrials,Wires & Cables,2026-09-01,Unrated,Unrated,Unrated,Unrated,5.0,Small Cap
Gem Aromatics Ltd,INE06XZ01023,544491,GEMAROMA,Materials,Commodity Chemicals - Diversified,2026-09-01,2.0,1.0,6.0,5.0,3.0,Small Cap
GEM Enviro Management Ltd,INE0RUJ01013,544199,,Industrials,Waste Management,2026-09-01,Unrated,Unrated,Unrated,Unrated,2.0,Small Cap
Gem Spinners India Ltd.,INE165F01020,521133,GEMSPIN,Consumer Discretionary,Yarn,2026-08-12,Unrated,Unrated,Unrated,Unrated,UNRATED,Small Cap
Gemstone Investments Ltd.,INE503D01027,531137,,Financial,Miscellaneous Financial Services,2026-09-01,Unrated,Unrated,Unrated,Unrated,4.0,Small Cap
General Insurance Corporation of India,INE481Y01014,540755,GICRE,Financial,Diversified Insurance,2026-09-01,Unrated,Unrated,Unrated,Unrated,2.0,Mid Cap
Generic Engineering Construction And Projects Ltd.,INE854S01022,539407,GENCON,Industrials,Construction & Engineering - Diversified,2026-09-01,Unrated,Unrated,Unrated,Unrated,4.0,Small Cap
Genesis IBRC India Ltd.,INE194N01016,514336,,Healthcare,Biotechnology & Pharma Research,2026-09-01,Unrated,Unrated,Unrated,Unrated,UNRATED,Small Cap
Genesys International Corporation Ltd.,INE727B01026,506109,GENESYS,Technology,IT Services & Consulting,2026-09-01,1.0,1.0,5.0,5.0,2.0,Small Cap
Gennex Laboratories Ltd.,INE509C01026,531739,,Healthcare,Branded Medicines,2026-09-01,Unrated,Unrated,Unrated,Unrated,6.0,Small Cap
Genomic Valley Biotech Ltd.,INE574D01010,539206,,Healthcare,Biotechnology,2026-09-01,Unrated,Unrated,Unrated,Unrated,7.0,Small Cap
Genpharmasec Ltd.,INE861N01036,531592,,Materials,Commodity Chemicals - Diversified,2026-09-01,Unrated,Unrated,Unrated,Unrated,2.0,Small Cap
Gensol Engineering Ltd.,INE06H201014,542851,GENSOL,Energy & Utilities,Solar Electric Utilities,2026-09-01,Unrated,Unrated,Unrated,Unrated,UNRATED,Small Cap
Genus Paper & Boards Ltd.,INE949P01018,538961,GENUSPAPER,Materials,Metal Packaging,2026-09-01,1.0,1.0,3.0,5.0,3.0,Small Cap
Genus Power Infrastructures Ltd.,INE955D01029,530343,GENUSPOWER,Industrials,Electronic Equipment,2026-09-01,2.0,1.0,5.0,3.0,8.0,Small Cap
Genus Prime Infrastructures Ltd.,INE256D01014,532425,,Real Estate,Real Estate Development,2026-09-01,Unrated,Unrated,Unrated,Unrated,9.0,Small Cap
GenXAI Analytics Ltd,INE1W0N01014,,GENXAI,Technology,IT Services & Consulting,2026-09-01,5.0,10.0,9.0,6.0,UNRATED,Small Cap
Geojit Financial Services Ltd.,INE007B01023,532285,GEOJITFSL,Financial,Brokerage Services,2026-09-01,3.0,5.0,6.0,5.0,8.0,Small Cap
GE Power India Ltd.,INE878A01011,532309,GVPIL,Industrials,Construction & Engineering - Diversified,2026-09-01,3.0,5.0,8.0,3.0,10.0,Small Cap
Getalong Enterprise Ltd.,INE0H1201020,543372,,Industrials,Other Business Services,2026-09-01,Unrated,Unrated,Unrated,Unrated,UNRATED,Small Cap
GE Vernova T&D India Ltd,INE200A01026,522275,GVT&D,Industrials,Switching Equipment,2026-09-01,4.0,9.0,8.0,2.0,8.0,Mid Cap
GFL Ltd.,INE538A01037,500173,GFLLIMITED,Materials,Diversified Chemicals,2026-09-01,3.0,7.0,5.0,4.0,7.0,Small Cap
GG Automotive Gears Ltd.,INE493B01017,531399,,Consumer Discretionary,Auto Ancillaries,2026-09-01,Unrated,Unrated,Unrated,Unrated,2.0,Small Cap
GG Dandekar Machine Works Ltd.,INE631D01026,505250,,Industrials,Industrial Machinery,2026-09-01,Unrated,Unrated,Unrated,Unrated,6.0,Small Cap
GHCL Ltd.,INE539A01019,500171,GHCL,Materials,Commodity Chemicals - Diversified,2026-09-01,5.0,10.0,6.0,8.0,2.0,Small Cap
GHCL Textiles Ltd,INE0PA801013,543918,GHCLTEXTIL,Consumer Discretionary,Integrated Textiles,2026-09-01,3.0,5.0,6.0,2.0,10.0,Small Cap
GIC Housing Finance Ltd.,INE289B01019,511676,GICHSGFIN,Financial,Mortgage/Housing Finance,2026-09-01,2.0,1.0,3.0,9.0,2.0,Small Cap
Gilada Finance & Investments Ltd.,INE918C01029,538788,,Financial,Commercial Financing,2026-09-01,Unrated,Unrated,Unrated,Unrated,7.0,Small Cap
Gillanders Arbuthnot & Company Ltd.,INE047B01011,532716,GILLANDERS,Diversified,Diversified Manufacturing,2026-09-01,Unrated,Unrated,Unrated,Unrated,6.0,Small Cap
Gillette India Ltd.,INE322A01010,507815,GILLETTE,Consumer Staples,Personal Hygiene,2026-09-01,3.0,8.0,4.0,5.0,1.0,Small Cap
Gini Silk Mills Ltd.,INE548B01018,531744,,Consumer Discretionary,Synthetic Fabrics,2026-09-01,Unrated,Unrated,Unrated,Unrated,5.0,Small Cap
Ginni Filaments Ltd.,INE424C01010,590025,GINNIFILA,Consumer Discretionary,Miscellaneous Textiles,2026-09-01,2.0,2.0,5.0,5.0,7.0,Small Cap
Giriraj Civil Developers Ltd.,INE614Z01017,,GIRIRAJ,Industrials,Construction & Engineering - Diversified,2026-09-01,Unrated,Unrated,Unrated,Unrated,1.0,Small Cap
Gita Renewable Energy Ltd.,INE776O01018,539013,,Energy & Utilities,Renewable Electricity Generation,2026-09-01,Unrated,Unrated,Unrated,Unrated,4.0,Small Cap
GKB Ophthalmics Ltd.,INE265D01015,533212,GKB,Healthcare,Medical Supplies,2026-09-01,Unrated,Unrated,Unrated,Unrated,6.0,Small Cap
GK Consultants Ltd.,INE131D01019,531758,,Financial,Investment Services,2026-09-01,Unrated,Unrated,Unrated,Unrated,6.0,Small Cap
GK Energy Ltd,INE1AG301022,544525,GKENERGY,Industrials,Pumps & Compressors,2026-09-01,4.0,3.0,9.0,8.0,7.0,Small Cap
GKP Printing & Packaging Ltd.,INE05QJ01015,542666,,Materials,Paper Packaging,2026-09-01,Unrated,Unrated,Unrated,Unrated,7.0,Small Cap
GKW Ltd.,INE528A01020,504704,GKWLIMITED,Industrials,Warehousing,2026-09-01,2.0,3.0,6.0,2.0,5.0,Small Cap
Glance Finance Ltd.,INE580D01017,531199,,Financial,Financial Services - Diversified,2026-09-01,Unrated,Unrated,Unrated,Unrated,4.0,Small Cap
Gland Pharma Ltd.,INE068V01023,543245,GLAND,Healthcare,Medical Supplies,2026-09-01,4.0,8.0,7.0,4.0,10.0,Small Cap
Glaxosmithkline Pharmaceuticals Ltd.,INE159A01016,500660,GLAXO,Healthcare,Branded Medicines,2026-09-01,4.0,10.0,6.0,4.0,6.0,Mid Cap
GLEN Industries Ltd,INE0UMC01019,544444,,Materials,Plastic Packaging,2026-09-01,3.0,3.0,8.0,6.0,9.0,Small Cap
Glenmark Pharmaceuticals Ltd.,INE935A01035,532296,GLENMARK,Healthcare,Pharmaceuticals - Diversified,2026-09-01,3.0,6.0,7.0,4.0,7.0,Mid Cap
Glittek Granites Ltd.,INE741B01027,513528,,Materials,Granite Marble & Stones,2026-09-01,Unrated,Unrated,Unrated,Unrated,10.0,Small Cap
Global Capital Markets Ltd.,INE062C01042,530263,,Financial,Leasing and Hire Purchase,2026-09-01,Unrated,Unrated,Unrated,Unrated,4.0,Small Cap
Global Education Ltd.,INE291W01037,,GLOBAL,Consumer Staples,Education Services,2026-09-01,3.0,3.0,3.0,6.0,9.0,Small Cap
Globale Tessile Ltd.,INE0URU01010,544234,GLOBALE,Consumer Discretionary,Integrated Textiles,2026-09-01,Unrated,Unrated,Unrated,Unrated,5.0,Small Cap
Global Health Ltd.,INE474Q01031,543654,MEDANTA,Healthcare,Medical Diagnostics Services,2026-09-01,4.0,9.0,8.0,4.0,7.0,Small Cap
Global Infratech & Finance Ltd.,INE377M01035,531463,,Financial,Miscellaneous Financial Services,2026-09-01,Unrated,Unrated,Unrated,Unrated,UNRATED,Small Cap
Global Longlife Hospital and Research Ltd.,INE0J2K01014,543520,,Healthcare,Home Healthcare Services,2026-09-01,Unrated,Unrated,Unrated,Unrated,1.0,Small Cap
Global Ocean Logistics India Ltd,INE1ITY01011,544665,,Industrials,Multimodal Logistics,2026-09-01,4.0,8.0,3.0,6.0,UNRATED,Small Cap
Global Offshore Services Ltd.,INE446C01013,501848,GLOBOFFS,Energy & Utilities,Oil & Gas Exploration and Production,2026-09-01,Unrated,Unrated,Unrated,Unrated,4.0,Small Cap
Global Pet Industries Ltd,INE0PS501019,,GLOBALPET,Industrials,Industrial Machinery,2026-09-01,Unrated,Unrated,Unrated,Unrated,9.0,Small Cap
Globalspace Technologies Ltd.,INE632W01016,540654,,Technology,Software,2026-09-01,Unrated,Unrated,Unrated,Unrated,10.0,Small Cap
Global Surfaces Ltd.,INE0JSX01015,543829,GSLSU,Materials,Granite Marble & Stones,2026-09-01,Unrated,Unrated,Unrated,Unrated,1.0,Small Cap
Global Vectra Helicorp Ltd.,INE792H01019,532773,GLOBALVECT,Industrials,Air Transport,2026-09-01,Unrated,Unrated,Unrated,Unrated,3.0,Small Cap
Globe Civil Projects Ltd,INE0V3U01015,544424,GLOBECIVIL,Industrials,Construction & Engineering - Diversified,2026-09-01,Unrated,Unrated,Unrated,Unrated,2.0,Small Cap
Globe Commercials Ltd.,INE804Q01013,540266,,Diversified,Diversified Trading,2026-09-01,Unrated,Unrated,Unrated,Unrated,5.0,Small Cap
Globe Enterprises (India) Ltd.,INE581X01021,,GLOBE,Consumer Discretionary,Miscellaneous Textiles,2026-09-01,Unrated,Unrated,Unrated,Unrated,2.0,Small Cap
Globe International Carriers Ltd.,INE947T01022,,GICL,Industrials,Multimodal Logistics,2026-09-01,2.0,1.0,6.0,5.0,1.0,Small Cap
Globesecure Technologies Ltd.,INE00WS01056,,GSTL,Technology,Software & Services - Diversified,2026-09-01,Unrated,Unrated,Unrated,Unrated,2.0,Small Cap
Globtier Infotech Ltd,INE12P601017,544494,,Technology,Software & Services - Diversified,2026-09-01,5.0,6.0,9.0,7.0,UNRATED,Small Cap
Globus Power Generation Ltd.,INE064L01015,526025,,Energy & Utilities,Electricity Distribution,2026-09-01,Unrated,Unrated,Unrated,Unrated,6.0,Small Cap
Globus Spirits Ltd.,INE615I01010,533104,GLOBUSSPR,Consumer Staples,Distilleries,2026-09-01,2.0,2.0,6.0,4.0,4.0,Small Cap
Gloster Ltd.,INE350Z01018,542351,GLOSTERLTD,Consumer Discretionary,Jute Products,2026-09-01,2.0,1.0,4.0,5.0,6.0,Small Cap
Glottis Ltd,INE0TQE01026,544557,GLOTTIS,Industrials,Multimodal Logistics,2026-09-01,2.0,2.0,3.0,3.0,9.0,Small Cap
GM Breweries Ltd.,INE075D01018,507488,GMBREW,Consumer Staples,Distilleries,2026-09-01,5.0,9.0,6.0,7.0,6.0,Small Cap
GMM Pfaudler Ltd.,INE541A01023,505255,GMMPFAUDLR,Industrials,Industrial Machinery,2026-09-01,3.0,4.0,6.0,6.0,6.0,Small Cap
GM Polyplast Ltd.,INE0E2801015,543239,,Materials,Plastic Materials,2026-08-31,Unrated,Unrated,Unrated,Unrated,UNRATED,Small Cap
GMR Airports Ltd.,INE776C01039,532754,GMRAIRPORT,Industrials,Airport Operators,2026-09-01,Unrated,Unrated,Unrated,Unrated,5.0,Mid Cap
GMR Power and Urban Infra Ltd.,INE0CU601026,543490,GMRP&UI,Energy & Utilities,Power Generation - Diversified,2026-09-01,1.0,1.0,3.0,4.0,3.0,Small Cap
GNA Axles Ltd.,INE934S01014,540124,GNA,Consumer Discretionary,Auto Ancillaries,2026-09-01,3.0,1.0,7.0,5.0,9.0,Small Cap
GNG Electronics Ltd,INE18JU01028,544455,EBGNG,Industrials,Repairing and Refurbishing,2026-09-01,2.0,1.0,3.0,3.0,10.0,Small Cap
Goa Carbon Ltd.,INE426D01013,509567,GOACARBON,Materials,Carbon Black,2026-09-01,1.0,1.0,6.0,2.0,4.0,Small Cap
Goblin India Ltd.,INE492Z01018,542850,,Consumer Discretionary,Baggage and Luggage,2026-09-01,Unrated,Unrated,Unrated,Unrated,4.0,Small Cap
GOCL Corporation Ltd.,INE077F01035,506480,GOCLCORP,Materials,Explosives,2026-09-01,4.0,1.0,6.0,10.0,9.0,Small Cap
Godavari Biorefineries Ltd,INE497S01012,544279,GODAVARIB,Materials,Commodity Chemicals - Diversified,2026-09-01,1.0,1.0,3.0,2.0,4.0,Small Cap
Godavari Drugs Ltd.,INE362C01012,530317,,Healthcare,Branded Medicines,2026-09-01,Unrated,Unrated,Unrated,Unrated,8.0,Small Cap
Godawari Power And Ispat Ltd.,INE177H01039,532734,GPIL,Materials,Aluminium Products,2026-09-01,4.0,10.0,5.0,6.0,4.0,Small Cap
Godfrey Phillips India Ltd.,INE260B01028,500163,GODFRYPHLP,Consumer Staples,Tobacco Products,2026-09-01,3.0,8.0,6.0,5.0,3.0,Mid Cap
Go Digit General Insurance Ltd,INE03JT01014,544179,GODIGIT,Financial,Diversified Insurance,2026-09-01,Unrated,Unrated,Unrated,Unrated,1.0,Small Cap
Godrej Industries Ltd.,INE233A01035,500164,GODREJIND,Diversified,Diversified Manufacturing,2026-09-01,2.0,1.0,5.0,4.0,6.0,Mid Cap
Godrej Agrovet Ltd.,INE850D01014,540743,GODREJAGRO,Consumer Staples,Pet & Animal Feed,2026-09-01,3.0,6.0,7.0,5.0,3.0,Small Cap
Godrej Consumer Products Ltd.,INE102D01028,532424,GODREJCP,Consumer Staples,Household & Personal Products - Diversified,2026-09-01,3.0,8.0,6.0,4.0,1.0,Large Cap
Godrej Properties Ltd.,INE484J01027,533150,GODREJPROP,Real Estate,Real Estate Development,2026-09-01,2.0,2.0,5.0,5.0,6.0,Mid Cap
Goel Construction Company Ltd,INE0ZOM01013,544504,,Industrials,Industrial Construction,2026-09-01,5.0,10.0,9.0,7.0,10.0,Small Cap
Goel Food Products Ltd.,INE0K6L01010,543538,,Industrials,Event Management,2026-08-28,Unrated,Unrated,Unrated,Unrated,5.0,Small Cap
Goenka Business & Finance Ltd.,INE997C01015,538787,,Financial,NBFC - Diversified,2026-09-01,Unrated,Unrated,Unrated,Unrated,6.0,Small Cap
Go Fashion (India) Ltd.,INE0BJS01011,543401,GOCOLORS,Consumer Discretionary,Apparel & Accessories Retail,2026-09-01,4.0,7.0,6.0,7.0,4.0,Small Cap
Gogia Capital Services Ltd.,INE832C01014,531600,,Financial,Brokerage Services,2026-08-19,Unrated,Unrated,Unrated,Unrated,UNRATED,Small Cap
Gokak Textiles Ltd.,INE642I01014,532957,,Consumer Discretionary,Yarn,2026-09-01,Unrated,Unrated,Unrated,Unrated,3.0,Small Cap
Gokaldas Exports Ltd.,INE887G01027,532630,GOKEX,Consumer Discretionary,Readymade Garment,2026-09-01,2.0,2.0,7.0,4.0,7.0,Small Cap
Gokul Agro Resources Ltd.,INE314T01033,539725,GOKULAGRO,Consumer Staples,Edible Oil,2026-09-01,5.0,7.0,7.0,5.0,9.0,Small Cap
Gokul Refoils and Solvent Ltd.,INE020J01029,532980,GOKUL,Consumer Staples,Edible Oil,2026-09-01,2.0,1.0,5.0,5.0,7.0,Small Cap
Golden Carpets Ltd.,INE595D01015,531928,,Consumer Discretionary,Home Furnishing & Decor,2026-09-01,Unrated,Unrated,Unrated,Unrated,UNRATED,Small Cap
Golden Crest Education & Services Ltd.,INE222U01010,540062,,Consumer Staples,Education Services,2026-08-28,Unrated,Unrated,Unrated,Unrated,UNRATED,Small Cap
Golden Legand Leasing & Finance Ltd.,INE088E01019,509024,,Financial,Leasing and Hire Purchase,2026-09-01,Unrated,Unrated,Unrated,Unrated,2.0,Small Cap
Golden Tobacco Ltd.,INE973A01010,500151,GOLDENTOBC,Consumer Staples,Tobacco Products,2026-09-01,Unrated,Unrated,Unrated,Unrated,2.0,Small Cap
Goldiam International Ltd.,INE025B01025,526729,GOLDIAM,Consumer Discretionary,Gems & Jewellery,2026-09-01,3.0,5.0,5.0,5.0,6.0,Small Cap
Goldline Pharmaceutical Ltd,INE1CLW01015,544759,,Healthcare,Pharmaceuticals Trading,2026-09-01,4.0,5.0,7.0,8.0,UNRATED,Small Cap
Goldstar Power Ltd.,INE405Y01021,,GOLDSTAR,Industrials,Prime Movers,2026-09-01,Unrated,Unrated,Unrated,Unrated,8.0,Small Cap
Goldstone Technologies Ltd.,INE805A01014,531439,GOLDTECH,Technology,Software & Services - Diversified,2026-09-01,Unrated,Unrated,Unrated,Unrated,7.0,Small Cap
Golechha Global Finance Ltd.,INE427D01011,531360,,Financial,NBFC - Diversified,2026-09-01,Unrated,Unrated,Unrated,Unrated,UNRATED,Small Cap
Golkunda Diamonds & Jewellery Ltd.,INE798D01015,523676,,Consumer Discretionary,Gems & Jewellery,2026-09-01,Unrated,Unrated,Unrated,Unrated,9.0,Small Cap
Goodluck India Ltd.,INE127I01024,530655,GOODLUCK,Industrials,Other Building Products,2026-09-01,2.0,3.0,7.0,4.0,5.0,Small Cap
Goodricke Group Ltd.,INE300A01016,500166,GOODRICKE,Consumer Staples,Tea & Coffee,2026-09-01,5.0,6.0,7.0,7.0,9.0,Small Cap
Goodyear India Ltd.,INE533A01012,500168,GOODYEAR,Consumer Discretionary,Tyres & Tubes,2026-09-01,3.0,7.0,5.0,6.0,2.0,Small Cap
Gopal Iron & Steels Company (Gujarat) Ltd.,INE641H01018,531913,,Materials,Aluminium Products,2026-09-01,Unrated,Unrated,Unrated,Unrated,UNRATED,Small Cap
Gopal Snacks Ltd,INE0L9R01028,544140,GOPAL,Consumer Staples,Snacks & Food Confectionery,2026-09-01,2.0,5.0,6.0,3.0,3.0,Small Cap
Gorani Industries Ltd.,INE792J01015,531608,,Consumer Discretionary,Kitchenware & Appliances,2026-09-01,Unrated,Unrated,Unrated,Unrated,3.0,Small Cap
Gothi Plascon (India) Ltd.,INE538G01018,531111,,Real Estate,Real Estate Services,2026-09-01,Unrated,Unrated,Unrated,Unrated,5.0,Small Cap
Gowra Leasing & Finance Ltd.,INE225G01012,530709,,Financial,NBFC - Diversified,2026-09-01,Unrated,Unrated,Unrated,Unrated,6.0,Small Cap
Goyal Aluminiums Ltd.,INE705X01026,541152,GOYALALUM,Materials,Aluminium,2026-09-01,Unrated,Unrated,Unrated,Unrated,4.0,Small Cap
Goyal Associates Ltd.,INE912B01032,530663,,Financial,NBFC - Diversified,2026-09-01,Unrated,Unrated,Unrated,Unrated,7.0,Small Cap
Goyal Salt Ltd,INE0QFE01017,,GOYALSALT,Materials,Diversified Chemicals,2026-09-01,Unrated,Unrated,Unrated,Unrated,2.0,Small Cap
GP Eco Solutions India Ltd,INE0S7E01015,,GPECO,Energy & Utilities,Solar Electric Utilities,2026-09-01,Unrated,Unrated,Unrated,Unrated,6.0,Small Cap
GP Petroleums Ltd.,INE586G01017,532543,GULFPETRO,Energy & Utilities,Oil & Gas - Diversified,2026-09-01,Unrated,Unrated,Unrated,Unrated,10.0,Small Cap
GPT Healthcare Ltd,INE486R01017,544131,GPTHEALTH,Healthcare,Hospitals & Clinics,2026-09-01,5.0,10.0,7.0,6.0,9.0,Small Cap
GPT Infraprojects Ltd.,INE390G01014,533761,GPTINFRA,Industrials,Construction & Engineering - Diversified,2026-09-01,3.0,5.0,6.0,7.0,5.0,Small Cap
Gradiente Infotainment Ltd.,INE361K01017,590126,GRADIENTE,Industrials,Advertising & Marketing - Diversified,2026-09-01,Unrated,Unrated,Unrated,Unrated,UNRATED,Small Cap
Grand Continent Hotels Ltd,INE12E301017,,GCHOTELS,Consumer Discretionary,Hotels & Resorts,2026-09-01,Unrated,Unrated,Unrated,Unrated,2.0,Small Cap
Grand Foundry Ltd.,INE534A01028,513343,GFSTEELS,Materials,Aluminium Products,2026-08-31,Unrated,Unrated,Unrated,Unrated,UNRATED,Small Cap
Grandma Trading & Agencies Ltd.,INE927M01029,504369,,Consumer Discretionary,Apparels & Footwear - Diversified,2026-09-01,Unrated,Unrated,Unrated,Unrated,6.0,Small Cap
Grand Oak Canyons Distillery Ltd.,INE926B01016,523862,,Real Estate,Real Estate Services,2026-09-01,2.0,3.0,3.0,2.0,8.0,Small Cap
Granules India Ltd.,INE101D01020,532482,GRANULES,Healthcare,Pharmaceuticals - Diversified,2026-09-01,4.0,7.0,7.0,4.0,10.0,Small Cap
Graphisads Ltd,INE0POU01017,,GRAPHISAD,Industrials,Advertising Agency,2026-09-01,Unrated,Unrated,Unrated,Unrated,UNRATED,Small Cap
Graphite India Ltd.,INE371A01025,509488,GRAPHITE,Industrials,Electrodes,2026-09-01,2.0,2.0,5.0,4.0,8.0,Small Cap
Grasim Industries Ltd.,INE047A01021,500300,GRASIM,Materials,Cement,2026-09-01,2.0,1.0,6.0,2.0,8.0,Large Cap
Gratex Industries Ltd.,INE915E01013,526751,,Consumer Discretionary,Home Furnishing & Decor,2026-09-01,Unrated,Unrated,Unrated,Unrated,UNRATED,Small Cap
Grauer & Weil (India) Ltd.,INE266D01021,505710,GRAUWEIL,Materials,Diversified Chemicals,2026-09-01,4.0,9.0,5.0,6.0,5.0,Small Cap
Graviss Hospitality Ltd.,INE214F01026,509546,,Consumer Discretionary,Hotels & Resorts,2026-09-01,Unrated,Unrated,Unrated,Unrated,5.0,Small Cap
Gravita India Ltd.,INE024L01027,533282,GRAVITA,Industrials,Waste Management,2026-09-01,3.0,5.0,8.0,5.0,8.0,Small Cap
Gravity (India) Ltd.,INE995A01013,532015,,Consumer Discretionary,Synthetic Fabrics,2026-09-01,Unrated,Unrated,Unrated,Unrated,8.0,Small Cap
The Great Eastern Shipping Company Ltd.,INE017A01032,500620,GESHIP,Energy & Utilities,Oil & Gas Transportation,2026-09-01,5.0,10.0,7.0,8.0,6.0,Small Cap
Greaves Cotton Ltd.,INE224A01026,501455,GREAVESCOT,Industrials,Diesel Engines,2026-09-01,3.0,1.0,7.0,6.0,8.0,Small Cap
Greenchef Appliances Ltd,INE0O7P01015,,GREENCHEF,Consumer Discretionary,Kitchenware & Appliances,2026-09-01,Unrated,Unrated,Unrated,Unrated,7.0,Small Cap
Greencrest Financial Services Ltd.,INE414C01045,531737,,Financial,NBFC - Diversified,2026-09-01,Unrated,Unrated,Unrated,Unrated,7.0,Small Cap
Greenhitech Ventures Ltd,INE0S0701019,544163,,Industrials,Other Business Services,2026-09-01,Unrated,Unrated,Unrated,Unrated,UNRATED,Small Cap
Greenlam Industries Ltd.,INE544R01021,538979,GREENLAM,Materials,Wood & Wood Products,2026-09-01,2.0,1.0,7.0,3.0,7.0,Small Cap
Greenleaf Envirotech Ltd,INE0PLX01017,,GREENLEAF,Industrials,Water & Sewage Construction,2026-09-01,5.0,8.0,8.0,6.0,10.0,Small Cap
Greenpanel Industries Ltd.,INE08ZM01014,542857,GREENPANEL,Materials,Wood & Wood Products,2026-09-01,3.0,4.0,6.0,7.0,1.0,Small Cap
Greenply Industries Ltd.,INE461C01038,526797,GREENPLY,Materials,Wood & Wood Products,2026-09-01,3.0,4.0,7.0,4.0,8.0,Small Cap
GRE Renew Enertech Ltd,INE0U8P01015,544682,,Energy & Utilities,Renewable Electricity Generation,2026-09-01,5.0,10.0,8.0,7.0,10.0,Small Cap
Gretex Industries Ltd.,INE985P01012,,GRETEX,Consumer Discretionary,Media Production Equipment & Services,2026-09-01,Unrated,Unrated,Unrated,Unrated,UNRATED,Small Cap
Gretex Corporate Services Ltd.,INE199P01028,543324,GCSL,Financial,NBFC - Diversified,2026-09-01,3.0,5.0,3.0,3.0,9.0,Small Cap
Grill Splendour Services Ltd,INE0PC901019,,BIRDYS,Consumer Staples,Bakery Product,2026-09-01,Unrated,Unrated,Unrated,Unrated,UNRATED,Small Cap
Grindwell Norton Ltd.,INE536A01023,506076,GRINDWELL,Materials,Abrasives,2026-09-01,5.0,10.0,7.0,4.0,8.0,Small Cap
GR Infraprojects Ltd.,INE201P01022,543317,GRINFRA,Industrials,Construction & Engineering - Diversified,2026-09-01,2.0,5.0,5.0,6.0,2.0,Small Cap
GRM Overseas Ltd.,INE192H01020,531449,GRMOVER,Consumer Staples,Crop Farming,2026-09-01,2.0,1.0,5.0,6.0,3.0,Small Cap
Grover Jewells Ltd,INE1TY801010,,GJL,Consumer Discretionary,Gems & Jewellery,2026-09-01,4.0,6.0,7.0,7.0,10.0,Small Cap
Grovy India Ltd.,INE343C01012,539522,,Real Estate,Real Estate Development,2026-09-01,Unrated,Unrated,Unrated,Unrated,9.0,Small Cap
Growington Ventures India Ltd.,INE451S01027,539222,,Consumer Discretionary,Travel & Tourism,2026-09-01,Unrated,Unrated,Unrated,Unrated,5.0,Small Cap
GRP Ltd.,INE137I01015,509152,GRPLTD,Materials,Rubber & Rubber Products,2026-09-01,2.0,1.0,6.0,2.0,7.0,Small Cap
GS Auto International Ltd.,INE736H01024,513059,,Consumer Discretionary,Auto Ancillaries,2026-09-01,Unrated,Unrated,Unrated,Unrated,2.0,Small Cap
GSB Finance Ltd.,INE777C01011,511543,,Financial,Brokerage Services,2026-09-01,Unrated,Unrated,Unrated,Unrated,8.0,Small Cap
GSL Securities Ltd.,INE721D01017,530469,,Financial,NBFC - Diversified,2026-08-31,Unrated,Unrated,Unrated,Unrated,UNRATED,Small Cap
GSM Foils Ltd,INE0SQY01018,,GSMFOILS,Materials,Aluminium Products,2026-09-01,Unrated,Unrated,Unrated,Unrated,1.0,Small Cap
GSP Crop Science Ltd,INE713R01022,544733,GSPCROP,Materials,Fertilisers,2026-09-01,4.0,7.0,7.0,6.0,UNRATED,Small Cap
GSS Infotech Ltd.,INE871H01011,532951,GSS,Technology,IT Services & Consulting,2026-09-01,Unrated,Unrated,Unrated,Unrated,2.0,Small Cap
GTL Ltd.,INE043A01012,500160,GTL,Technology,Telecom Services - Diversified,2026-09-01,Unrated,Unrated,Unrated,Unrated,5.0,Small Cap
GTL Infrastructure Ltd.,INE221H01019,532775,GTLINFRA,Technology,Network Equipment & Tools,2026-09-01,Unrated,Unrated,Unrated,Unrated,6.0,Small Cap
GTN Industries Ltd.,INE537A01013,500170,GTNIND,Consumer Discretionary,Yarn,2026-09-01,Unrated,Unrated,Unrated,Unrated,7.0,Small Cap
GTN Textiles Ltd.,INE302H01017,532744,GTNTEX,Consumer Discretionary,Yarn,2026-09-01,Unrated,Unrated,Unrated,Unrated,4.0,Small Cap
GTPL Hathway Ltd.,INE869I01013,540602,GTPL,Consumer Discretionary,Cable / DTH Service Providers,2026-09-01,2.0,4.0,5.0,5.0,1.0,Small Cap
GTV Engineering Ltd.,INE910R01024,539479,,Materials,Aluminium Products,2026-09-01,4.0,6.0,6.0,5.0,7.0,Small Cap
Gufic Biosciences Ltd.,INE742B01025,509079,GUFICBIO,Healthcare,Branded Medicines,2026-09-01,3.0,3.0,6.0,3.0,9.0,Small Cap
Gujarat Alkalies And Chemicals Ltd.,INE186A01019,530001,GUJALKALI,Materials,Commodity Chemicals - Diversified,2026-09-01,3.0,2.0,6.0,5.0,9.0,Small Cap
Gujarat Ambuja Exports Ltd.,INE036B01030,524226,GAEL,Consumer Staples,Starch and Food Extracts,2026-09-01,4.0,7.0,5.0,5.0,9.0,Small Cap
Gujarat Apollo Industries Ltd.,INE826C01016,522217,GUJAPOLLO,Industrials,Other Machinery,2026-09-01,1.0,1.0,3.0,5.0,3.0,Small Cap
Gujarat Containers Ltd.,INE276I01011,513507,,Materials,Metal Packaging,2026-09-01,Unrated,Unrated,Unrated,Unrated,6.0,Small Cap
Gujarat Cotex Ltd.,INE004C01028,514386,GUJCOTEX,Consumer Discretionary,Synthetic Fabrics,2026-09-01,Unrated,Unrated,Unrated,Unrated,1.0,Small Cap
Gujarat Craft Industries Ltd.,INE372D01019,526965,,Materials,Paper Packaging,2026-09-01,Unrated,Unrated,Unrated,Unrated,3.0,Small Cap
Gujarat Credit Corporation Ltd.,INE034B01019,511441,,Real Estate,Real Estate Development,2026-08-31,Unrated,Unrated,Unrated,Unrated,6.0,Small Cap
Gujarat Fluorochemicals Ltd.,INE09N301011,542812,FLUOROCHEM,Materials,Commodity Chemicals - Diversified,2026-09-01,3.0,2.0,7.0,4.0,9.0,Mid Cap
Gujarat Gas Ltd.,INE844O01030,539336,GUJGASLTD,Energy & Utilities,Natural Gas Utilities,2026-09-01,4.0,9.0,7.0,7.0,1.0,Small Cap
Gujarat Hotels Ltd.,INE621C01011,507960,,Consumer Discretionary,Hotels & Resorts,2026-09-01,Unrated,Unrated,Unrated,Unrated,3.0,Small Cap
Gujarat Hy-Spin Ltd.,INE578V01013,540938,,Consumer Discretionary,Yarn,2026-08-14,Unrated,Unrated,Unrated,Unrated,UNRATED,Small Cap
Gujarat Industries Power Company Ltd.,INE162A01010,517300,GIPCL,Energy & Utilities,Fossil Fuel Electricity Generation,2026-09-01,4.0,5.0,7.0,6.0,8.0,Small Cap
Gujarat Inject (Kerala) Ltd.,INE659F01014,524238,,Healthcare,API / Generic Pharmaceuticals,2026-09-01,Unrated,Unrated,Unrated,Unrated,4.0,Small Cap
Gujarat Intrux Ltd.,INE877E01015,517372,,Materials,Stainless Steel,2026-09-01,Unrated,Unrated,Unrated,Unrated,6.0,Small Cap
Gujarat Investa Ltd.,INE373D01017,531341,,Financial,Leasing and Hire Purchase,2026-09-01,Unrated,Unrated,Unrated,Unrated,5.0,Small Cap
Gujarat Kidney And Super Speciality Ltd,INE0V0W01025,,GKSL,Healthcare,Hospitals & Clinics,2026-09-01,5.0,8.0,7.0,5.0,10.0,Small Cap
Gujarat Lease Financing Ltd.,INE540A01017,500174,GLFL,Financial,Miscellaneous Financial Services,2026-09-01,Unrated,Unrated,Unrated,Unrated,5.0,Small Cap
Gujarat Mineral Development Corporation Ltd.,INE131A01031,532181,GMDCLTD,Materials,Coal & Lignite,2026-09-01,4.0,8.0,8.0,6.0,6.0,Small Cap
Gujarat Narmada Valley Fertilizers & Chemicals Ltd.,INE113A01013,500670,GNFC,Materials,Fertilisers,2026-09-01,5.0,6.0,7.0,8.0,9.0,Small Cap
Gujarat Natural Resources Ltd.,INE207H01018,513536,,Energy & Utilities,Oil & Gas Exploration and Production,2026-09-01,1.0,1.0,6.0,1.0,8.0,Small Cap
Gujarat Peanut and Agri Products Ltd,INE0SIK01014,544548,,Consumer Staples,Other Agriculture Products,2026-09-01,5.0,7.0,10.0,8.0,1.0,Small Cap
Gujarat Petrosynthese Ltd.,INE636P01011,506858,,Materials,Speciality Chemicals - Diversified,2026-09-01,Unrated,Unrated,Unrated,Unrated,4.0,Small Cap
Gujarat Pipavav Port Ltd.,INE517F01014,533248,GPPL,Industrials,Marine Logistics,2026-09-01,5.0,10.0,7.0,7.0,5.0,Small Cap
Gujarat Poly Electronics Ltd.,INE541F01022,517288,,Industrials,Electronic Components,2026-09-01,Unrated,Unrated,Unrated,Unrated,6.0,Small Cap
Gujarat Raffia Industries Ltd.,INE610B01024,523836,GUJRAFFIA,Materials,Plastic Packaging,2026-09-01,Unrated,Unrated,Unrated,Unrated,7.0,Small Cap
Gujarat State Fertilizers & Chemicals Ltd.,INE026A01025,500690,GSFC,Materials,Fertilisers,2026-09-01,4.0,5.0,8.0,8.0,3.0,Small Cap
Gujarat State Financial Corporation Ltd.,INE944A01011,532160,GUJSTATFIN,Financial,NBFC - Diversified,2026-09-01,Unrated,Unrated,Unrated,Unrated,3.0,Small Cap
Gujarat Terce Laboratories Ltd.,INE499G01013,524314,,Healthcare,Branded Medicines,2026-09-01,Unrated,Unrated,Unrated,Unrated,6.0,Small Cap
Gujarat Themis Biosyn Ltd.,INE942C01045,506879,GUJTHEM,Healthcare,API / Generic Pharmaceuticals,2026-09-01,3.0,8.0,6.0,3.0,8.0,Small Cap
Gujarat Toolroom Ltd.,INE145J01032,513337,,Materials,Diversified Mining,2026-09-01,Unrated,Unrated,Unrated,Unrated,2.0,Small Cap
Gulf Lloyds (India) Ltd,INE1WDC01012,,,Financial,Miscellaneous Financial Services,2026-09-01,Unrated,Unrated,Unrated,Unrated,UNRATED,Small Cap
Gulf Oil Lubricants India Ltd.,INE635Q01029,538567,GULFOILLUB,Materials,Lubricants & Grease,2026-09-01,5.0,8.0,6.0,7.0,7.0,Small Cap
Gulshan Polyols Ltd.,INE255D01024,532457,GULPOLY,Materials,Commodity Chemicals - Diversified,2026-09-01,4.0,5.0,7.0,6.0,8.0,Small Cap
Gurunanak Agriculture India Ltd,INE1CCX01012,,GURUNANAK,Industrials,Agricultural Machinery,2026-09-01,5.0,8.0,9.0,6.0,6.0,Small Cap
GV Electricals Ltd.,INE1ZGR01024,544859,,Industrials,Other Business Services,2026-09-01,3.0,3.0,6.0,8.0,UNRATED,
GV Films Ltd.,INE395B01048,523277,,Consumer Discretionary,Movie & TV Production & Distribution,2026-09-01,Unrated,Unrated,Unrated,Unrated,6.0,Small Cap
GVK Power & Infrastructure Ltd.,INE251H01024,532708,GVKPIL,Energy & Utilities,Power Generation - Diversified,2026-09-01,Unrated,Unrated,Unrated,Unrated,1.0,Small Cap
Gyan Developers & Builders Ltd.,INE487G01018,530141,,Real Estate,Real Estate Services,2026-09-01,Unrated,Unrated,Unrated,Unrated,UNRATED,Small Cap
Gyscoal Alloys Ltd.,INE482J01021,533275,SHAH,Materials,Iron & Steel,2026-09-01,2.0,1.0,6.0,5.0,5.0,Small Cap
Halder Venture Ltd.,INE115S01010,539854,HALDER,Consumer Staples,Crop Farming,2026-09-01,Unrated,Unrated,Unrated,Unrated,8.0,Small Cap
Haldyn Glass Ltd.,INE506D01020,515147,GARWARSHIP,Materials,Glass Packaging,2026-09-01,4.0,4.0,8.0,5.0,9.0,Small Cap
Hamps Bio Ltd,INE0QBD01018,544312,,Healthcare,Medical Supplies,2026-09-01,Unrated,Unrated,Unrated,Unrated,UNRATED,Small Cap
Hampton Sky Realty Ltd.,INE299D01022,526407,,Real Estate,Real Estate - Diversified,2026-09-01,Unrated,Unrated,Unrated,Unrated,1.0,Small Cap
HandsOn Global Management (HGM) Ltd.,INE596H01014,532761,HGM,Technology,IT Services & Consulting,2026-09-01,Unrated,Unrated,Unrated,Unrated,2.0,Small Cap
Hannah Joseph Hospital Ltd,INE0JVH01012,,,Healthcare,Hospitals & Clinics,2026-09-01,5.0,6.0,8.0,7.0,UNRATED,Small Cap
Shree Hanuman Sugar & Industries Ltd.,INE101H01013,537709,,Consumer Staples,Sugar,2026-09-01,Unrated,Unrated,Unrated,Unrated,3.0,Small Cap
Happiest Minds Technologies Ltd.,INE419U01012,543227,HAPPSTMNDS,Technology,Software & Services - Diversified,2026-09-01,4.0,6.0,7.0,6.0,6.0,Small Cap
Happy Forgings Ltd,INE330T01021,544057,HAPPYFORGE,Materials,Castings & Forgings,2026-09-01,4.0,9.0,8.0,2.0,10.0,Small Cap
Happy Square Outsourcing Services Ltd,INE0TLP01015,,WHITEFORCE,Technology,IT Services & Consulting,2026-09-01,4.0,4.0,7.0,6.0,UNRATED,Small Cap
Happy Steels Ltd,INE1GFG01011,,HAPPY,Materials,Iron & Steel,2026-09-01,4.0,4.0,7.0,6.0,UNRATED,Small Cap
Hardcastle & Waud Manufacturing Company Ltd.,INE722D01015,509597,,Financial,Leasing and Hire Purchase,2026-09-01,Unrated,Unrated,Unrated,Unrated,8.0,Small Cap
Hardwyn India Ltd.,INE626Z01029,541276,HARDWYN,Industrials,Fitting & Fixtures,2026-09-01,2.0,4.0,4.0,6.0,2.0,Small Cap
Haria Apparels Ltd.,INE493N01012,538081,,Consumer Discretionary,Readymade Garment,2026-09-01,Unrated,Unrated,Unrated,Unrated,6.0,Small Cap
Haria Exports Ltd.,INE772B01014,512604,HARIAEXPO,Consumer Discretionary,Textiles & Leather Trading,2026-09-01,Unrated,Unrated,Unrated,Unrated,8.0,Small Cap
Shree Hari Chemicals Export Ltd.,INE065E01017,524336,,Materials,Coloring Agents,2026-09-01,Unrated,Unrated,Unrated,Unrated,9.0,Small Cap
Harig Crankshafts Ltd.,INE905C01026,500178,HARIGCRANK,Consumer Discretionary,Auto Ancillaries,2026-09-01,Unrated,Unrated,Unrated,Unrated,UNRATED,Small Cap
Harikanta Overseas Ltd,INE1UYW01010,544769,,Consumer Discretionary,Synthetic Fabrics,2026-09-01,3.0,8.0,2.0,6.0,UNRATED,Small Cap
Hariom Pipe Industries Ltd.,INE00EV01017,543517,HARIOMPIPE,Industrials,Steel Tubes & Pipes,2026-09-01,4.0,5.0,7.0,7.0,4.0,Small Cap
Harish Textile Engineers Ltd.,INE01K301012,542682,,Industrials,Textile Machinery,2026-09-01,Unrated,Unrated,Unrated,Unrated,7.0,Small Cap
Hariyana Ship Breakers Ltd.,INE400G01011,526931,,Industrials,Waste Management,2026-09-01,Unrated,Unrated,Unrated,Unrated,5.0,Small Cap
Harmony Capital Services Ltd.,INE264N01017,530055,,Financial,Miscellaneous Financial Services,2026-08-31,Unrated,Unrated,Unrated,Unrated,UNRATED,Small Cap
Harrisons Malayalam Ltd.,INE544A01019,500467,HARRMALAYA,Consumer Staples,Plantation Crops,2026-09-01,3.0,4.0,5.0,5.0,7.0,Small Cap
Harsha Engineers International Ltd.,INE0JUS01029,543600,HARSHA,Industrials,Ball Bearings,2026-09-01,3.0,4.0,5.0,6.0,8.0,Small Cap
Harshdeep Hortico Ltd,INE0OLZ01015,544105,,Consumer Discretionary,Home Furnishing & Decor,2026-09-01,Unrated,Unrated,Unrated,Unrated,3.0,Small Cap
Haryana Capfin Ltd.,INE928H01019,532855,,Financial,Investment Holding Companies,2026-09-01,Unrated,Unrated,Unrated,Unrated,3.0,Small Cap
Haryana Financial Corpn.,INE737G01016,530927,,Financial,NBFC - Diversified,2026-08-31,Unrated,Unrated,Unrated,Unrated,UNRATED,Small Cap
Haryana Leather Chemicals Ltd.,INE681F01018,524080,,Materials,Diversified Chemicals,2026-09-01,Unrated,Unrated,Unrated,Unrated,6.0,Small Cap
Hasti Finance Ltd.,INE671D01014,531387,,Financial,NBFC - Diversified,2026-09-01,Unrated,Unrated,Unrated,Unrated,UNRATED,Small Cap
Hathway Bhawani Cabletel & Datacom Ltd.,INE525B01016,509073,,Consumer Discretionary,Cable / DTH Service Providers,2026-09-01,Unrated,Unrated,Unrated,Unrated,5.0,Small Cap
Hathway Cable & Datacom Ltd.,INE982F01036,533162,HATHWAY,Technology,Telecom Services - Diversified,2026-09-01,2.0,4.0,5.0,6.0,3.0,Small Cap
Hatsun Agro Product Ltd.,INE473B01035,531531,HATSUN,Consumer Staples,Dairy Products,2026-09-01,3.0,5.0,7.0,4.0,6.0,Small Cap
Havells India Ltd.,INE176B01034,517354,HAVELLS,Consumer Discretionary,Household Appliances,2026-09-01,3.0,10.0,6.0,4.0,2.0,Mid Cap
Sri Havisha Hospitality and Infrastructure Ltd.,INE293B01029,531322,HAVISHA,Energy & Utilities,Oil & Gas Transportation,2026-09-01,Unrated,Unrated,Unrated,Unrated,3.0,Small Cap
Hawa Engineers Ltd.,INE230I01018,539176,,Industrials,Valves and Fittings,2026-09-01,Unrated,Unrated,Unrated,Unrated,5.0,Small Cap
Hawkins Cookers Ltd.,INE979B01015,508486,,Consumer Discretionary,Household Durables - Diversified,2026-09-01,4.0,9.0,6.0,5.0,8.0,Small Cap
Hazoor Multi Projects Ltd.,INE550F01049,532467,,Real Estate,Real Estate Development,2026-09-01,1.0,1.0,3.0,7.0,1.0,Small Cap
HB Estate Developers Ltd.,INE640B01021,532334,,Industrials,Construction & Engineering - Diversified,2026-09-01,Unrated,Unrated,Unrated,Unrated,6.0,Small Cap
HB Leasing & Finance Company Ltd.,INE549B01016,508956,,Financial,Leasing and Hire Purchase,2026-09-01,Unrated,Unrated,Unrated,Unrated,3.0,Small Cap
HBL Power Systems Ltd.,INE292B01021,517271,HBLENGINE,Industrials,Storage Batteries,2026-09-01,2.0,5.0,6.0,4.0,3.0,Small Cap
HB Portfolio Ltd.,INE638B01025,532333,HBPORT,Financial,NBFC - Diversified,2026-09-01,Unrated,Unrated,Unrated,Unrated,5.0,Small Cap
HB Stockholdings Ltd.,INE550B01022,532216,HBSL,Financial,Investment Holding Companies,2026-09-01,Unrated,Unrated,Unrated,Unrated,3.0,Small Cap
HCKK Ventures Ltd.,INE345Q01017,539224,,Real Estate,Real Estate Operations,2026-09-01,Unrated,Unrated,Unrated,Unrated,UNRATED,Small Cap
HCL Infosystems Ltd.,INE236A01020,500179,HCL-INSYS,Technology,Computer Hardware,2026-09-01,Unrated,Unrated,Unrated,Unrated,2.0,Small Cap
HCL Technologies Ltd.,INE860A01027,532281,HCLTECH,Technology,Software & Services - Diversified,2026-09-01,4.0,10.0,6.0,7.0,3.0,Large Cap
HCP Plastene Bulkpack Ltd.,INE136C01044,526717,,Materials,Containers & Packaging - Diversified,2026-09-01,Unrated,Unrated,Unrated,Unrated,8.0,Small Cap
HDB Financial Services Ltd.,INE756I01012,544429,HDBFS,Financial,Miscellaneous Financial Services,2026-09-01,Unrated,Unrated,Unrated,Unrated,3.0,Mid Cap
HDFC Asset Management Company Ltd.,INE127D01025,541729,HDFCAMC,Financial,Asset Management Companies,2026-09-01,3.0,10.0,5.0,5.0,4.0,Large Cap
HDFC Bank Ltd.,INE040A01034,500180,HDFCBANK,Financial,Banks - Diversified,2026-09-01,3.0,8.0,5.0,7.0,1.0,Large Cap
HDFC Life Insurance Co Ltd.,INE795G01014,540777,HDFCLIFE,Financial,Life Insurance,2026-09-01,Unrated,Unrated,Unrated,Unrated,1.0,Large Cap
Heads UP Ventures Ltd.,INE759V01019,540210,HEADSUP,Consumer Discretionary,Apparel & Accessories Retail,2026-09-01,Unrated,Unrated,Unrated,Unrated,2.0,Small Cap
Healthcare Global Enterprises Ltd.,INE075I01017,539787,HCG,Healthcare,Hospitals & Clinics,2026-09-01,2.0,1.0,7.0,3.0,9.0,Small Cap
Healthy Life Agritec Ltd.,INE0L3501015,543546,,Consumer Staples,Dairy Products,2026-09-01,Unrated,Unrated,Unrated,Unrated,1.0,Small Cap
HEC Infra Projects Ltd.,INE558R01013,,HECPROJECT,Industrials,Construction & Engineering - Diversified,2026-09-01,Unrated,Unrated,Unrated,Unrated,6.0,Small Cap
HEG Ltd.,INE545A01024,509631,HEG,Industrials,Electrodes,2026-09-01,3.0,4.0,6.0,4.0,9.0,Small Cap
Heidelberg Cement India Ltd.,INE578A01017,500292,HEIDELBERG,Materials,Cement,2026-09-01,3.0,8.0,4.0,7.0,2.0,Small Cap
Helloji Holidays Ltd,INE1FJE01010,544630,,Consumer Discretionary,Travel & Tourism,2026-09-01,5.0,10.0,7.0,7.0,UNRATED,Small Cap
Helpage Finlease Ltd.,INE738P01015,539174,,Financial,NBFC - Diversified,2026-09-01,Unrated,Unrated,Unrated,Unrated,7.0,Small Cap
Hemang Resources Ltd.,INE930A01010,531178,,Materials,Mineral Trading,2026-09-01,Unrated,Unrated,Unrated,Unrated,3.0,Small Cap
Hemant Surgical Industries Ltd,INE0GYI01028,543916,,Healthcare,Diagnostic Devices & Equipment,2026-09-01,Unrated,Unrated,Unrated,Unrated,9.0,Small Cap
Hemisphere Properties India Ltd.,INE0AJG01018,543242,HEMIPROP,Real Estate,Real Estate Development,2026-09-01,1.0,1.0,2.0,2.0,6.0,Small Cap
Hemo Organic Ltd.,INE422G01015,524590,,Healthcare,Alternative Medicine,2026-08-24,Unrated,Unrated,Unrated,Unrated,UNRATED,Small Cap
Heranba Industries Ltd.,INE694N01015,543266,HERANBA,Materials,Pesticides,2026-09-01,2.0,1.0,5.0,7.0,1.0,Small Cap
Hercules Hoists Ltd.,INE688E01024,505720,HERCULES,Industrials,Heavy Machinery & Earthmovers,2026-09-01,4.0,9.0,5.0,6.0,4.0,Small Cap
Heritage Foods Ltd.,INE978A01027,519552,HERITGFOOD,Consumer Staples,Dairy Products,2026-09-01,3.0,7.0,5.0,5.0,6.0,Small Cap
Hero MotoCorp Ltd.,INE158A01026,500182,HEROMOTOCO,Consumer Discretionary,Motorcycles & Scooters,2026-09-01,5.0,10.0,7.0,6.0,6.0,Mid Cap
Hester Biosciences Ltd.,INE782E01017,524669,HESTERBIO,Healthcare,Veterinary Drugs,2026-09-01,3.0,5.0,6.0,4.0,9.0,Small Cap
Heubach Colorants India Ltd.,INE492A01029,506390,HEUBACHIND,Materials,Coloring Agents,2026-09-01,4.0,6.0,5.0,6.0,6.0,Small Cap
Hexagon Nutrition Ltd,INE0JUI01012,544785,HEXAGON,Healthcare,Food supplement,2026-09-01,1.0,3.0,8.0,1.0,UNRATED,Small Cap
Hexa Tradex Ltd.,INE750M01017,534328,HEXATRADEX,Diversified,Diversified Trading,2026-09-01,2.0,5.0,5.0,3.0,5.0,Small Cap
Hexaware Technologies Ltd.,INE093A01041,544362,HEXT,Technology,Software,2026-09-01,Unrated,Unrated,Unrated,Unrated,3.0,Small Cap
HFCL Ltd.,INE548A01028,500183,HFCL,Technology,Communications & Networking - Diversified,2026-09-01,2.0,1.0,6.0,2.0,10.0,Small Cap
H.G. Infra Engineering Ltd.,INE926X01010,541019,HGINFRA,Industrials,Construction & Engineering - Diversified,2026-09-01,3.0,4.0,6.0,7.0,1.0,Small Cap
High Energy Batteries (India) Ltd.,INE783E01023,504176,,Industrials,Storage Batteries,2026-09-01,3.0,6.0,5.0,5.0,7.0,Small Cap
Highness Microelectronics Ltd,INE1KI801019,544741,,Technology,Technology Equipment & Parts,2026-09-01,4.0,7.0,6.0,6.0,UNRATED,Small Cap
High Street Filatex Ltd.,INE319M01011,531301,,Consumer Discretionary,Hosiery & Socks,2026-08-31,Unrated,Unrated,Unrated,Unrated,UNRATED,Small Cap
Highway Infrastructure Ltd,INE00RL01028,544477,HILINFRA,Industrials,Road & Highway Construction,2026-09-01,1.0,2.0,5.0,5.0,1.0,Small Cap
Hi-Green Carbon Ltd,INE0PIC01017,,HIGREEN,Materials,Carbon Black,2026-09-01,Unrated,Unrated,Unrated,Unrated,4.0,Small Cap
Hikal Ltd.,INE475B01022,524735,HIKAL,Healthcare,Pharmaceuticals - Diversified,2026-09-01,3.0,3.0,7.0,4.0,6.0,Small Cap
Hi-Klass Trading And Investment Ltd.,INE302R01024,542332,,Financial,Investment Services,2026-09-01,Unrated,Unrated,Unrated,Unrated,UNRATED,Small Cap
Hiliks Technologies Ltd.,INE966Q01010,539697,,Financial,Investment Services,2026-09-01,Unrated,Unrated,Unrated,Unrated,9.0,Small Cap
Hilltone Software & Gases Ltd.,INE168C01013,544308,,Materials,Industrial Gases,2026-09-01,Unrated,Unrated,Unrated,Unrated,3.0,Small Cap
Hilton Metal Forging Ltd.,INE788H01017,532847,HILTON,Materials,Castings & Forgings,2026-09-01,Unrated,Unrated,Unrated,Unrated,3.0,Small Cap
Himadri Speciality Chemical Ltd.,INE019C01026,500184,HSCL,Materials,Carbon Black,2026-09-01,4.0,7.0,7.0,4.0,9.0,Small Cap
Himalaya Food lnternational Ltd.,INE552B01010,526899,,Consumer Staples,Food Processing - Diversified,2026-09-01,Unrated,Unrated,Unrated,Unrated,3.0,Small Cap
Himatsingka Seide Ltd.,INE049A01027,514043,HIMATSEIDE,Consumer Discretionary,Home Furnishing & Decor,2026-09-01,1.0,1.0,5.0,6.0,1.0,Small Cap
Him Teknoforge Ltd.,INE705G01021,505712,,Consumer Discretionary,Auto Ancillaries,2026-09-01,Unrated,Unrated,Unrated,Unrated,9.0,Small Cap
Hindalco Industries Ltd.,INE038A01020,500440,HINDALCO,Materials,Aluminium,2026-09-01,3.0,4.0,6.0,5.0,9.0,Large Cap
Hind Aluminium Industries Ltd.,INE227B01019,531979,,Materials,Aluminium,2026-09-01,Unrated,Unrated,Unrated,Unrated,8.0,Small Cap
Hindcon Chemicals Ltd.,INE642Y01029,,HINDCON,Materials,Commodity Chemicals - Diversified,2026-09-01,Unrated,Unrated,Unrated,Unrated,5.0,Small Cap
Hindoostan Mills Ltd.,INE832D01020,509895,,Consumer Discretionary,Yarn,2026-09-01,Unrated,Unrated,Unrated,Unrated,4.0,Small Cap
Hindprakash Industries Ltd.,INE05X901010,543645,HPIL,Materials,Coloring Agents,2026-09-01,Unrated,Unrated,Unrated,Unrated,6.0,Small Cap
Hind Rectifiers Ltd.,INE835D01023,504036,HIRECT,Industrials,Electronic Components,2026-09-01,1.0,1.0,6.0,3.0,5.0,Small Cap
Hinduja Global Solutions Ltd.,INE170I01016,532859,HGS,Technology,IT Services & Consulting,2026-09-01,1.0,1.0,4.0,4.0,5.0,Small Cap
Hindustan Adhesives Ltd.,INE074C01013,514428,,Materials,Adhesives,2026-09-01,Unrated,Unrated,Unrated,Unrated,7.0,Small Cap
Hindustan Aeronautics Ltd.,INE066F01020,541154,HAL,Industrials,Defence & Aerospace Diversified,2026-09-01,4.0,10.0,5.0,5.0,7.0,Large Cap
Hindustan Agrigenetics Ltd.,INE092301014,519574,,Consumer Staples,Other Agriculture Products,2026-09-01,Unrated,Unrated,Unrated,Unrated,3.0,Small Cap
Hindustan Appliances Ltd.,INE02XD01011,531918,,Consumer Discretionary,Miscellaneous Textiles,2026-08-31,Unrated,Unrated,Unrated,Unrated,UNRATED,Small Cap
Hindustan Bio Sciences Ltd.,INE597C01021,532041,,Healthcare,Pharmaceuticals - Diversified,2026-09-01,Unrated,Unrated,Unrated,Unrated,5.0,Small Cap
Hindustan Composites Ltd.,INE310C01029,509635,HINDCOMPOS,Consumer Discretionary,Auto Ancillaries,2026-09-01,3.0,5.0,7.0,6.0,5.0,Small Cap
Hindustan Construction Company Ltd.,INE549A01026,500185,HCC,Industrials,Construction & Engineering - Diversified,2026-09-01,2.0,2.0,6.0,3.0,7.0,Small Cap
Hindustan Copper Ltd.,INE531E01026,513599,HINDCOPPER,Materials,Copper Ore,2026-09-01,5.0,10.0,8.0,3.0,7.0,Mid Cap
Hindustan Foods Ltd.,INE254N01026,519126,HNDFDS,Consumer Staples,Food Processing - Diversified,2026-09-01,3.0,3.0,5.0,4.0,9.0,Small Cap
Hindustan Hardy Ltd.,INE724D01011,505893,,Consumer Discretionary,Auto Ancillaries,2026-09-01,Unrated,Unrated,Unrated,Unrated,2.0,Small Cap
Hindustan Media Ventures Ltd.,INE871K01015,533217,HMVL,Consumer Discretionary,Newspaper Publishing,2026-09-01,4.0,4.0,7.0,6.0,9.0,Small Cap
Hindustan Motors Ltd.,INE253A01025,500500,HINDMOTORS,Consumer Discretionary,Automobile Manufacturers,2026-09-01,3.0,7.0,4.0,7.0,3.0,Small Cap
Hindustan Oil Exploration Company Ltd.,INE345A01011,500186,HINDOILEXP,Energy & Utilities,Oil & Gas - Diversified,2026-09-01,4.0,6.0,6.0,5.0,7.0,Small Cap
Hindustan Organic Chemicals Ltd.,INE048A01011,500449,HOCL,Materials,Petrochemical,2026-09-01,Unrated,Unrated,Unrated,Unrated,8.0,Small Cap
Hindustan Petroleum Corporation Ltd.,INE094A01015,500104,HINDPETRO,Energy & Utilities,Oil & Gas - Diversified,2026-09-01,3.0,4.0,6.0,7.0,2.0,Mid Cap
Hindustan Tin Works Ltd.,INE428D01019,530315,HINDTINWRK,Materials,Metal Packaging,2026-09-01,Unrated,Unrated,Unrated,Unrated,4.0,Small Cap
Hindustan Unilever Ltd.,INE030A01027,500696,HINDUNILVR,Consumer Staples,Household & Personal Products - Diversified,2026-09-01,3.0,10.0,6.0,4.0,1.0,Large Cap
Hindustan Zinc Ltd.,INE267A01025,500188,HINDZINC,Materials,Zinc Ore,2026-09-01,5.0,10.0,8.0,6.0,6.0,Large Cap
Hindusthan Urban Infrastructure Ltd.,INE799B01025,539984,,Industrials,Wires & Cables,2026-08-31,1.0,1.0,5.0,2.0,UNRATED,Small Cap
Hindware Home Innovation Ltd.,INE05AN01011,542905,HINDWAREAP,Consumer Discretionary,Household Durables - Diversified,2026-09-01,1.0,1.0,6.0,4.0,3.0,Small Cap
Hipolin Ltd.,INE963A01011,530853,,Consumer Staples,Soaps & Detergents,2026-09-01,Unrated,Unrated,Unrated,Unrated,9.0,Small Cap
Hira Automobiles Ltd.,INE258Z01013,531743,,Consumer Discretionary,Automobile Dealerships,2026-09-01,Unrated,Unrated,Unrated,Unrated,UNRATED,Small Cap
Hisar Metal Industries Ltd.,INE598C01011,590018,HISARMETAL,Materials,Iron & Steel,2026-09-01,Unrated,Unrated,Unrated,Unrated,3.0,Small Cap
Hisar Spinning Mills Ltd.,INE689E01014,521068,,Consumer Discretionary,Yarn,2026-08-31,Unrated,Unrated,Unrated,Unrated,UNRATED,Small Cap
Hitachi Energy India Ltd.,INE07Y701011,543187,POWERINDIA,Industrials,Electrical Machinery,2026-09-01,3.0,9.0,4.0,2.0,10.0,Large Cap
Hitech Corporation Ltd.,INE120D01012,526217,HITECHCORP,Materials,Plastic Materials,2026-09-01,3.0,2.0,3.0,5.0,10.0,Small Cap
Hi-Tech Pipes Ltd.,INE106T01025,543411,HITECH,Industrials,Steel Tubes & Pipes,2026-09-01,3.0,2.0,6.0,6.0,5.0,Small Cap
Hit Kit Global Solutions Ltd.,INE309B01023,532359,,Consumer Staples,Food Retail,2026-09-01,Unrated,Unrated,Unrated,Unrated,8.0,Small Cap
Hittco Tools Ltd.,INE863C01019,531661,,Industrials,Machine Tools,2026-09-01,Unrated,Unrated,Unrated,Unrated,7.0,Small Cap
HKG Ltd.,INE904R01027,539097,,Consumer Staples,Sugar,2026-09-01,Unrated,Unrated,Unrated,Unrated,6.0,Small Cap
HLE Glascoat Ltd.,INE461D01028,522215,HLEGLAS,Industrials,Industrial Machinery,2026-09-01,3.0,5.0,5.0,5.0,4.0,Small Cap
HLV Ltd.,INE102A01024,500193,HLVLTD,Consumer Discretionary,Hotels & Resorts,2026-09-01,2.0,1.0,7.0,5.0,1.0,Small Cap
HMA Agro Industries Ltd,INE0ECP01024,543929,HMAAGRO,Consumer Staples,Meat Products & Processing,2026-09-01,4.0,5.0,8.0,8.0,1.0,Small Cap
H.M. Electro Mech Ltd,INE0DZD01015,544349,,Industrials,Construction & Engineering - Diversified,2026-09-01,Unrated,Unrated,Unrated,Unrated,6.0,Small Cap
HMT Ltd.,INE262A01018,500191,HMT,Industrials,Machine Tools,2026-09-01,Unrated,Unrated,Unrated,Unrated,9.0,Small Cap
HOAC Foods India Ltd,INE0S6S01017,,HOACFOODS,Consumer Staples,Food Processing - Diversified,2026-09-01,Unrated,Unrated,Unrated,Unrated,10.0,Small Cap
Holmarc Opto-Mechatronics Ltd,INE0LXA01019,,HOLMARC,Technology,Scientific & Precision Equipment,2026-09-01,Unrated,Unrated,Unrated,Unrated,7.0,Small Cap
Home First Finance Company India Ltd.,INE481N01025,543259,HOMEFIRST,Financial,Mortgage/Housing Finance,2026-09-01,4.0,6.0,8.0,6.0,6.0,Small Cap
Homesfy Realty Ltd.,INE0N7F01017,,HOMESFY,Real Estate,Real Estate Services,2026-09-01,Unrated,Unrated,Unrated,Unrated,UNRATED,Small Cap
Honasa Consumer Ltd,INE0J5401028,544014,HONASA,Consumer Staples,Personal Hygiene,2026-09-01,3.0,6.0,6.0,3.0,10.0,Small Cap
Honda India Power Products Ltd.,INE634A01018,522064,HONDAPOWER,Industrials,Motors & Generators,2026-09-01,2.0,3.0,5.0,7.0,2.0,Small Cap
Honeywell Automation India Ltd.,INE671A01010,517174,HONAUT,Technology,Software & Services - Diversified,2026-09-01,3.0,8.0,6.0,4.0,6.0,Small Cap
Horizon Industrial Parks Ltd,INE685T01010,544880,HORIZONIND,Industrials,Warehousing,2026-09-01,2.0,5.0,6.0,3.0,UNRATED,
Horizon Reclaim (India) Ltd.,INE1SEO01013,544794,,Materials,Rubber & Rubber Products,2026-09-01,5.0,10.0,10.0,7.0,UNRATED,Small Cap
Housing Development And Infrastructure Ltd.,INE191I01012,532873,HDIL,Real Estate,Real Estate Development,2026-09-01,Unrated,Unrated,Unrated,Unrated,1.0,Small Cap
Housing & Urban Development Corporation Ltd.,INE031A01017,540530,HUDCO,Financial,Mortgage/Housing Finance,2026-09-01,5.0,9.0,8.0,7.0,3.0,Mid Cap
Howard Hotels Ltd.,INE931B01016,526761,,Consumer Discretionary,Hotels & Resorts,2026-09-01,Unrated,Unrated,Unrated,Unrated,3.0,Small Cap
HP Adhesives Ltd.,INE0GSL01024,543433,HPAL,Materials,Adhesives,2026-09-01,2.0,4.0,6.0,5.0,4.0,Small Cap
HP Cotton Textile Mills Ltd.,INE950C01014,502873,,Consumer Discretionary,Yarn,2026-09-01,Unrated,Unrated,Unrated,Unrated,UNRATED,Small Cap
HPL Electric & Power Ltd.,INE495S01016,540136,HPL,Industrials,Switching Equipment,2026-09-01,2.0,1.0,7.0,5.0,3.0,Small Cap
HP Telecom India Ltd,INE0VA601019,,HPTL,Consumer Discretionary,Computer & Electronics Retail,2026-09-01,Unrated,Unrated,Unrated,Unrated,9.0,Small Cap
HRH Next Services Ltd,INE0R3501012,,HRHNEXT,Industrials,BPO Services,2026-09-01,Unrated,Unrated,Unrated,Unrated,5.0,Small Cap
H.R. Hygiene Products Ltd,INE17DP01015,544848,,Consumer Staples,Personal Hygiene,2026-09-01,5.0,5.0,9.0,8.0,UNRATED,
HRS Aluglaze Ltd,INE1E1V01017,544656,,Materials,Aluminium Products,2026-09-01,4.0,4.0,10.0,5.0,9.0,Small Cap
HS India Ltd.,INE731B01010,532145,,Consumer Discretionary,Hotels & Resorts,2026-09-01,Unrated,Unrated,Unrated,Unrated,5.0,Small Cap
HT Media Ltd.,INE501G01024,532662,HTMEDIA,Consumer Discretionary,Newspaper Publishing,2026-09-01,2.0,1.0,7.0,3.0,8.0,Small Cap
Hubtown Ltd.,INE703H01016,532799,HUBTOWN,Real Estate,Real Estate Development,2026-09-01,1.0,1.0,6.0,2.0,2.0,Small Cap
Huhtamaki India Ltd.,INE275B01026,509820,HUHTAMAKI,Materials,Plastic Packaging,2026-09-01,5.0,5.0,7.0,7.0,9.0,Small Cap
Humming Bird Education Ltd.,INE02PC01027,542592,,Consumer Staples,Education Services,2026-09-01,Unrated,Unrated,Unrated,Unrated,UNRATED,Small Cap
HVAX Technologies Ltd,INE0TO501019,,HVAX,Industrials,Construction & Engineering - Diversified,2026-09-01,Unrated,Unrated,Unrated,Unrated,UNRATED,Small Cap
Hybrid Financial Services Ltd.,INE965B01022,500262,HYBRIDFIN,Technology,Telecom Services - Diversified,2026-09-01,Unrated,Unrated,Unrated,Unrated,6.0,Small Cap
Hypersoft Technologies Ltd.,INE039D01014,539724,,Technology,Software & Services - Diversified,2026-09-01,2.0,1.0,7.0,3.0,10.0,Small Cap
Hy-Tech Engineers Ltd,INE0LEG01024,544891,HTEL,Industrials,Industrial Machinery,2026-09-01,3.0,5.0,7.0,5.0,UNRATED,
Hyundai Motor India Ltd,INE0V6F01027,544274,HYUNDAI,Consumer Discretionary,Automobile Manufacturers,2026-09-01,3.0,9.0,6.0,4.0,4.0,Large Cap
IB Infotech Enterprises Ltd.,INE678B01039,519463,,Technology,Software,2026-09-01,Unrated,Unrated,Unrated,Unrated,3.0,Small Cap
IBL Finance Ltd,INE0O7401018,,IBLFL,Financial,Consumer Financing,2026-09-01,Unrated,Unrated,Unrated,Unrated,8.0,Small Cap
ICDS Ltd.,INE613B01010,511194,ICDSLTD,Financial,Miscellaneous Financial Services,2026-09-01,Unrated,Unrated,Unrated,Unrated,5.0,Small Cap
IC Electricals Company Ltd,INE0XE501015,,ICELCO,Industrials,Electrical Machinery,2026-09-01,3.0,2.0,6.0,6.0,UNRATED,Small Cap
ICE Make Refrigeration Ltd.,INE520Y01019,,ICEMAKE,Industrials,Industrial Machinery,2026-09-01,2.0,1.0,8.0,4.0,6.0,Small Cap
ICICI Bank Ltd.,INE090A01021,532174,ICICIBANK,Financial,Banks - Diversified,2026-09-01,5.0,8.0,9.0,6.0,5.0,Large Cap
ICICI Lombard General Insurance Company Ltd.,INE765G01017,540716,ICICIGI,Financial,Diversified Insurance,2026-09-01,Unrated,Unrated,Unrated,Unrated,1.0,Mid Cap
ICICI Prudential Life Insurance Company Ltd.,INE726G01019,540133,ICICIPRULI,Financial,Life Insurance,2026-09-01,Unrated,Unrated,Unrated,Unrated,1.0,Mid Cap
ICICI Prudential Asset Management Company Ltd,INE346A01027,,ICICIAMC,Financial,Mutual Funds,2026-09-01,3.0,10.0,8.0,1.0,4.0,Large Cap
Icodex Publishing Solutions Ltd,INE111601014,544483,,Technology,Software,2026-09-01,5.0,10.0,10.0,7.0,4.0,Small Cap
Icon Facilitators Ltd,INE0Y0E01012,544426,,Industrials,Other Industrial Services,2026-09-01,4.0,6.0,8.0,4.0,9.0,Small Cap
Iconik Sports And Events Ltd.,INE088P01015,511260,,Technology,Software & Services - Diversified,2026-09-01,Unrated,Unrated,Unrated,Unrated,1.0,Small Cap
ICRA Ltd.,INE725G01011,532835,ICRA,Industrials,Credit Ratings & Information,2026-09-01,4.0,10.0,7.0,6.0,1.0,Small Cap
IDBI Bank Ltd.,INE008A01015,500116,IDBI,Financial,Banks - Diversified,2026-09-01,4.0,8.0,8.0,7.0,3.0,Mid Cap
ideaForge Technology Ltd,INE349Y01013,543932,IDEAFORGE,Industrials,Drones,2026-09-01,2.0,1.0,6.0,3.0,10.0,Small Cap
Ideal Technoplast Industries Ltd,INE0T9I01011,,IDEALTECHO,Materials,Plastic Packaging,2026-09-01,Unrated,Unrated,Unrated,Unrated,UNRATED,Small Cap
Identical Brains Studios Ltd,INE0TD101011,,IDENTICAL,Consumer Discretionary,Entertainment Production,2026-09-01,Unrated,Unrated,Unrated,Unrated,3.0,Small Cap
Identixweb Ltd,INE0PA401012,544388,,Technology,Software & Services - Diversified,2026-09-01,Unrated,Unrated,Unrated,Unrated,UNRATED,Small Cap
IDFC First Bank Ltd.,INE092T01019,539437,IDFCFIRSTB,Financial,Banks - Diversified,2026-09-01,2.0,2.0,7.0,4.0,7.0,Mid Cap
IDream Film Infrastructure Company Ltd.,INE459E01012,504375,,Technology,Software,2026-08-28,Unrated,Unrated,Unrated,Unrated,UNRATED,Small Cap
IEC Education Ltd.,INE172B01017,531840,,Consumer Staples,Education Services,2026-09-01,Unrated,Unrated,Unrated,Unrated,UNRATED,Small Cap
IEL Ltd.,INE056E01024,524614,,Materials,Speciality Chemicals Trading,2026-09-01,Unrated,Unrated,Unrated,Unrated,6.0,Small Cap
Indian Energy Exchange Ltd.,INE022Q01020,540750,IEX,Financial,Exchange Services,2026-09-01,5.0,10.0,7.0,7.0,5.0,Small Cap
IFB Industries Ltd.,INE559A01017,505726,IFBIND,Consumer Discretionary,Household Durables - Diversified,2026-09-01,5.0,8.0,8.0,5.0,8.0,Small Cap
IFB Agro Industries Ltd.,INE076C01018,507438,IFBAGRO,Consumer Staples,Distilleries,2026-09-01,4.0,6.0,7.0,6.0,8.0,Small Cap
IFCI Ltd.,INE039A01010,500106,IFCI,Financial,NBFC - Diversified,2026-09-01,3.0,5.0,4.0,5.0,8.0,Small Cap
IFGL Refractories Ltd.,INE133Y01011,540774,IFGLEXPOR,Industrials,Refractories,2026-09-01,3.0,2.0,6.0,5.0,7.0,Small Cap
IFL Enterprises Ltd.,INE714U01024,540377,,Consumer Discretionary,Apparel & Accessories Retail,2026-09-01,Unrated,Unrated,Unrated,Unrated,1.0,Small Cap
Igarashi Motors India Ltd.,INE188B01013,517380,IGARASHI,Consumer Discretionary,Auto Ancillaries,2026-09-01,3.0,3.0,7.0,3.0,7.0,Small Cap
IGC Industries Ltd.,INE099S01016,539449,,Materials,Chemical Trading,2026-09-01,Unrated,Unrated,Unrated,Unrated,3.0,Small Cap
IG Petrochemicals Ltd.,INE204A01010,500199,IGPL,Materials,Petrochemical,2026-09-01,3.0,2.0,5.0,6.0,9.0,Small Cap
IIFL Capital Services Ltd,INE489L01022,542773,IIFLCAPS,Financial,Wealth Management,2026-09-01,3.0,6.0,5.0,5.0,7.0,Small Cap
IIFL Finance Ltd.,INE530B01024,532636,IIFL,Financial,Commercial Financing,2026-09-01,5.0,6.0,7.0,7.0,8.0,Small Cap
IITL Projects Ltd.,INE786E01018,531968,,Real Estate,Real Estate Development,2026-09-01,Unrated,Unrated,Unrated,Unrated,6.0,Small Cap
 IKIO Technologies Ltd.,INE0LOJ01019,543923,IKIO,Industrials,Electronic Components,2026-09-01,3.0,3.0,6.0,6.0,8.0,Small Cap
IL&FS Engineering and Construction Company Ltd.,INE369I01014,532907,IL&FSENGG,Industrials,Construction & Engineering - Diversified,2026-09-01,Unrated,Unrated,Unrated,Unrated,9.0,Small Cap
IL&FS Investment Managers Ltd.,INE050B01023,511208,IVC,Financial,Asset Management Companies,2026-09-01,Unrated,Unrated,Unrated,Unrated,7.0,Small Cap
IL&FS Transportation Networks Ltd.,INE975G01012,533177,IL&FSTRANS,Industrials,Construction & Engineering - Diversified,2026-09-01,Unrated,Unrated,Unrated,Unrated,2.0,Small Cap
Imagicaaworld Entertainment Ltd.,INE172N01012,539056,IMAGICAA,Consumer Discretionary,Amusement Parks,2026-09-01,3.0,7.0,7.0,2.0,7.0,Small Cap
IM+ Capitals Ltd.,INE417D01020,511628,,Financial,NBFC - Diversified,2026-09-01,3.0,3.0,3.0,7.0,5.0,Small Cap
IMEC Services Ltd.,INE611C01020,513295,RUCHISTRIP,Industrials,Steel Tubes & Pipes,2026-09-01,Unrated,Unrated,Unrated,Unrated,1.0,Small Cap
Impex Ferro Tech Ltd.,INE691G01015,532614,IMPEXFERRO,Materials,Ferro Alloys,2026-09-01,Unrated,Unrated,Unrated,Unrated,UNRATED,Small Cap
Inani Marbles & Industries Ltd.,INE635D01027,531129,,Materials,Granite Marble & Stones,2026-09-01,Unrated,Unrated,Unrated,Unrated,1.0,Small Cap
Inani Securities Ltd.,INE224C01014,531672,,Financial,Brokerage Services,2026-08-31,Unrated,Unrated,Unrated,Unrated,8.0,Small Cap
Incap Ltd.,INE437C01012,517370,,Industrials,Electronic Components,2026-09-01,Unrated,Unrated,Unrated,Unrated,7.0,Small Cap
Incon Engineers Ltd.,INE507D01010,531594,,Industrials,Other Machinery,2026-09-01,Unrated,Unrated,Unrated,Unrated,10.0,Small Cap
Incredible Industries Ltd.,INE452L01012,538365,INCREDIBLE,Materials,Aluminium Products,2026-09-01,Unrated,Unrated,Unrated,Unrated,4.0,Small Cap
Ind-Agiv Commerce Ltd.,INE115E01010,517077,,Consumer Discretionary,Media Production Equipment & Services,2026-08-31,Unrated,Unrated,Unrated,Unrated,UNRATED,Small Cap
Indag Rubber Ltd.,INE802D01023,509162,,Consumer Discretionary,Tyres & Tubes,2026-09-01,Unrated,Unrated,Unrated,Unrated,6.0,Small Cap
Ind Bank Housing Ltd.,INE969D01012,523465,,Financial,Mortgage/Housing Finance,2026-09-01,Unrated,Unrated,Unrated,Unrated,8.0,Small Cap
Indbank Merchant Banking Services Ltd.,INE841B01017,511473,INDBANK,Financial,Investment Services,2026-09-01,Unrated,Unrated,Unrated,Unrated,5.0,Small Cap
Indef Manufacturing Ltd.,INE0O9T01021,544364,BAJAJINDEF,Industrials,Heavy Machinery & Earthmovers,2026-09-01,2.0,4.0,3.0,7.0,2.0,Small Cap
Indegene Ltd,INE065X01017,544172,INDGN,Healthcare,Life Sciences,2026-09-01,5.0,10.0,7.0,5.0,8.0,Small Cap
Indergiri Finance Ltd.,INE628F01019,531505,,Financial,Leasing and Hire Purchase,2026-09-01,Unrated,Unrated,Unrated,Unrated,UNRATED,Small Cap
Indiabulls Ltd.,INE126M01010,533520,IBULLSLTD,Industrials,Equipment Rental,2026-09-01,Unrated,Unrated,Unrated,Unrated,10.0,Small Cap
India Cements Capital Ltd.,INE429D01017,511355,,Financial,Miscellaneous Financial Services,2026-09-01,Unrated,Unrated,Unrated,Unrated,10.0,Small Cap
India Finsec Ltd.,INE474O01010,535667,,Financial,NBFC - Diversified,2026-09-01,2.0,1.0,9.0,1.0,8.0,Small Cap
India Gelatine & Chemicals Ltd.,INE342D01012,531253,,Materials,Commodity Chemicals - Diversified,2026-09-01,Unrated,Unrated,Unrated,Unrated,8.0,Small Cap
India Glycols Ltd.,INE560A01023,500201,INDIAGLYCO,Materials,Diversified Chemicals,2026-09-01,3.0,5.0,6.0,3.0,9.0,Small Cap
India Home Loan Ltd.,INE274E01015,530979,,Financial,Mortgage/Housing Finance,2026-09-01,Unrated,Unrated,Unrated,Unrated,5.0,Small Cap
India Homes Ltd.,INE072A01029,513361,ISIBARS,Materials,Steel Wires,2026-09-01,2.0,1.0,5.0,1.0,10.0,Small Cap
India Lease Development Ltd.,INE333C01013,500202,INDIALEASE,Financial,Commercial Financing,2026-09-01,Unrated,Unrated,Unrated,Unrated,4.0,Small Cap
Indiamart Intermesh Ltd.,INE933S01016,542726,INDIAMART,Industrials,Other Business Services,2026-09-01,4.0,10.0,6.0,7.0,1.0,Small Cap
India Motor Parts & Accessories Ltd.,INE547E01014,590065,IMPAL,Consumer Discretionary,Auto Ancillaries Trader,2026-09-01,4.0,6.0,5.0,7.0,7.0,Small Cap
Indian Acrylics Ltd.,INE862B01013,514165,INDIANACRY,Consumer Discretionary,Yarn,2026-09-01,Unrated,Unrated,Unrated,Unrated,5.0,Small Cap
Indian Bank,INE562A01011,532814,INDIANB,Financial,Banks - Diversified,2026-09-01,4.0,7.0,8.0,6.0,6.0,Large Cap
Indian Bright Steel Company Ltd.,INE566M01017,504731,,Materials,Aluminium Products,2026-09-01,2.0,1.0,7.0,4.0,4.0,Small Cap
Indian Card Clothing Company Ltd.,INE061A01014,509692,INDIANCARD,Consumer Discretionary,Miscellaneous Textiles,2026-09-01,Unrated,Unrated,Unrated,Unrated,4.0,Small Cap
Indian Emulsifiers Ltd,INE0RRU01016,,IEML,Materials,Speciality Chemicals - Diversified,2026-09-01,Unrated,Unrated,Unrated,Unrated,1.0,Small Cap
Indian Hume Pipe Company Ltd.,INE323C01030,504741,INDIANHUME,Industrials,Plastic Tubes & Pipes,2026-09-01,4.0,5.0,6.0,6.0,7.0,Small Cap
Indian Infotech & Software Ltd.,INE300B01022,509051,,Financial,NBFC - Diversified,2026-09-01,Unrated,Unrated,Unrated,Unrated,3.0,Small Cap
India Nippon Electricals Ltd.,INE092B01025,532240,INDNIPPON,Consumer Discretionary,Auto Ancillaries,2026-09-01,4.0,7.0,7.0,5.0,9.0,Small Cap
Indianivesh Ltd.,INE131H01028,501700,,Financial,NBFC - Diversified,2026-09-01,Unrated,Unrated,Unrated,Unrated,3.0,Small Cap
Indian Link Chain Manufacturers Ltd.,INE359D01024,504746,,Industrials,Capital Goods Trading,2026-09-01,Unrated,Unrated,Unrated,Unrated,1.0,Small Cap
Indian Metals & Ferro Alloys Ltd.,INE919H01018,533047,IMFA,Materials,Diversified Mining,2026-09-01,4.0,7.0,6.0,5.0,8.0,Small Cap
Indian Oil Corporation Ltd.,INE242A01010,530965,IOC,Energy & Utilities,Oil & Gas - Diversified,2026-09-01,4.0,6.0,6.0,8.0,2.0,Large Cap
Indian Overseas Bank,INE565A01014,532388,IOB,Financial,Banks - Diversified,2026-09-01,4.0,5.0,9.0,7.0,2.0,Mid Cap
Indian Phosphate Ltd,INE0DHF01018,,IPHL,Materials,Diversified Chemicals,2026-09-01,Unrated,Unrated,Unrated,Unrated,8.0,Small Cap
Indian Railway Catering And Tourism Corporation Ltd.,INE335Y01020,542830,IRCTC,Industrials,Railway Transport,2026-09-01,3.0,9.0,6.0,6.0,1.0,Mid Cap
Indian Railway Finance Corporation Ltd.,INE053F01010,543257,IRFC,Financial,Commercial Financing,2026-09-01,2.0,3.0,5.0,7.0,1.0,Large Cap
Indian Renewable Energy Development Agency Ltd.,INE202E01016,544026,IREDA,Energy & Utilities,Renewable Electricity Generation,2026-09-01,1.0,1.0,3.0,6.0,2.0,Mid Cap
Indian Sucrose Ltd.,INE557C01017,500319,OSWALSUG,Consumer Staples,Sugar,2026-09-01,Unrated,Unrated,Unrated,Unrated,7.0,Small Cap
Indian Terrain Fashions Ltd.,INE611L01021,533329,INDTERRAIN,Consumer Discretionary,Readymade Garment,2026-09-01,Unrated,Unrated,Unrated,Unrated,4.0,Small Cap
Indian Toners & Developers Ltd.,INE826B01018,523586,,Materials,Coloring Agents,2026-09-01,Unrated,Unrated,Unrated,Unrated,2.0,Small Cap
India Pesticides Ltd.,INE0D6701023,543311,IPL,Materials,Pesticides,2026-09-01,3.0,4.0,6.0,6.0,2.0,Small Cap
India Power Corporation Ltd.,INE360C01024,,DPSCLTD,Energy & Utilities,Electricity Distribution,2026-09-01,1.0,1.0,5.0,3.0,1.0,Small Cap
India Shelter Finance Corporation Ltd.,INE922K01024,544044,INDIASHLTR,Financial,Mortgage/Housing Finance,2026-09-01,3.0,6.0,6.0,7.0,2.0,Small Cap
India Tourism Development Corporation Ltd.,INE353K01014,532189,ITDC,Consumer Discretionary,Hotels & Resorts,2026-09-01,3.0,6.0,7.0,4.0,8.0,Small Cap
Indifra Ltd.,INE0PS301014,,INDIFRA,Industrials,Construction & Engineering - Diversified,2026-09-01,Unrated,Unrated,Unrated,Unrated,UNRATED,Small Cap
Indigo Paints Ltd.,INE09VQ01012,543258,INDIGOPNTS,Materials,Paints & Varnishes,2026-09-01,5.0,9.0,7.0,5.0,8.0,Small Cap
Indiqube Spaces Ltd,INE06ST01018,544454,INDIQUBE,Industrials,Other Business Services,2026-09-01,3.0,6.0,7.0,2.0,6.0,Small Cap
Inditrade Capital Ltd.,INE347H01012,532745,,Financial,Financial Services - Diversified,2026-08-31,Unrated,Unrated,Unrated,Unrated,UNRATED,Small Cap
Indo Amines Ltd.,INE760F01028,524648,INDOAMIN,Materials,Speciality Chemicals - Diversified,2026-09-01,3.0,2.0,6.0,7.0,7.0,Small Cap
Indo Asia Finance Ltd.,INE807A01010,530747,,Financial,Commercial Financing,2026-09-01,Unrated,Unrated,Unrated,Unrated,UNRATED,Small Cap
Indobell Insulations Ltd,INE0FK501019,544334,,Materials,Miscellaneous Construction Materials,2026-09-01,Unrated,Unrated,Unrated,Unrated,7.0,Small Cap
Indo Borax & Chemicals Ltd.,INE803D01021,524342,INDOBORAX,Materials,Commodity Chemicals - Diversified,2026-09-01,5.0,8.0,8.0,5.0,10.0,Small Cap
Indo-City Infotech Ltd.,INE456B01014,532100,,Financial,NBFC - Diversified,2026-09-01,Unrated,Unrated,Unrated,Unrated,8.0,Small Cap
Indoco Remedies Ltd.,INE873D01024,532612,INDOCO,Healthcare,API / Generic Pharmaceuticals,2026-09-01,2.0,1.0,6.0,2.0,7.0,Small Cap
Indo Cotspin Ltd.,INE407P01017,538838,,Consumer Discretionary,Miscellaneous Textiles,2026-09-01,Unrated,Unrated,Unrated,Unrated,8.0,Small Cap
Indo Count Industries Ltd.,INE483B01026,521016,ICIL,Consumer Discretionary,Organic Fabrics,2026-09-01,3.0,5.0,7.0,3.0,9.0,Small Cap
Indo Credit Capital Ltd.,INE147D01015,526887,,Financial,NBFC - Diversified,2026-09-01,Unrated,Unrated,Unrated,Unrated,UNRATED,Small Cap
Indo Euro Indchem Ltd.,INE319N01019,524458,,Industrials,Capital Goods Trading,2026-09-01,Unrated,Unrated,Unrated,Unrated,3.0,Small Cap
Indo Farm Equipment Ltd,INE622H01018,544328,INDOFARM,Industrials,Tractors & Farm Machinery,2026-09-01,3.0,3.0,7.0,6.0,5.0,Small Cap
Indogulf Cropsciences Ltd,INE05J901018,544432,IGCL,Materials,Fertilisers,2026-09-01,2.0,1.0,2.0,6.0,5.0,Small Cap
Indokem Ltd.,INE716F01012,504092,INDOKEM,Materials,Coloring Agents,2026-09-01,1.0,1.0,4.0,1.0,8.0,Small Cap
INDO-MIM Ltd,INE084101034,,INDOMIM,Industrials,Industrial Machinery,2026-09-01,4.0,9.0,7.0,4.0,UNRATED,Mid Cap
Indo-National Ltd.,INE567A01028,504058,NIPPOBATRY,Industrials,Storage Batteries,2026-09-01,Unrated,Unrated,Unrated,Unrated,4.0,Small Cap
Indong Tea Company Ltd.,INE0KN201016,543769,,Consumer Staples,Tea & Coffee,2026-09-01,Unrated,Unrated,Unrated,Unrated,UNRATED,Small Cap
Indo Rama Synthetics (India) Ltd.,INE156A01020,500207,INDORAMA,Consumer Discretionary,Synthetic Fabrics,2026-09-01,2.0,2.0,6.0,3.0,9.0,Small Cap
INDO SMC Ltd,INE0WKY01013,544681,,Industrials,Electronic Equipment,2026-09-01,5.0,9.0,6.0,6.0,10.0,Small Cap
Indosolar Ltd.,INE866K01015,533257,INDOSOLAR,Technology,Semiconductor Equipment,2026-09-01,2.0,2.0,6.0,7.0,2.0,Small Cap
INDOSTAR-12.25%-23-5-16-A-PVT,INE896L01010,541336,INDOSTAR,Financial,NBFC - Diversified,2026-09-01,3.0,6.0,4.0,6.0,7.0,Small Cap
Indo Tech Transformers Ltd.,INE332H01014,532717,INDOTECH,Industrials,Switching Equipment,2026-09-01,4.0,6.0,9.0,2.0,10.0,Small Cap
Indo Thai Securities Ltd.,INE337M01021,533676,INDOTHAI,Financial,Investment Management - Diversified,2026-09-01,3.0,5.0,5.0,8.0,1.0,Small Cap
Indo US Bio-Tech Ltd.,INE250Z01010,541304,INDOUS,Consumer Staples,Crop Farming,2026-09-01,Unrated,Unrated,Unrated,Unrated,1.0,Small Cap
Indowind Energy Ltd.,INE227G01018,532894,INDOWIND,Energy & Utilities,Renewable Electricity Generation,2026-09-01,Unrated,Unrated,Unrated,Unrated,2.0,Small Cap
Indraprastha Gas Ltd.,INE203G01027,532514,IGL,Energy & Utilities,Natural Gas Utilities,2026-09-01,4.0,10.0,5.0,7.0,1.0,Small Cap
Indraprastha Medical Corporation Ltd.,INE681B01017,532150,INDRAMEDCO,Healthcare,Hospitals & Clinics,2026-09-01,4.0,10.0,7.0,6.0,4.0,Small Cap
Indrayani Biotech Ltd.,INE007C01021,526445,,Diversified,Diversified Manufacturing,2026-09-01,Unrated,Unrated,Unrated,Unrated,4.0,Small Cap
Indsil Hydro Power and Manganese Ltd.,INE867D01018,522165,,Materials,Stainless Steel,2026-09-01,Unrated,Unrated,Unrated,Unrated,6.0,Small Cap
Ind Renewable Energy Ltd.,INE138O01029,536709,,Energy & Utilities,Renewable Electricity Generation,2026-09-01,Unrated,Unrated,Unrated,Unrated,9.0,Small Cap
Indsoya Ltd.,INE314N01028,503639,,Industrials,Business Services - Diversified,2026-09-01,Unrated,Unrated,Unrated,Unrated,10.0,Small Cap
Ind-Swift Laboratories Ltd.,INE915B01019,532305,INDSWFTLAB,Healthcare,API / Generic Pharmaceuticals,2026-09-01,3.0,4.0,6.0,3.0,10.0,Small Cap
Inducto Steel Ltd.,INE146H01018,532001,,Industrials,Steel Tubes & Pipes,2026-09-01,Unrated,Unrated,Unrated,Unrated,8.0,Small Cap
Indus Finance Ltd.,INE935D01013,531841,,Financial,NBFC - Diversified,2026-09-01,Unrated,Unrated,Unrated,Unrated,10.0,Small Cap
IndusInd Bank Ltd.,INE095A01012,532187,INDUSINDBK,Financial,Banks - Diversified,2026-09-01,3.0,5.0,5.0,4.0,7.0,Mid Cap
Indus Towers Ltd.,INE121J01017,534816,INDUSTOWER,Technology,Wireless Telecom Services,2026-09-01,5.0,10.0,6.0,7.0,3.0,Large Cap
Industrial Investment Trust Ltd.,INE886A01014,501295,IITL,Financial,Investment Holding Companies,2026-09-01,1.0,2.0,3.0,3.0,7.0,Small Cap
Industrial & Prudential Investment Company Ltd.,INE620D01011,501298,,Financial,NBFC - Diversified,2026-09-01,3.0,4.0,4.0,5.0,8.0,Small Cap
Infibeam Avenues Ltd.,INE483S01020,539807,INFIBEAM,Technology,Financial Technology,2026-09-01,3.0,5.0,6.0,6.0,4.0,Small Cap
Infinity Infoway Ltd,INE16XA01017,544567,,Technology,Software & Services - Diversified,2026-09-01,Unrated,Unrated,Unrated,Unrated,10.0,Small Cap
Infinium Pharmachem Ltd.,INE0MRE01011,,INFINIUM,Healthcare,Pharmaceuticals - Diversified,2026-09-01,Unrated,Unrated,Unrated,Unrated,UNRATED,Small Cap
Inflame Appliances Ltd.,INE464Z01017,541083,,Consumer Discretionary,Kitchenware & Appliances,2026-09-01,Unrated,Unrated,Unrated,Unrated,3.0,Small Cap
Influx Healthtech Ltd,INE0MYZ01012,,INFLUX,Consumer Staples,Household & Personal Products - Diversified,2026-09-01,5.0,10.0,8.0,6.0,9.0,Small Cap
Infobeans Technologies Ltd.,INE344S01016,543644,INFOBEAN,Technology,Software,2026-09-01,4.0,10.0,4.0,7.0,2.0,Small Cap
Info Edge (India) Ltd.,INE663F01032,532777,NAUKRI,Technology,Online Services,2026-09-01,5.0,10.0,6.0,5.0,6.0,Mid Cap
Infollion Research Services Ltd,INE0NNZ01013,,INFOLLION,Industrials,Staffing Services & HR,2026-09-01,Unrated,Unrated,Unrated,Unrated,1.0,Small Cap
Infomedia Press Ltd.,INE669A01022,509069,INFOMEDIA,Industrials,Printing,2026-09-01,Unrated,Unrated,Unrated,Unrated,6.0,Small Cap
Infonative Solutions Ltd,INE12IB01015,544393,,Industrials,Other Business Services,2026-09-01,Unrated,Unrated,Unrated,Unrated,8.0,Small Cap
Informed Technologies India Ltd.,INE123E01014,504810,,Industrials,BPO Services,2026-09-01,Unrated,Unrated,Unrated,Unrated,7.0,Small Cap
Infosys Ltd.,INE009A01021,500209,INFY,Technology,Software & Services - Diversified,2026-09-01,4.0,10.0,7.0,8.0,1.0,Large Cap
Infronics Systems Ltd.,INE463B01036,537985,,Technology,IT Services & Consulting,2026-09-01,Unrated,Unrated,Unrated,Unrated,5.0,Small Cap
Ingersoll-Rand (India) Ltd.,INE177A01018,500210,INGERRAND,Industrials,Pumps & Compressors,2026-09-01,4.0,9.0,7.0,3.0,9.0,Small Cap
Inland Printers Ltd.,INE055O01033,530787,,Industrials,Printing,2026-09-01,Unrated,Unrated,Unrated,Unrated,9.0,Small Cap
Innokaiz India Ltd,INE0LDI01022,543905,,Industrials,Advertising & Marketing - Diversified,2026-09-01,Unrated,Unrated,Unrated,Unrated,UNRATED,Small Cap
Innomet Advanced Materials Ltd,INE0S1D01010,,INNOMET,Materials,Other Metal Products,2026-09-01,Unrated,Unrated,Unrated,Unrated,10.0,Small Cap
Innova Captab Ltd,INE0DUT01020,544067,INNOVACAP,Healthcare,Pharmaceuticals - Diversified,2026-09-01,4.0,6.0,8.0,4.0,10.0,Small Cap
Innovana Thinklabs Ltd.,INE403Y01018,544302,INNOVANA,Technology,Software & Services - Diversified,2026-09-01,3.0,9.0,5.0,5.0,2.0,Small Cap
Innovassynth Investments Ltd.,INE690J01011,533315,,Financial,Investment Holding Companies,2026-08-31,2.0,1.0,3.0,3.0,UNRATED,Small Cap
Innovative Ideals And Services (India) Ltd.,INE492Y01011,541983,,Technology,Security & Surveillance,2026-08-07,Unrated,Unrated,Unrated,Unrated,UNRATED,Small Cap
Innovative Tech Pack Ltd.,INE965C01038,523840,,Materials,Containers & Packaging - Diversified,2026-09-01,Unrated,Unrated,Unrated,Unrated,3.0,Small Cap
Innovators Facade Systems Ltd.,INE870Z01015,541353,,Industrials,Construction & Engineering - Diversified,2026-09-01,Unrated,Unrated,Unrated,Unrated,2.0,Small Cap
Innovision Ltd,INE0ADB01012,544732,INNOVISION,Industrials,Staffing Services & HR,2026-09-01,4.0,7.0,7.0,5.0,UNRATED,Small Cap
Inox Green Energy Services Ltd.,INE510W01014,543667,INOXGREEN,Industrials,Energy & Power Projects,2026-09-01,1.0,1.0,5.0,2.0,7.0,Small Cap
Inox India Ltd.,INE616N01034,544046,INOXINDIA,Energy & Utilities,Oil & Gas Storage,2026-09-01,3.0,8.0,6.0,2.0,10.0,Small Cap
Inox Wind Ltd.,INE066P01011,539083,INOXWIND,Industrials,Energy & Power Projects,2026-09-01,1.0,1.0,5.0,2.0,1.0,Small Cap
Insecticides (India) Ltd.,INE070I01018,532851,INSECTICID,Materials,Pesticides,2026-09-01,2.0,3.0,5.0,6.0,3.0,Small Cap
Insolation Energy Ltd.,INE0LGX01024,543620,INA,Energy & Utilities,Renewable Energy Equipment & Services,2026-09-01,Unrated,Unrated,Unrated,Unrated,2.0,Small Cap
Inspire Films Ltd,INE0NDX01019,,INSPIRE,Consumer Discretionary,Movie & TV Production & Distribution,2026-09-01,Unrated,Unrated,Unrated,Unrated,UNRATED,Small Cap
Inspirisys Solutions Ltd.,INE020G01017,532774,INSPIRISYS,Technology,Software & Services - Diversified,2026-09-01,3.0,3.0,6.0,7.0,6.0,Small Cap
Intec Capital Ltd.,INE017E01018,526871,,Financial,Leasing and Hire Purchase,2026-09-01,Unrated,Unrated,Unrated,Unrated,8.0,Small Cap
Integra Capital Management Ltd.,INE366H01012,531314,,Financial,NBFC - Diversified,2026-08-28,Unrated,Unrated,Unrated,Unrated,UNRATED,Small Cap
Integra Engineering India Ltd.,INE984B01023,505358,,Industrials,Railway Locomotive & Rolling Stock,2026-09-01,3.0,5.0,6.0,5.0,4.0,Small Cap
Integra Essentia Ltd.,INE418N01035,535958,ESSENTIA,Diversified,Diversified Trading,2026-09-01,Unrated,Unrated,Unrated,Unrated,3.0,Small Cap
Integra Switchgear Ltd.,INE0IPL01018,517423,,Industrials,Electronic Equipment,2026-08-31,Unrated,Unrated,Unrated,Unrated,UNRATED,Small Cap
Integrated Capital Services Ltd.,INE682B01023,539149,,Industrials,Business Consultancy,2026-09-01,Unrated,Unrated,Unrated,Unrated,4.0,Small Cap
Integrated Industries Ltd.,INE882B01037,531889,,Technology,Technology Equipment & Parts,2026-09-01,3.0,6.0,7.0,6.0,3.0,Small Cap
Integrated Personnel Services Ltd.,INE02EE01019,,IPSL,Industrials,Staffing Services & HR,2026-09-01,Unrated,Unrated,Unrated,Unrated,UNRATED,Small Cap
Integrated Proteins Ltd.,INE177M01013,519606,,Consumer Staples,Edible Oil,2026-09-01,Unrated,Unrated,Unrated,Unrated,10.0,Small Cap
Integrated Thermoplastics Ltd.,INE038N01015,530921,,Industrials,Plastic Tubes & Pipes,2026-08-31,Unrated,Unrated,Unrated,Unrated,UNRATED,Small Cap
Integrity Infrabuild Developers Ltd,INE0YSH01017,,INTEGRITY,Industrials,Road & Highway Construction,2026-09-01,Unrated,Unrated,Unrated,Unrated,UNRATED,Small Cap
Intellect Design Arena Ltd.,INE306R01017,538835,INTELLECT,Technology,Software,2026-09-01,4.0,9.0,6.0,5.0,4.0,Small Cap
Intellivate Capital Ventures Ltd.,INE512D01028,506134,,Financial,Investment Management - Diversified,2026-09-01,Unrated,Unrated,Unrated,Unrated,6.0,Small Cap
Intense Technologies Ltd.,INE781A01025,532326,INTENTECH,Technology,Software,2026-09-01,Unrated,Unrated,Unrated,Unrated,4.0,Small Cap
Interactive Financial Services Ltd.,INE064T01018,539692,,Technology,IT Services & Consulting,2026-09-01,Unrated,Unrated,Unrated,Unrated,4.0,Small Cap
Interarch Building Solutions Ltd.,INE00M901018,544232,INTERARCH,Materials,Iron & Steel,2026-09-01,3.0,8.0,5.0,6.0,3.0,Small Cap
Interglobe Aviation Ltd.,INE646L01027,539448,INDIGO,Industrials,Air Transport,2026-09-01,2.0,3.0,6.0,2.0,4.0,Large Cap
Inter Globe Finance Ltd.,INE661M01016,511391,,Financial,Miscellaneous Financial Services,2026-09-01,Unrated,Unrated,Unrated,Unrated,5.0,Small Cap
Interiors & More Ltd,INE0OPC01015,,INM,Consumer Discretionary,Home Furnishing & Decor,2026-09-01,Unrated,Unrated,Unrated,Unrated,5.0,Small Cap
International Combustion (India) Ltd.,INE403C01014,505737,,Industrials,Industrial Machinery,2026-09-01,Unrated,Unrated,Unrated,Unrated,6.0,Small Cap
International Conveyors Ltd.,INE575C01027,509709,INTLCONV,Industrials,Industrial Machinery,2026-09-01,5.0,9.0,8.0,8.0,5.0,Small Cap
International Data Management Ltd.,INE649R01010,517044,,Technology,Computer Hardware,2026-08-17,Unrated,Unrated,Unrated,Unrated,UNRATED,Small Cap
International Gemological Institute Ltd,INE0Q9301021,544311,IGIIL,Consumer Discretionary,Gems & Jewellery,2026-09-01,3.0,10.0,2.0,4.0,5.0,Small Cap
International Travel House Ltd.,INE262B01016,500213,INTLTRAVHS,Consumer Discretionary,Travel & Tourism,2026-09-01,Unrated,Unrated,Unrated,Unrated,2.0,Small Cap
Inter State Oil Carrier Ltd.,INE003B01014,530259,,Industrials,Road Transport,2026-09-01,Unrated,Unrated,Unrated,Unrated,8.0,Small Cap
Interworld Digital Ltd.,INE177D01020,532072,,Consumer Discretionary,Media & Entertainment Conglomerate,2026-08-31,Unrated,Unrated,Unrated,Unrated,UNRATED,Small Cap
Intrasoft Technologies Ltd.,INE566K01011,533181,ISFT,Consumer Discretionary,Online and Direct Retailing,2026-09-01,Unrated,Unrated,Unrated,Unrated,7.0,Small Cap
Inventure Growth & Securities Ltd.,INE878H01024,533506,INVENTURE,Financial,Brokerage Services,2026-09-01,Unrated,Unrated,Unrated,Unrated,1.0,Small Cap
Inventurus Knowledge Solutions Ltd,INE115Q01022,544309,IKS,Industrials,Other Business Services,2026-09-01,3.0,8.0,8.0,3.0,6.0,Small Cap
Investment & Precision Castings Ltd.,INE155E01016,504786,,Materials,Castings & Forgings,2026-09-01,2.0,3.0,6.0,1.0,10.0,Small Cap
The Investment Trust of India Ltd,INE924D01017,530023,THEINVEST,Financial,Investment Management - Diversified,2026-09-01,2.0,1.0,4.0,5.0,4.0,Small Cap
Invicta Diagnostic Ltd,INE0XJ501010,,INVICTA,Healthcare,Medical Diagnostics Services,2026-09-01,4.0,8.0,2.0,7.0,4.0,Small Cap
IOL Chemicals And Pharmaceuticals Ltd.,INE485C01029,524164,IOLCP,Healthcare,API / Generic Pharmaceuticals,2026-09-01,3.0,7.0,6.0,3.0,10.0,Small Cap
Ion Exchange (India) Ltd.,INE570A01022,500214,IONEXCHANG,Industrials,Other Machinery,2026-09-01,2.0,3.0,3.0,5.0,5.0,Small Cap
Ipca Laboratories Ltd.,INE571A01038,524494,IPCALAB,Healthcare,Branded Medicines,2026-09-01,4.0,8.0,7.0,4.0,8.0,Mid Cap
I Power Solutions India Ltd.,INE468F01010,512405,,Technology,Online Services,2026-08-31,Unrated,Unrated,Unrated,Unrated,UNRATED,Small Cap
IP Rings Ltd.,INE558A01019,523638,IPRINGLTD,Consumer Discretionary,Auto Ancillaries,2026-09-01,Unrated,Unrated,Unrated,Unrated,8.0,Small Cap
IRB Infrastructure Developers Ltd.,INE821I01022,532947,IRB,Industrials,Construction & Engineering - Diversified,2026-09-01,1.0,3.0,4.0,5.0,1.0,Small Cap
Ircon International Ltd.,INE962Y01021,541956,IRCON,Industrials,Railway Construction,2026-09-01,2.0,2.0,4.0,6.0,2.0,Small Cap
Iris Business Services Ltd.,INE864K01010,540735,IRIS,Technology,Software,2026-09-01,3.0,7.0,7.0,5.0,4.0,Small Cap
Iris Clothings Ltd.,INE01GN01025,,IRISDOREME,Consumer Discretionary,Readymade Garment,2026-09-01,2.0,2.0,4.0,3.0,10.0,Small Cap
IRM Energy Ltd,INE07U701015,544004,IRMENERGY,Energy & Utilities,Oil & Gas Trading,2026-09-01,5.0,7.0,7.0,7.0,8.0,Small Cap
Ironwood Education Ltd.,INE791H01011,508918,,Consumer Staples,Education Services,2026-09-01,Unrated,Unrated,Unrated,Unrated,7.0,Small Cap
ISF Ltd.,INE973B01026,526859,,Financial,Leasing and Hire Purchase,2026-09-01,Unrated,Unrated,Unrated,Unrated,4.0,Small Cap
ISGEC Heavy Engineering Ltd.,INE858B01029,533033,ISGEC,Industrials,Industrial Machinery,2026-09-01,2.0,1.0,6.0,5.0,3.0,Small Cap
Ishaan Infrastructures & Shelters Ltd.,INE818R01011,540134,,Industrials,Construction & Engineering - Diversified,2026-09-01,Unrated,Unrated,Unrated,Unrated,7.0,Small Cap
Ishan Dyes & Chemicals Ltd.,INE561M01018,531109,ISHANCH,Materials,Coloring Agents,2026-09-01,Unrated,Unrated,Unrated,Unrated,2.0,Small Cap
Ishan International Ltd.,INE0LCW01025,,ISHAN,Diversified,Diversified Manufacturing,2026-09-01,Unrated,Unrated,Unrated,Unrated,2.0,Small Cap
Ishita Drugs & Industries Ltd.,INE806D01016,524400,,Healthcare,Branded Medicines,2026-09-01,Unrated,Unrated,Unrated,Unrated,7.0,Small Cap
ISL Consulting Ltd.,INE569B01022,511609,,Financial,Other Financial Institutions,2026-09-01,Unrated,Unrated,Unrated,Unrated,1.0,Small Cap
IST Ltd.,INE684B01029,508807,,Consumer Discretionary,Auto Ancillaries,2026-09-01,4.0,9.0,6.0,8.0,3.0,Small Cap
iStreet Network Ltd.,INE532B01020,524622,,Consumer Discretionary,Online and Direct Retailing,2026-09-01,Unrated,Unrated,Unrated,Unrated,10.0,Small Cap
Italian Edibles Ltd,INE0R7R01018,,ITALIANE,Consumer Staples,Cocoa Products & Confectionery,2026-09-01,Unrated,Unrated,Unrated,Unrated,6.0,Small Cap
ITC Ltd.,INE154A01025,500875,ITC,Consumer Staples,Tobacco Products,2026-09-01,4.0,10.0,6.0,7.0,1.0,Large Cap
ITC Hotels Ltd.,INE379A01028,544325,ITCHOTELS,Consumer Discretionary,Hotels & Resorts,2026-09-01,Unrated,Unrated,Unrated,Unrated,2.0,Mid Cap
ITCONS E-Solutions Ltd.,INE0O6A01019,543806,,Industrials,Staffing Services & HR,2026-09-01,Unrated,Unrated,Unrated,Unrated,2.0,Small Cap
ITI Ltd.,INE248A01017,523610,ITI,Technology,Network Equipment & Tools,2026-09-01,1.0,1.0,5.0,2.0,4.0,Small Cap
ITL Industries Ltd.,INE478D01014,522183,,Industrials,Other Machinery,2026-09-01,Unrated,Unrated,Unrated,Unrated,8.0,Small Cap
Ivalue Infosolutions Ltd,INE056801025,544523,IVALUE,Technology,Software & Services - Diversified,2026-09-01,5.0,6.0,7.0,8.0,10.0,Small Cap
IVP Ltd.,INE043C01018,507580,IVP,Materials,Diversified Chemicals,2026-09-01,Unrated,Unrated,Unrated,Unrated,9.0,Small Cap
Iware Supplychain Services Ltd,INE1AII01014,,IWARE,Industrials,Transportation - Diversified,2026-09-01,5.0,8.0,8.0,6.0,10.0,Small Cap
Iykot Hitech Toolroom Ltd.,INE079L01013,522245,,Industrials,Electronic Components,2026-08-31,Unrated,Unrated,Unrated,Unrated,UNRATED,Small Cap
IZMO Ltd.,INE848A01014,532341,IZMO,Technology,Software,2026-09-01,3.0,6.0,6.0,3.0,8.0,Small Cap
Jackson Investments Ltd.,INE508N01025,538422,,Financial,Investment Services,2026-09-01,Unrated,Unrated,Unrated,Unrated,3.0,Small Cap
J.A. Finance Ltd.,INE825B01010,543860,,Financial,Miscellaneous Financial Services,2026-09-01,Unrated,Unrated,Unrated,Unrated,8.0,Small Cap
Jagan Lamps Ltd.,INE144C01014,530711,,Consumer Discretionary,Auto Ancillaries,2026-09-01,Unrated,Unrated,Unrated,Unrated,4.0,Small Cap
Jagatjit Industries Ltd.,INE574A01016,507155,JAGAJITIND,Consumer Staples,Distilleries,2026-09-01,2.0,1.0,5.0,3.0,8.0,Small Cap
Shri Jagdamba Polymers Ltd.,INE564J01026,512453,,Consumer Discretionary,Miscellaneous Textiles,2026-09-01,3.0,3.0,6.0,6.0,6.0,Small Cap
Jagjanani Textiles Ltd.,INE702H01018,532825,,Consumer Discretionary,Synthetic Fabrics,2026-09-01,Unrated,Unrated,Unrated,Unrated,6.0,Small Cap
Jagran Prakashan Ltd.,INE199G01027,532705,JAGRAN,Industrials,Advertising & Marketing - Diversified,2026-09-01,4.0,6.0,7.0,9.0,4.0,Small Cap
Jagsonpal Finance & Leasing Ltd.,INE582C01015,530601,,Financial,Leasing and Hire Purchase,2026-09-01,Unrated,Unrated,Unrated,Unrated,6.0,Small Cap
Jagsonpal Pharmaceuticals Ltd.,INE048B01035,507789,JAGSNPHARM,Healthcare,Branded Medicines,2026-09-01,5.0,10.0,6.0,5.0,9.0,Small Cap
Jai Corp Ltd.,INE070D01027,512237,JAICORPLTD,Materials,Plastic Packaging,2026-09-01,3.0,7.0,6.0,6.0,4.0,Small Cap
Jai Balaji Industries Ltd.,INE091G01026,532976,JAIBALAJI,Materials,Metals - Diversified,2026-09-01,3.0,6.0,5.0,7.0,5.0,Small Cap
Jaihind Synthetics Ltd.,INE156E01014,514312,,Consumer Discretionary,Integrated Textiles,2026-09-01,Unrated,Unrated,Unrated,Unrated,3.0,Small Cap
Jai Mata Glass Ltd.,INE250C01027,523467,,Industrials,Other Building Products,2026-09-01,Unrated,Unrated,Unrated,Unrated,9.0,Small Cap
Jainam Ferro Alloys (I) Ltd.,INE02KC01010,,JAINAM,Materials,Castings & Forgings,2026-09-01,Unrated,Unrated,Unrated,Unrated,UNRATED,Small Cap
Jainex Aamcol Ltd.,INE280F01019,505212,,Consumer Discretionary,Auto Ancillaries,2026-09-01,Unrated,Unrated,Unrated,Unrated,6.0,Small Cap
Jainik Power Cables Ltd,INE0XIL01012,,JAINIK,Industrials,Wires & Cables,2026-09-01,5.0,8.0,7.0,6.0,10.0,Small Cap
Jain Irrigation Systems Ltd. DVR,IN9175A01010,570004,JISLDVREQS,Industrials,Plastic Tubes & Pipes,2026-09-01,Unrated,Unrated,Unrated,Unrated,3.0,Small Cap
Jain Irrigation Systems Ltd.,INE175A01038,500219,JISLJALEQS,Industrials,Irrigation Equipment,2026-09-01,1.0,1.0,5.0,2.0,2.0,Small Cap
Jain Resource Recycling Ltd,INE0YD401026,544537,JAINREC,Materials,Metals - Diversified,2026-09-01,2.0,3.0,6.0,5.0,1.0,Small Cap
Jaipan Industries Ltd.,INE058D01030,505840,,Consumer Discretionary,Kitchenware & Appliances,2026-09-01,Unrated,Unrated,Unrated,Unrated,9.0,Small Cap
Jaiprakash Power Ventures Ltd.,INE351F01018,532627,JPPOWER,Energy & Utilities,Power Generation - Diversified,2026-09-01,3.0,3.0,6.0,7.0,7.0,Small Cap
Jakharia Fabric Ltd.,INE00N401018,,JAKHARIA,Consumer Discretionary,Organic Fabrics,2026-09-01,Unrated,Unrated,Unrated,Unrated,UNRATED,Small Cap
James Warren Tea Ltd.,INE718P01017,538564,,Consumer Staples,Tea & Coffee,2026-09-01,Unrated,Unrated,Unrated,Unrated,2.0,Small Cap
Jamna Auto Industries Ltd.,INE039C01032,520051,JAMNAAUTO,Industrials,Commercial Vehicles,2026-09-01,4.0,7.0,7.0,6.0,6.0,Small Cap
Jamshri Realty Ltd.,INE462D01034,502901,,Real Estate,Real Estate Lease & Renting,2026-09-01,Unrated,Unrated,Unrated,Unrated,3.0,Small Cap
Jana Small Finance Bank Ltd.,INE953L01027,544118,JSFB,Financial,Small Finance Banks,2026-09-01,5.0,8.0,6.0,7.0,9.0,Small Cap
Jaro Institute of Technology Management and Research Ltd,INE00YJ01010,544534,JARO,Consumer Staples,Education Services,2026-09-01,3.0,7.0,8.0,6.0,1.0,Small Cap
Jasch Industries Ltd.,INE711C01028,500220,JASCHIND,Consumer Discretionary,Leather Processing,2026-09-01,Unrated,Unrated,Unrated,Unrated,10.0,Small Cap
Jasch Gauging Technologies Ltd,INE0QXV01014,544112,,Industrials,Industrial Machinery,2026-09-01,Unrated,Unrated,Unrated,Unrated,7.0,Small Cap
Jash Engineering Ltd.,INE039O01029,544402,JASH,Industrials,Industrial Machinery,2026-09-01,3.0,6.0,6.0,5.0,8.0,Small Cap
Jattashankar Industries Ltd.,INE722N01014,514318,,Consumer Discretionary,Yarn,2026-09-01,Unrated,Unrated,Unrated,Unrated,10.0,Small Cap
Jauss Polymers Ltd.,INE593O01017,526001,,Materials,Glass & Glassware,2026-09-01,Unrated,Unrated,Unrated,Unrated,9.0,Small Cap
Jayabharat Credit Ltd.,INE998D01011,501311,,Financial,NBFC - Diversified,2026-09-01,Unrated,Unrated,Unrated,Unrated,UNRATED,Small Cap
Jay Ambe Supermarkets Ltd,INE1DRH01011,544514,,Consumer Staples,Supermarkets & Convenience Stores,2026-09-01,Unrated,Unrated,Unrated,Unrated,UNRATED,Small Cap
Jayant Agro-Organics Ltd.,INE785A01026,524330,JAYAGROGN,Materials,Speciality Chemicals - Diversified,2026-09-01,3.0,1.0,5.0,6.0,8.0,Small Cap
Jayant Infratech Ltd.,INE0KR801019,543544,,Industrials,Railway Construction,2026-09-01,Unrated,Unrated,Unrated,Unrated,6.0,Small Cap
Jayaswal Neco Industries Ltd.,INE854B01010,522285,JAYNECOIND,Materials,Aluminium Products,2026-09-01,5.0,6.0,7.0,7.0,9.0,Small Cap
Jayatma Industries Ltd.,INE250D01017,531323,,Consumer Discretionary,Yarn,2026-08-28,Unrated,Unrated,Unrated,Unrated,UNRATED,Small Cap
Jayatma Enterprises Ltd.,INE246D01015,539005,,Financial,Leasing and Hire Purchase,2026-08-31,Unrated,Unrated,Unrated,Unrated,UNRATED,Small Cap
Jay Bee Laminations Ltd,INE0SMY01017,,JAYBEE,Industrials,Transformers & Transmission Equipment,2026-09-01,Unrated,Unrated,Unrated,Unrated,4.0,Small Cap
Jay Bharat Maruti Ltd.,INE571B01036,520066,JAYBARMARU,Consumer Discretionary,Auto Ancillaries,2026-09-01,4.0,6.0,6.0,5.0,8.0,Small Cap
Jaybharat Textiles & Real Estate Ltd.,INE091E01039,512233,,Consumer Discretionary,Miscellaneous Textiles,2026-08-31,Unrated,Unrated,Unrated,Unrated,UNRATED,Small Cap
Jayesh Logistics Ltd,INE1AE401014,,JAYESH,Industrials,Road Logistics,2026-09-01,Unrated,Unrated,Unrated,Unrated,1.0,Small Cap
Jay Jalaram Technologies Ltd.,INE0J6801010,,KORE,Consumer Discretionary,Online and Direct Retailing,2026-09-01,Unrated,Unrated,Unrated,Unrated,7.0,Small Cap
Jay Kailash Namkeen Ltd,INE0MSS01019,544160,,Consumer Staples,Snacks & Food Confectionery,2026-09-01,Unrated,Unrated,Unrated,Unrated,10.0,Small Cap
Jaykay Enterprises Ltd.,INE903A01025,500306,JKSYNTHETC,Consumer Discretionary,Integrated Textiles,2026-09-01,3.0,3.0,6.0,4.0,6.0,Small Cap
Jayshree Chemicals Ltd.,INE693E01016,506520,,Energy & Utilities,Wind Electric Utilities,2026-09-01,Unrated,Unrated,Unrated,Unrated,4.0,Small Cap
Jay Shree Tea & Industries Ltd.,INE364A01020,509715,JAYSREETEA,Consumer Staples,Tea & Coffee,2026-09-01,Unrated,Unrated,Unrated,Unrated,8.0,Small Cap
Jay Ushin Ltd.,INE289D01015,513252,,Consumer Discretionary,Auto Ancillaries,2026-08-31,3.0,3.0,7.0,5.0,7.0,Small Cap
JBM Auto Ltd.,INE927D01051,532605,JBMA,Consumer Discretionary,Auto Ancillaries,2026-09-01,1.0,1.0,5.0,3.0,6.0,Small Cap
JD Cables Ltd,INE14VP01014,544524,,Industrials,Wires & Cables,2026-09-01,4.0,7.0,6.0,5.0,6.0,Small Cap
JD Orgochem Ltd.,INE263B01022,524592,JDORGOCHEM,Materials,Speciality Chemicals - Diversified,2026-09-01,Unrated,Unrated,Unrated,Unrated,5.0,Small Cap
Jeena Sikho Lifecare Ltd.,INE0J5801029,544476,JSLL,Healthcare,Alternative Medicine,2026-09-01,4.0,9.0,8.0,6.0,3.0,Small Cap
Jeevan Scientific Technology Ltd.,INE237B01018,538837,,Healthcare,Biotechnology & Pharma Research,2026-09-01,Unrated,Unrated,Unrated,Unrated,9.0,Small Cap
Jenburkt Pharmaceuticals Ltd.,INE354A01013,524731,,Healthcare,Pharmaceuticals - Diversified,2026-09-01,5.0,9.0,6.0,7.0,6.0,Small Cap
Jet Freight Logistics Ltd.,INE982V01025,543420,JETFREIGHT,Industrials,Multimodal Logistics,2026-09-01,Unrated,Unrated,Unrated,Unrated,9.0,Small Cap
Jet Infraventure Ltd.,INE155R01018,538794,,Real Estate,Real Estate Development,2026-08-25,Unrated,Unrated,Unrated,Unrated,UNRATED,Small Cap
Jetking Infotrain Ltd.,INE919C01019,517063,,Consumer Staples,Education Services,2026-09-01,Unrated,Unrated,Unrated,Unrated,2.0,Small Cap
Jet Knitwears Ltd.,INE564T01017,,JETKNIT,Consumer Discretionary,Apparels & Footwear - Diversified,2026-09-01,Unrated,Unrated,Unrated,Unrated,UNRATED,Small Cap
Jeyyam Global Foods Ltd,INE0RXB01022,,JEYYAM,Consumer Staples,Flour Milling,2026-09-01,Unrated,Unrated,Unrated,Unrated,2.0,Small Cap
JFL Life Sciences Ltd.,INE0LA901015,,JFLLIFE,Healthcare,Branded Medicines,2026-09-01,Unrated,Unrated,Unrated,Unrated,7.0,Small Cap
J.G. Chemicals Ltd,INE0MB501011,544138,JGCHEM,Materials,Commodity Chemicals - Diversified,2026-09-01,3.0,2.0,6.0,4.0,10.0,Small Cap
Jhandewalas Foods Ltd.,INE841Y01019,540850,,Consumer Staples,Food Processing - Diversified,2026-09-01,Unrated,Unrated,Unrated,Unrated,1.0,Small Cap
Jhaveri Credits & Capital Ltd.,INE865D01012,531550,,Financial,Mutual Funds,2026-09-01,Unrated,Unrated,Unrated,Unrated,5.0,Small Cap
JHS Svendgaard Laboratories Ltd.,INE544H01014,532771,JHS,Consumer Staples,Personal Hygiene,2026-09-01,Unrated,Unrated,Unrated,Unrated,4.0,Small Cap
JHS Svendgaard Retail Ventures Ltd.,INE03DD01011,544197,RETAIL,Consumer Staples,Household & Personal Products Trading,2026-09-01,Unrated,Unrated,Unrated,Unrated,2.0,Small Cap
Jigar Cables Ltd.,INE943X01015,540651,,Industrials,Wires & Cables,2026-08-27,Unrated,Unrated,Unrated,Unrated,UNRATED,Small Cap
Jindal Capital Ltd.,INE356F01017,530405,,Financial,Miscellaneous Financial Services,2026-09-01,Unrated,Unrated,Unrated,Unrated,5.0,Small Cap
Jindal Drilling & Industries Ltd.,INE742C01031,511034,JINDRILL,Energy & Utilities,Oil & Gas Drilling,2026-09-01,5.0,8.0,6.0,7.0,8.0,Small Cap
Jindal Hotels Ltd.,INE726D01016,507981,,Consumer Discretionary,Hotels & Resorts,2026-09-01,Unrated,Unrated,Unrated,Unrated,4.0,Small Cap
Jindal Leasefin Ltd.,INE919T01013,539947,,Financial,NBFC - Diversified,2026-09-01,Unrated,Unrated,Unrated,Unrated,10.0,Small Cap
Jindal Photo Ltd.,INE796G01012,532624,JINDALPHOT,Financial,Investment Holding Companies,2026-09-01,3.0,6.0,7.0,3.0,5.0,Small Cap
Jindal Poly Films Ltd.,INE197D01010,500227,JINDALPOLY,Materials,Plastic Packaging,2026-09-01,2.0,1.0,6.0,3.0,9.0,Small Cap
Jindal Poly Investment and Finance Company Ltd.,INE147P01019,536773,JPOLYINVST,Financial,Investment Management - Diversified,2026-09-01,5.0,10.0,6.0,7.0,6.0,Small Cap
Jindal Saw Ltd.,INE324A01032,500378,JINDALSAW,Materials,Iron & Steel,2026-09-01,3.0,3.0,5.0,5.0,9.0,Small Cap
Jindal Stainless Ltd.,INE220G01021,532508,JSL,Materials,Iron & Steel,2026-09-01,4.0,7.0,6.0,7.0,3.0,Mid Cap
Jindal Steel Ltd.,INE749A01030,532286,JINDALSTEL,Materials,Iron & Steel,2026-09-01,3.0,6.0,5.0,5.0,5.0,Large Cap
Jindal Worldwide Ltd.,INE247D01039,531543,JINDWORLD,Consumer Discretionary,Synthetic Fabrics,2026-09-01,3.0,1.0,6.0,4.0,8.0,Small Cap
Jinkushal Industries Ltd,INE1FF001016,544547,JKIPL,Industrials,Industrial Machinery,2026-09-01,3.0,2.0,4.0,7.0,10.0,Small Cap
JIO Financial Services Ltd.,INE758E01017,543940,JIOFIN,Financial,NBFC - Diversified,2026-09-01,2.0,2.0,4.0,7.0,2.0,Large Cap
JITF Infralogistics Ltd.,INE863T01013,540311,JITFINFRA,Industrials,Industrial Construction,2026-09-01,Unrated,Unrated,Unrated,Unrated,6.0,Small Cap
Jivial Industries Ltd,INE0V3T01017,544805,,Materials,Aluminium Products,2026-09-01,5.0,9.0,9.0,6.0,UNRATED,Small Cap
Jiwanram Sheoduttrai Industries Ltd,INE0N5H01017,,JIWANRAM,Consumer Discretionary,Industrial Clothing & Uniforms,2026-09-01,Unrated,Unrated,Unrated,Unrated,3.0,Small Cap
JJ Finance Corporation Ltd.,INE584C01011,523062,,Financial,NBFC - Diversified,2026-08-31,Unrated,Unrated,Unrated,Unrated,UNRATED,Small Cap
JK Agri Genetics Ltd.,INE690O01011,536493,,Consumer Staples,Crop Farming,2026-09-01,Unrated,Unrated,Unrated,Unrated,3.0,Small Cap
The Jammu & Kashmir Bank Ltd.,INE168A01041,532209,J&KBANK,Financial,Banks - Diversified,2026-09-01,5.0,7.0,6.0,7.0,9.0,Small Cap
JK Cement Ltd.,INE823G01014,532644,JKCEMENT,Materials,Cement,2026-09-01,2.0,5.0,6.0,4.0,2.0,Mid Cap
JK Lakshmi Cement Ltd.,INE786A01032,500380,JKLAKSHMI,Materials,Cement,2026-09-01,3.0,7.0,6.0,6.0,1.0,Small Cap
JK Paper Ltd.,INE789E01012,532162,JKPAPER,Materials,Paper & Paper Products,2026-09-01,4.0,6.0,6.0,7.0,8.0,Small Cap
JK Tyre & Industries Ltd.,INE573A01042,530007,JKTYRE,Consumer Discretionary,Tyres & Tubes,2026-09-01,2.0,2.0,6.0,6.0,3.0,Small Cap
J Kumar Infraprojects Ltd.,INE576I01022,532940,JKIL,Industrials,Construction & Engineering - Diversified,2026-09-01,3.0,2.0,6.0,7.0,3.0,Small Cap
JMD Ventures Ltd.,INE047E01031,511092,,Consumer Discretionary,Music Production & Distribution,2026-09-01,Unrated,Unrated,Unrated,Unrated,9.0,Small Cap
JM Financial Ltd.,INE780C01023,523405,JMFINANCIL,Financial,Investment Management - Diversified,2026-09-01,3.0,2.0,5.0,7.0,4.0,Small Cap
JMG Corporation Ltd.,INE745F01011,523712,,Industrials,Business Consultancy,2026-08-31,Unrated,Unrated,Unrated,Unrated,UNRATED,Small Cap
JMJ Fintech Ltd.,INE242Q01016,538834,,Financial,NBFC - Diversified,2026-09-01,Unrated,Unrated,Unrated,Unrated,2.0,Small Cap
JNK India Ltd,INE0OAF01028,544167,JNKINDIA,Industrials,Heating & Cooling Systems,2026-09-01,3.0,1.0,3.0,7.0,10.0,Small Cap
Jocil Ltd.,INE839G01010,,JOCIL,Materials,Speciality Chemicals - Diversified,2026-09-01,Unrated,Unrated,Unrated,Unrated,7.0,Small Cap
John Cockerill India Ltd,INE515A01019,500147,FLATPROD,Industrials,Industrial Machinery,2026-09-01,1.0,1.0,4.0,1.0,10.0,Small Cap
Johnson Controls - Hitachi Air Conditioning India Ltd.,INE782A01015,523398,JCHAC,Industrials,Heating & Cooling Systems,2026-09-01,2.0,3.0,6.0,2.0,8.0,Small Cap
Johnson Pharmacare Ltd.,INE560F01022,532154,,Diversified,Diversified Trading,2026-09-01,Unrated,Unrated,Unrated,Unrated,1.0,Small Cap
Joindre Capital Services Ltd.,INE024B01010,531861,,Financial,Brokerage Services,2026-09-01,Unrated,Unrated,Unrated,Unrated,8.0,Small Cap
Jolly Plastic Industries Ltd.,INE289M01016,507968,,Industrials,Plastic Tubes & Pipes,2026-09-01,Unrated,Unrated,Unrated,Unrated,9.0,Small Cap
Jonjua Overseas Ltd.,INE793Z01027,542446,,Industrials,Payment Services,2026-09-01,Unrated,Unrated,Unrated,Unrated,4.0,Small Cap
JostS Engineering Company Ltd.,INE636D01041,505750,,Industrials,Industrial Machinery,2026-09-01,Unrated,Unrated,Unrated,Unrated,2.0,Small Cap
JPT Securities Ltd.,INE630C01012,530985,,Financial,NBFC - Diversified,2026-08-31,Unrated,Unrated,Unrated,Unrated,UNRATED,Small Cap
JSL Industries Ltd.,INE581L01018,504080,,Industrials,Switching Equipment,2026-09-01,Unrated,Unrated,Unrated,Unrated,3.0,Small Cap
JSW Cement Ltd,INE718I01012,544480,JSWCEMENT,Materials,Cement,2026-09-01,2.0,3.0,6.0,3.0,4.0,Small Cap
JSW Energy Ltd.,INE121E01018,533148,JSWENERGY,Energy & Utilities,Power Generation - Diversified,2026-09-01,2.0,2.0,7.0,4.0,6.0,Mid Cap
JSW Holdings Ltd.,INE824G01012,532642,JSWHL,Financial,NBFC - Diversified,2026-09-01,1.0,2.0,6.0,4.0,1.0,Small Cap
JSW Infrastructure Ltd,INE880J01026,543994,JSWINFRA,Industrials,Marine Port Services,2026-09-01,4.0,7.0,6.0,5.0,8.0,Mid Cap
JSW Steel Ltd.,INE019A01038,500228,JSWSTEEL,Materials,Iron & Steel,2026-09-01,3.0,6.0,7.0,5.0,7.0,Large Cap
J Taparia Projects Ltd.,INE075K01013,538539,,Consumer Discretionary,Miscellaneous Textiles,2026-09-01,Unrated,Unrated,Unrated,Unrated,5.0,Small Cap
JTEKT India Ltd.,INE643A01035,520057,JTEKTINDIA,Consumer Discretionary,Auto Ancillaries,2026-09-01,3.0,4.0,6.0,5.0,5.0,Small Cap
JTL Industries Ltd,INE391J01032,534600,JTLIND,Industrials,Steel Tubes & Pipes,2026-09-01,3.0,1.0,5.0,7.0,8.0,Small Cap
Jubilant Agri And Consumer Products Ltd.,INE03CC01015,544355,JUBLCPL,Consumer Staples,Other Agriculture Products,2026-09-01,3.0,5.0,5.0,4.0,7.0,Small Cap
Jubilant FoodWorks Ltd.,INE797F01020,533155,JUBLFOOD,Consumer Discretionary,Quick Service Restaurants,2026-09-01,2.0,7.0,6.0,4.0,3.0,Small Cap
Jubilant Ingrevia Ltd.,INE0BY001018,543271,JUBLINGREA,Materials,Speciality Chemicals - Diversified,2026-09-01,3.0,3.0,8.0,5.0,8.0,Small Cap
Jubilant Pharmova Ltd.,INE700A01033,530019,JUBLPHARMA,Healthcare,Pharmaceuticals - Diversified,2026-09-01,2.0,3.0,5.0,4.0,3.0,Small Cap
Julien Agro Infratech Ltd.,INE890N01027,536073,,Industrials,Construction & Engineering - Diversified,2026-09-01,Unrated,Unrated,Unrated,Unrated,1.0,Small Cap
Jullundur Motor Agency (Delhi) Ltd.,INE412C01023,,JMA,Consumer Discretionary,Auto Ancillaries,2026-09-01,Unrated,Unrated,Unrated,Unrated,7.0,Small Cap
Jumbo Bag Ltd.,INE699D01015,516078,JUMBO,Materials,Plastic Packaging,2026-09-01,Unrated,Unrated,Unrated,Unrated,9.0,Small Cap
Jungle Camps India Ltd,INE0WCH01015,544304,,Consumer Discretionary,Hotels & Resorts,2026-09-01,Unrated,Unrated,Unrated,Unrated,UNRATED,Small Cap
Juniper Green Energy Ltd,INE05C901015,544853,JNPR,Energy & Utilities,Renewable Electricity Generation,2026-09-01,2.0,2.0,6.0,4.0,UNRATED,
Juniper Hotels Ltd,INE696F01016,544129,JUNIPER,Consumer Discretionary,Hotels & Resorts,2026-09-01,3.0,5.0,8.0,5.0,2.0,Small Cap
Jupiter Infomedia Ltd.,INE524N01014,534623,,Technology,Online Services,2026-09-01,Unrated,Unrated,Unrated,Unrated,5.0,Small Cap
Jupiter Life Line Hospitals Ltd,INE682M01020,543980,JLHL,Healthcare,Hospitals & Clinics,2026-09-01,3.0,9.0,6.0,4.0,3.0,Small Cap
Jupiter Wagons Ltd.,INE209L01016,533272,JWL,Industrials,Railway Locomotive & Rolling Stock,2026-09-01,3.0,6.0,8.0,6.0,3.0,Small Cap
Just Dial Ltd.,INE599M01018,535648,JUSTDIAL,Technology,Online Services,2026-09-01,5.0,10.0,6.0,8.0,6.0,Small Cap
Justo Realfintech Ltd,INE0W5Q01017,544542,,Real Estate,Real Estate Services,2026-09-01,4.0,7.0,7.0,6.0,UNRATED,Small Cap
Justride Enterprises Ltd.,INE432F01032,531035,,Consumer Discretionary,Bicycles,2026-09-01,1.0,1.0,3.0,2.0,1.0,Small Cap
Jyothy Labs Ltd.,INE668F01031,532926,JYOTHYLAB,Consumer Staples,Household & Personal Products - Diversified,2026-09-01,3.0,10.0,6.0,5.0,1.0,Small Cap
Jyoti Ltd.,INE511D01012,504076,,Industrials,Pumps & Compressors,2026-09-01,Unrated,Unrated,Unrated,Unrated,2.0,Small Cap
Jyoti CNC Automation Ltd,INE980O01024,544081,JYOTICNC,Industrials,Industrial Machinery,2026-09-01,1.0,1.0,5.0,1.0,5.0,Small Cap
Jyoti Global Plast Ltd,INE1M3T01017,,JYOTIGLOBL,Materials,Plastic Packaging,2026-09-01,5.0,5.0,9.0,7.0,UNRATED,Small Cap
Jyoti Resins & Adhesives Ltd.,INE577D01013,514448,,Materials,Adhesives,2026-09-01,4.0,8.0,6.0,7.0,3.0,Small Cap
Jyoti Structures Ltd.,INE197A01024,513250,JYOTISTRUC,Industrials,Transformers & Transmission Equipment,2026-09-01,2.0,1.0,5.0,5.0,4.0,Small Cap
K2 Infragen Ltd,INE0DEZ01013,,K2INFRA,Industrials,Energy & Power Projects,2026-09-01,Unrated,Unrated,Unrated,Unrated,5.0,Small Cap
Kaarya Facilities And Services Ltd.,INE282Y01016,540756,,Industrials,Other Business Services,2026-08-27,Unrated,Unrated,Unrated,Unrated,UNRATED,Small Cap
Kabra Drugs Ltd.,INE323K01017,524322,,Healthcare,Pharmaceuticals - Diversified,2026-09-01,Unrated,Unrated,Unrated,Unrated,4.0,Small Cap
Kabra Extrusiontechnik Ltd.,INE900B01029,524109,KABRAEXTRU,Industrials,Industrial Machinery,2026-09-01,2.0,1.0,5.0,2.0,10.0,Small Cap
Kabra Jewels Ltd,INE0XOW01017,,KKJEWELS,Consumer Discretionary,Gems & Jewellery,2026-09-01,Unrated,Unrated,Unrated,Unrated,8.0,Small Cap
Kabsons Industries Ltd.,INE645C01010,524675,,Energy & Utilities,Oil & Gas Trading,2026-09-01,Unrated,Unrated,Unrated,Unrated,8.0,Small Cap
Kachchh Minerals Ltd.,INE059E01010,531778,,Materials,Diversified Mining,2026-09-01,Unrated,Unrated,Unrated,Unrated,5.0,Small Cap
Kahan Packaging Ltd,INE04T901017,543979,,Consumer Discretionary,Synthetic Fabrics,2026-09-01,Unrated,Unrated,Unrated,Unrated,UNRATED,Small Cap
Kaira Can Company Ltd.,INE375D01012,504840,,Materials,Metal Packaging,2026-09-01,Unrated,Unrated,Unrated,Unrated,7.0,Small Cap
Kaiser Corporation Ltd.,INE229G01022,531780,,Industrials,Printing,2026-09-01,Unrated,Unrated,Unrated,Unrated,9.0,Small Cap
Kajaria Ceramics Ltd.,INE217B01036,500233,KAJARIACER,Industrials,Ceramic Tiles and Sanitaryware,2026-09-01,4.0,9.0,7.0,4.0,7.0,Small Cap
Kaka Industries Ltd,INE0P3N01018,543939,,Consumer Discretionary,Home Furnishing & Decor,2026-09-01,Unrated,Unrated,Unrated,Unrated,8.0,Small Cap
Kakatiya Cement Sugar & Industries Ltd.,INE437B01014,500234,KAKATCEM,Materials,Cement,2026-09-01,Unrated,Unrated,Unrated,Unrated,4.0,Small Cap
Kalana Ispat Ltd,INE0T0L01014,,KALANA,Materials,Iron & Steel,2026-09-01,Unrated,Unrated,Unrated,Unrated,7.0,Small Cap
Kallam Textiles Ltd.,INE629F01025,530201,,Consumer Discretionary,Fabric Dyeing & Finishing,2026-09-01,Unrated,Unrated,Unrated,Unrated,1.0,Small Cap
Kalpa commercial Ltd.,INE059Q01014,539014,,Consumer Discretionary,Online and Direct Retailing,2026-09-01,Unrated,Unrated,Unrated,Unrated,5.0,Small Cap
Kalpataru Ltd.,INE227J01012,544423,KALPATARU,Unspecified,Unclassified,2026-09-01,2.0,1.0,7.0,5.0,2.0,Small Cap
Kalpataru Projects International Ltd.,INE220B01022,522287,KPIL,Industrials,Construction & Engineering - Diversified,2026-09-01,2.0,1.0,7.0,4.0,7.0,Small Cap
Kalyani Cast Tech Ltd,INE0N6U01018,544023,,Materials,Castings & Forgings,2026-09-01,Unrated,Unrated,Unrated,Unrated,10.0,Small Cap
Kalyani Commercials Ltd.,INE610E01010,,KALYANI,Consumer Discretionary,Automobile Dealerships,2026-09-01,Unrated,Unrated,Unrated,Unrated,UNRATED,Small Cap
Kalyani Forge Ltd.,INE314G01014,513509,KALYANIFRG,Consumer Discretionary,Auto Ancillaries,2026-09-01,Unrated,Unrated,Unrated,Unrated,7.0,Small Cap
Kalyani Investment Company Ltd.,INE029L01018,533302,KICL,Financial,Investment Management - Diversified,2026-09-01,3.0,6.0,7.0,4.0,8.0,Small Cap
Kalyani Steels Ltd.,INE907A01026,500235,KSL,Materials,Iron & Steel,2026-09-01,3.0,3.0,4.0,6.0,8.0,Small Cap
Kalyan Jewellers India Ltd.,INE303R01014,543278,KALYANKJIL,Consumer Discretionary,Gems & Jewellery,2026-09-01,4.0,5.0,8.0,4.0,8.0,Mid Cap
Kamadgiri Fashion Ltd.,INE535C01013,514322,,Consumer Discretionary,Synthetic Fabrics,2026-09-01,Unrated,Unrated,Unrated,Unrated,8.0,Small Cap
Kama Holdings Ltd.,INE411F01010,532468,,Materials,Commodity Chemicals - Diversified,2026-09-01,4.0,8.0,5.0,7.0,3.0,Small Cap
Kamanwala Housing Construction Ltd.,INE344D01018,511131,,Real Estate,Real Estate Development,2026-09-01,Unrated,Unrated,Unrated,Unrated,5.0,Small Cap
Kamat Hotels (India) Ltd.,INE967C01018,526668,KAMATHOTEL,Consumer Discretionary,Hotels & Resorts,2026-09-01,4.0,7.0,6.0,6.0,6.0,Small Cap
Kamdhenu Ltd.,INE390H01020,532741,KAMDHENU,Materials,Iron & Steel,2026-09-01,5.0,10.0,6.0,8.0,9.0,Small Cap
Kamdhenu Ventures Ltd.,INE0BTI01037,543747,KAMOPAINTS,Materials,Paints & Varnishes,2026-09-01,Unrated,Unrated,Unrated,Unrated,2.0,Small Cap
Kanani Industries Ltd.,INE879E01037,506184,KANANIIND,Consumer Discretionary,Gems & Jewellery,2026-09-01,Unrated,Unrated,Unrated,Unrated,4.0,Small Cap
Kanchi Karpooram Ltd.,INE081G01019,538896,,Materials,Speciality Chemicals - Diversified,2026-09-01,Unrated,Unrated,Unrated,Unrated,7.0,Small Cap
Kanco Tea & Industries Ltd.,INE398L01017,541005,,Consumer Staples,Tea & Coffee,2026-09-01,Unrated,Unrated,Unrated,Unrated,3.0,Small Cap
Kandagiri Spinning Mills Ltd.,INE292D01019,521242,KANDAGIRI,Consumer Discretionary,Yarn,2026-08-31,Unrated,Unrated,Unrated,Unrated,UNRATED,Small Cap
Kandarp Digi Smart BPO Ltd.,INE0MOT01016,,KANDARP,Industrials,BPO Services,2026-09-01,Unrated,Unrated,Unrated,Unrated,3.0,Small Cap
Kanel Industries Ltd.,INE252C01015,500236,KANELOIL,Consumer Staples,Edible Oil,2026-09-01,Unrated,Unrated,Unrated,Unrated,UNRATED,Small Cap
Kanishk Aluminium India Ltd,INE163401016,544693,,Materials,Aluminium Products,2026-09-01,3.0,6.0,6.0,6.0,UNRATED,Small Cap
Kanishk Steel Industries Ltd.,INE791E01018,513456,,Materials,Iron & Steel,2026-09-01,Unrated,Unrated,Unrated,Unrated,4.0,Small Cap
Kanoria Chemicals & Industries Ltd.,INE138C01024,506525,KANORICHEM,Materials,Commodity Chemicals - Diversified,2026-09-01,2.0,1.0,7.0,2.0,10.0,Small Cap
Kanpur Plastipack Ltd.,INE694E01014,507779,KANPRPLA,Materials,Containers & Packaging - Diversified,2026-09-01,4.0,5.0,7.0,5.0,9.0,Small Cap
Kansai Nerolac Paints Ltd.,INE531A01024,500165,KANSAINER,Materials,Paints & Varnishes,2026-09-01,3.0,7.0,6.0,6.0,3.0,Small Cap
Kanungo Financiers Ltd.,INE453S01015,540515,,Financial,Miscellaneous Financial Services,2026-09-01,Unrated,Unrated,Unrated,Unrated,9.0,Small Cap
Kapil Cotex Ltd.,INE393H01016,512036,,Consumer Discretionary,Miscellaneous Textiles,2026-09-01,Unrated,Unrated,Unrated,Unrated,UNRATED,Small Cap
Kapil Raj Finance Ltd.,INE332Q01023,539679,,Financial,NBFC - Diversified,2026-09-01,Unrated,Unrated,Unrated,Unrated,1.0,Small Cap
Kapston Services Ltd.,INE542Z01028,,KAPSTON,Industrials,Staffing Services & HR,2026-09-01,2.0,1.0,5.0,2.0,10.0,Small Cap
The Peria Karamalai Tea And Produce Company Ltd.,INE431F01018,,PKTEA,Consumer Staples,Tea & Coffee,2026-09-01,Unrated,Unrated,Unrated,Unrated,6.0,Small Cap
Karbonsteel Engineering Ltd,INE0V8A01016,544511,,Materials,Metal Tanks & Fabrications,2026-09-01,4.0,6.0,7.0,6.0,1.0,Small Cap
Karma Energy Ltd.,INE725L01011,533451,KARMAENG,Energy & Utilities,Renewable Electricity Generation,2026-09-01,Unrated,Unrated,Unrated,Unrated,3.0,Small Cap
Karnavati Finance Ltd.,INE554R01020,538928,,Financial,NBFC - Diversified,2026-09-01,Unrated,Unrated,Unrated,Unrated,6.0,Small Cap
Karnika Industries Ltd,INE0MGA01012,,KARNIKA,Consumer Discretionary,Readymade Garment,2026-09-01,1.0,1.0,5.0,5.0,4.0,Small Cap
Shree Karthik Papers Ltd.,INE538D01015,516106,,Materials,Paper & Paper Products,2026-09-01,Unrated,Unrated,Unrated,Unrated,6.0,Small Cap
Kartik Investments Trust Ltd.,INE524U01019,501151,,Financial,Miscellaneous Financial Services,2026-09-01,Unrated,Unrated,Unrated,Unrated,10.0,Small Cap
Karur Vysya Bank Ltd.,INE036D01028,590003,KARURVYSYA,Financial,Banks - Diversified,2026-09-01,4.0,7.0,7.0,6.0,6.0,Small Cap
Kashyap Tele-Medicines Ltd.,INE108B01029,531960,KASHYAP,Technology,Software & Services - Diversified,2026-08-31,Unrated,Unrated,Unrated,Unrated,UNRATED,Small Cap
Kasturi Metal Composite Ltd,INE0T1301023,544688,,Materials,Steel Wires,2026-09-01,3.0,3.0,5.0,6.0,2.0,Small Cap
Katare Spinning Mills Ltd.,INE498G01015,502933,,Consumer Discretionary,Yarn,2026-09-01,Unrated,Unrated,Unrated,Unrated,5.0,Small Cap
Kataria Industries Ltd,INE0SVY01018,,KATARIA,Industrials,Wires & Cables,2026-09-01,Unrated,Unrated,Unrated,Unrated,6.0,Small Cap
Kaushalya Infrastructure Development Corporation Ltd.,INE234I01028,532925,KAUSHALYA,Industrials,Construction & Engineering - Diversified,2026-09-01,Unrated,Unrated,Unrated,Unrated,7.0,Small Cap
Kaushalya Logistics Ltd,INE0Q2V01012,,KLL,Industrials,Multimodal Logistics,2026-09-01,Unrated,Unrated,Unrated,Unrated,1.0,Small Cap
Kaveri Seed Company Ltd.,INE455I01029,532899,KSCL,Consumer Staples,Crop Farming,2026-09-01,4.0,10.0,5.0,5.0,3.0,Small Cap
Kavveri Defence & Wireless Technologies Ltd.,INE641C01019,590041,KAVDEFENCE,Technology,Network Equipment & Tools,2026-09-01,1.0,1.0,6.0,1.0,4.0,Small Cap
Kaya Ltd.,INE587G01015,539276,KAYA,Consumer Staples,Household & Personal Products - Diversified,2026-09-01,Unrated,Unrated,Unrated,Unrated,6.0,Small Cap
Kaycee Industries Ltd.,INE813G01023,504084,,Industrials,Switching Equipment,2026-09-01,Unrated,Unrated,Unrated,Unrated,4.0,Small Cap
Kay Cee Energy & Infra Ltd,INE0RCG01017,,KCEIL,Industrials,Energy & Power Projects,2026-09-01,Unrated,Unrated,Unrated,Unrated,1.0,Small Cap
Kaynes Technology India Ltd.,INE918Z01012,543664,KAYNES,Industrials,Electronic Components,2026-09-01,2.0,2.0,5.0,5.0,3.0,Small Cap
Kay Power and Paper Ltd.,INE961B01013,530255,LANABS,Materials,Paper & Paper Products,2026-09-01,Unrated,Unrated,Unrated,Unrated,5.0,Small Cap
Kaytex Fabrics Ltd,INE13ZD01013,,KAYTEX,Consumer Discretionary,Integrated Textiles,2026-09-01,5.0,6.0,9.0,6.0,3.0,Small Cap
KBS India Ltd.,INE883D01023,530357,,Financial,Brokerage Services,2026-09-01,Unrated,Unrated,Unrated,Unrated,3.0,Small Cap
KCD Industries India Ltd.,INE185U01035,540696,,Industrials,Construction & Engineering - Diversified,2026-09-01,Unrated,Unrated,Unrated,Unrated,1.0,Small Cap
Kck Industries Ltd.,INE0J1E01027,,KCK,Industrials,Agricultural Machinery,2026-09-01,Unrated,Unrated,Unrated,Unrated,2.0,Small Cap
KCL Infra Projects Ltd.,INE469F01026,531784,,Industrials,Construction & Engineering - Diversified,2026-09-01,Unrated,Unrated,Unrated,Unrated,3.0,Small Cap
KCP Ltd.,INE805C01028,590066,KCP,Materials,Cement,2026-09-01,3.0,5.0,6.0,5.0,4.0,Small Cap
K.C.P. Sugar And Industries Corporation Ltd.,INE790B01024,533192,KCPSUGIND,Consumer Staples,Sugar,2026-09-01,4.0,3.0,7.0,7.0,9.0,Small Cap
KDDL Ltd.,INE291D01011,532054,KDDL,Consumer Discretionary,Watches,2026-09-01,4.0,7.0,8.0,4.0,10.0,Small Cap
KEC International Ltd.,INE389H01022,532714,KEC,Diversified,Diversified Manufacturing,2026-09-01,1.0,1.0,4.0,6.0,1.0,Small Cap
Keerthi Industries Ltd.,INE145L01012,518011,,Materials,Cement,2026-09-01,Unrated,Unrated,Unrated,Unrated,2.0,Small Cap
Keerti Knowledge And Skills Ltd.,INE586X01012,,GTECJAINX,Consumer Staples,Education Services,2026-09-01,Unrated,Unrated,Unrated,Unrated,9.0,Small Cap
KEI Industries Ltd.,INE878B01027,517569,KEI,Industrials,Wires & Cables,2026-09-01,3.0,5.0,6.0,4.0,8.0,Mid Cap
Kellton Tech Solutions Ltd.,INE164B01030,519602,KELLTONTEC,Technology,Software,2026-09-01,2.0,1.0,5.0,6.0,1.0,Small Cap
Keltech Energies Ltd.,INE881E01017,506528,,Materials,Explosives,2026-09-01,3.0,5.0,8.0,2.0,10.0,Small Cap
Kemistar Corporation Ltd.,INE971L01029,531163,,Materials,Speciality Chemicals - Diversified,2026-09-01,Unrated,Unrated,Unrated,Unrated,2.0,Small Cap
Kemp & Company Ltd.,INE060E01018,506530,,Consumer Discretionary,Textiles & Leather Trading,2026-09-01,Unrated,Unrated,Unrated,Unrated,UNRATED,Small Cap
Ken Enterprises Ltd,INE15DO01012,,KEN,Consumer Discretionary,Integrated Textiles,2026-09-01,Unrated,Unrated,Unrated,Unrated,5.0,Small Cap
Kennametal India Ltd.,INE717A01029,505890,KENNAMET,Industrials,Machine Tools,2026-09-01,4.0,9.0,8.0,2.0,10.0,Small Cap
Kenrik Industries Ltd,INE0AOG01018,544398,,Consumer Discretionary,Gems & Jewellery,2026-09-01,3.0,1.0,10.0,6.0,UNRATED,Small Cap
Kenvi Jewels Ltd.,INE923Y01023,540953,,Consumer Discretionary,Gems & Jewellery,2026-09-01,Unrated,Unrated,Unrated,Unrated,2.0,Small Cap
Kerala Ayurveda Ltd.,INE817B01025,530163,,Healthcare,Alternative Medicine,2026-09-01,Unrated,Unrated,Unrated,Unrated,2.0,Small Cap
Kernex Microsystems (India) Ltd.,INE202H01019,532686,KERNEX,Technology,Technology Hardware - Diversified,2026-09-01,3.0,1.0,8.0,6.0,10.0,Small Cap
Kesar Enterprises Ltd.,INE133B01027,507180,KESARENT,Consumer Staples,Sugar,2026-09-01,Unrated,Unrated,Unrated,Unrated,8.0,Small Cap
Kesar India Ltd.,INE0L1C01019,543542,,Real Estate,Real Estate Development,2026-09-01,Unrated,Unrated,Unrated,Unrated,9.0,Small Cap
Kesar Petroproducts Ltd.,INE133C01033,524174,,Materials,Coloring Agents,2026-09-01,Unrated,Unrated,Unrated,Unrated,1.0,Small Cap
Kesar Terminals & Infrastructure Ltd.,INE096L01025,533289,KTIL,Industrials,Storage & Distribution,2026-09-01,Unrated,Unrated,Unrated,Unrated,3.0,Small Cap
Kesoram Industries Ltd.,INE087A01019,502937,KESORAMIND,Materials,Cement,2026-09-01,2.0,1.0,3.0,2.0,9.0,Small Cap
Kewal Kiran Clothing Ltd.,INE401H01017,532732,KKCL,Consumer Discretionary,Readymade Garment,2026-09-01,4.0,8.0,5.0,6.0,6.0,Small Cap
Key Corp Ltd.,INE130F01016,507948,,Financial,NBFC - Diversified,2026-09-01,Unrated,Unrated,Unrated,Unrated,4.0,Small Cap
Keynote Financial Services Ltd.,INE681C01015,512597,KEYFINSERV,Financial,Financial Services - Diversified,2026-09-01,Unrated,Unrated,Unrated,Unrated,5.0,Small Cap
Keystone Realtors Ltd,INE263M01029,543669,RUSTOMJEE,Real Estate,Real Estate Development,2026-09-01,1.0,1.0,5.0,5.0,1.0,Small Cap
KFin Technologies Ltd.,INE138Y01010,543720,KFINTECH,Financial,"Clearing, Settlement & Custodial Service",2026-09-01,4.0,10.0,7.0,5.0,3.0,Small Cap
KG Denim Ltd.,INE104A01012,500239,KGDENIM,Consumer Discretionary,Readymade Garment,2026-09-01,Unrated,Unrated,Unrated,Unrated,4.0,Small Cap
KG Petrochem Ltd.,INE902G01016,531609,,Consumer Discretionary,Miscellaneous Textiles,2026-09-01,Unrated,Unrated,Unrated,Unrated,UNRATED,Small Cap
Khadim India Ltd.,INE834I01025,540775,KHADIM,Consumer Discretionary,Footwear,2026-09-01,Unrated,Unrated,Unrated,Unrated,1.0,Small Cap
Khaitan Chemicals & Fertilizers Ltd.,INE745B01028,507794,KHAICHEM,Materials,Fertilisers,2026-09-01,2.0,3.0,6.0,4.0,3.0,Small Cap
Khaitan (India) Ltd.,INE731C01018,590068,KHAITANLTD,Consumer Discretionary,Household Appliances,2026-09-01,Unrated,Unrated,Unrated,Unrated,9.0,Small Cap
Khandelwal Extractions Ltd.,INE687W01010,519064,,Consumer Staples,Edible Oil,2026-09-01,Unrated,Unrated,Unrated,Unrated,UNRATED,Small Cap
Khandwala Securities Ltd.,INE060B01014,531892,KHANDSE,Financial,Investment Management - Diversified,2026-09-01,Unrated,Unrated,Unrated,Unrated,4.0,Small Cap
Khazanchi Jewellers Ltd,INE0OWC01011,543953,,Consumer Discretionary,Gems & Jewellery,2026-09-01,3.0,1.0,6.0,6.0,9.0,Small Cap
Khemani Distributors & Marketing Ltd.,INE030U01025,539788,,Consumer Discretionary,Wholesale Distributors,2026-08-24,Unrated,Unrated,Unrated,Unrated,UNRATED,Small Cap
KHFM Hospitality and Facility Management Services Ltd.,INE00UG01014,,KHFM,Diversified,Diversified Services,2026-09-01,Unrated,Unrated,Unrated,Unrated,3.0,Small Cap
Khoobsurat Ltd.,INE731G01027,535730,,Financial,Investment Services,2026-09-01,Unrated,Unrated,Unrated,Unrated,3.0,Small Cap
Khyati Global Ventures Ltd,INE0S9501014,544270,,Consumer Staples,Food Wholesale & Distributors,2026-08-31,Unrated,Unrated,Unrated,Unrated,UNRATED,Small Cap
Kiaasa Retail Ltd,INE1C3F01018,544711,,Consumer Discretionary,Apparel & Accessories Retail,2026-09-01,3.0,5.0,4.0,7.0,UNRATED,Small Cap
KIC Metaliks Ltd.,INE434C01027,513693,,Materials,Iron Ore,2026-09-01,Unrated,Unrated,Unrated,Unrated,6.0,Small Cap
Kiduja India Ltd.,INE845A01028,507946,,Financial,NBFC - Diversified,2026-09-01,Unrated,Unrated,Unrated,Unrated,5.0,Small Cap
KIFS Financial Services Ltd.,INE902D01013,535566,,Financial,Brokerage Services,2026-08-31,Unrated,Unrated,Unrated,Unrated,5.0,Small Cap
Kilburn Engineering Ltd.,INE338F01015,522101,KILBUNENGG,Industrials,Construction & Engineering - Diversified,2026-09-01,2.0,3.0,4.0,7.0,1.0,Small Cap
Kilitch Drugs (India) Ltd.,INE729D01010,524500,KILITCH,Healthcare,Branded Medicines,2026-09-01,2.0,4.0,4.0,5.0,2.0,Small Cap
Kimia Biosciences Ltd.,INE285U01025,530313,,Healthcare,Branded Medicines,2026-09-01,Unrated,Unrated,Unrated,Unrated,3.0,Small Cap
Kinetic Engineering Ltd.,INE266B01017,500240,KINETICENG,Consumer Discretionary,Auto Ancillaries,2026-09-01,1.0,1.0,4.0,2.0,4.0,Small Cap
Kinetic Trust Ltd.,INE674M01019,531274,,Financial,NBFC - Diversified,2026-09-01,Unrated,Unrated,Unrated,Unrated,9.0,Small Cap
Kingfa Science & Technology (India) Ltd.,INE473D01015,524019,KINGFA,Materials,Commodity Chemicals - Diversified,2026-09-01,3.0,3.0,8.0,5.0,9.0,Small Cap
Kings Infra Ventures Ltd.,INE050N01010,530215,,Consumer Staples,Aquaculture,2026-09-01,Unrated,Unrated,Unrated,Unrated,1.0,Small Cap
KIOCL Ltd.,INE880L01014,540680,KIOCL,Materials,Iron Ore,2026-09-01,2.0,3.0,7.0,2.0,5.0,Small Cap
Kiran Print-Pack Ltd.,INE516D01011,531413,,Industrials,Printing,2026-08-31,Unrated,Unrated,Unrated,Unrated,UNRATED,Small Cap
Kiran Syntex Ltd.,INE293D01017,530443,,Consumer Discretionary,Yarn,2026-09-01,Unrated,Unrated,Unrated,Unrated,UNRATED,Small Cap
Kiran Vyapar Ltd.,INE555P01013,537750,,Financial,Investment Holding Companies,2026-09-01,3.0,4.0,5.0,5.0,7.0,Small Cap
Kiri Industries Ltd.,INE415I01015,532967,KIRIINDUS,Materials,Coloring Agents,2026-09-01,2.0,1.0,4.0,7.0,6.0,Small Cap
Kirloskar Brothers Ltd.,INE732A01036,500241,KIRLOSBROS,Industrials,Pumps & Compressors,2026-09-01,3.0,7.0,6.0,4.0,6.0,Small Cap
Kirloskar Electric Company Ltd.,INE134B01017,533193,KECL,Industrials,Motors & Generators,2026-09-01,2.0,1.0,5.0,1.0,9.0,Small Cap
Kirloskar Ferrous Industries Ltd.,INE884B01025,500245,KIRLFER,Materials,Aluminium Products,2026-09-01,3.0,5.0,7.0,6.0,5.0,Small Cap
Kirloskar Industries Ltd.,INE250A01039,500243,KIRLOSIND,Materials,Stainless Steel,2026-09-01,3.0,3.0,7.0,6.0,8.0,Small Cap
Kirloskar Oil Engines Ltd.,INE146L01010,533293,KIRLOSENG,Industrials,Industrial Machinery,2026-09-01,2.0,3.0,8.0,1.0,9.0,Small Cap
Kirloskar Pneumatic Company Ltd.,INE811A01038,505283,KIRLPNU,Industrials,Pumps & Compressors,2026-09-01,3.0,7.0,3.0,4.0,4.0,Small Cap
Kisan Mouldings Ltd.,INE017C01012,530145,,Industrials,Plastic Tubes & Pipes,2026-09-01,1.0,1.0,5.0,2.0,4.0,Small Cap
Kitex Garments Ltd.,INE602G01020,521248,KITEX,Consumer Discretionary,Readymade Garment,2026-09-01,1.0,1.0,5.0,2.0,2.0,Small Cap
Kizi Apparels Ltd,INE0RMR01013,544221,,Consumer Discretionary,Readymade Garment,2026-09-01,Unrated,Unrated,Unrated,Unrated,UNRATED,Small Cap
KJMC Corporate Advisors (India) Ltd.,INE602C01011,532304,,Financial,Investment Banking,2026-09-01,Unrated,Unrated,Unrated,Unrated,7.0,Small Cap
KJMC Financial Services Ltd.,INE533C01018,530235,KJMCFIN,Financial,NBFC - Diversified,2026-09-01,Unrated,Unrated,Unrated,Unrated,8.0,Small Cap
Kkalpana lndustries (India) Ltd.,INE301C01028,526409,,Materials,Plastic Materials,2026-09-01,Unrated,Unrated,Unrated,Unrated,3.0,Small Cap
Kkalpana Plastick Ltd.,INE465K01016,523652,,Materials,Plastic Materials,2026-08-31,Unrated,Unrated,Unrated,Unrated,UNRATED,Small Cap
KKRRAFTON Developers Ltd.,INE893C01032,521238,,Industrials,Construction & Engineering - Diversified,2026-09-01,1.0,1.0,5.0,3.0,5.0,Small Cap
KK Shah Hospitals Ltd,INE0OH401016,544013,,Healthcare,Hospitals & Clinics,2026-09-01,Unrated,Unrated,Unrated,Unrated,UNRATED,Small Cap
K K Silk Mills Ltd,INE0EOJ01014,544624,,Consumer Discretionary,Synthetic Fabrics,2026-08-31,3.0,3.0,8.0,6.0,1.0,Small Cap
KKV Agro Powers Ltd.,INE239T01016,,KKVAPOW,Energy & Utilities,Renewable Electricity Generation,2026-09-01,Unrated,Unrated,Unrated,Unrated,UNRATED,Small Cap
K-Lifestyle Industries Ltd.,INE218A01028,514221,SHREEKRPOL,Consumer Discretionary,Synthetic Fabrics,2026-08-31,Unrated,Unrated,Unrated,Unrated,UNRATED,Small Cap
KMC Speciality Hospitals (India) Ltd.,INE879K01018,524520,,Healthcare,Hospitals & Clinics,2026-09-01,5.0,9.0,8.0,4.0,10.0,Small Cap
KMF Builders & Developers Ltd.,INE580H01026,531578,,Real Estate,Real Estate Development,2026-09-01,Unrated,Unrated,Unrated,Unrated,UNRATED,Small Cap
K.M. Sugar Mills Ltd.,INE157H01023,532673,KMSUGAR,Consumer Staples,Sugar,2026-09-01,Unrated,Unrated,Unrated,Unrated,9.0,Small Cap
Knack Packaging Ltd,INE17QZ01016,544814,KNACK,Materials,Plastic Packaging,2026-09-01,5.0,8.0,8.0,6.0,UNRATED,Small Cap
KN Agri Resources Ltd.,INE0KNW01016,,KNAGRI,Consumer Staples,Food Processing - Diversified,2026-09-01,Unrated,Unrated,Unrated,Unrated,8.0,Small Cap
Knowledge Marine & Engineering Works Ltd.,INE0CJD01029,543273,KMEW,Industrials,Shipbuilding & Maintenance,2026-09-01,5.0,8.0,9.0,5.0,9.0,Small Cap
KNR Constructions Ltd.,INE634I01029,532942,KNRCON,Industrials,Construction & Engineering - Diversified,2026-09-01,2.0,3.0,4.0,7.0,3.0,Small Cap
Kobo Biotech Ltd.,INE881A01015,531541,,Healthcare,API / Generic Pharmaceuticals,2026-09-01,Unrated,Unrated,Unrated,Unrated,10.0,Small Cap
Kody Technolab Ltd,INE0Q7P01013,,KODYTECH,Technology,IT Services & Consulting,2026-09-01,Unrated,Unrated,Unrated,Unrated,10.0,Small Cap
Kohinoor Foods Ltd.,INE080B01012,512559,KOHINOOR,Consumer Staples,Crop Farming,2026-09-01,Unrated,Unrated,Unrated,Unrated,8.0,Small Cap
Kokuyo Camlin Ltd.,INE760A01029,523207,KOKUYOCMLN,Industrials,Stationery & Office Supplies,2026-09-01,2.0,1.0,6.0,5.0,3.0,Small Cap
Kolte-Patil Developers Ltd.,INE094I01018,532924,KOLTEPATIL,Real Estate,Real Estate Development,2026-09-01,2.0,2.0,5.0,3.0,9.0,Small Cap
Konark Synthetic Ltd.,INE517D01019,514128,,Consumer Discretionary,Synthetic Fabrics,2026-08-31,Unrated,Unrated,Unrated,Unrated,UNRATED,Small Cap
Konndor Industries Ltd.,INE971A01014,532397,,Materials,Basic Materials Trading,2026-09-01,Unrated,Unrated,Unrated,Unrated,5.0,Small Cap
Konstelec Engineers Ltd,INE0QEI01011,,KONSTELEC,Industrials,Industrial Construction,2026-09-01,Unrated,Unrated,Unrated,Unrated,8.0,Small Cap
Kontor Space Ltd,INE0KZ301010,,KONTOR,Industrials,Other Business Services,2026-09-01,Unrated,Unrated,Unrated,Unrated,4.0,Small Cap
Kopran Ltd.,INE082A01010,524280,KOPRAN,Healthcare,Pharmaceuticals - Diversified,2026-09-01,3.0,3.0,6.0,3.0,9.0,Small Cap
Kore Digital Ltd,INE0O4R01018,,KDL,Technology,Telecom Services - Diversified,2026-09-01,Unrated,Unrated,Unrated,Unrated,2.0,Small Cap
Kore Foods Ltd.,INE601A01017,500458,PHILCORP,Consumer Staples,Food Processing - Diversified,2026-09-01,Unrated,Unrated,Unrated,Unrated,6.0,Small Cap
Kotak Mahindra Bank Ltd.,INE237A01036,500247,KOTAKBANK,Financial,Banks - Diversified,2026-09-01,4.0,9.0,5.0,6.0,3.0,Large Cap
Kothari Fermentation & Biochem Ltd.,INE991B01010,507474,,Consumer Staples,Specialised Foods Products,2026-09-01,Unrated,Unrated,Unrated,Unrated,6.0,Small Cap
Kothari Industrial Corporation Ltd.,INE972A01020,509732,KOTHARINDL,Diversified,Diversified Others,2026-09-01,1.0,1.0,4.0,1.0,1.0,Small Cap
Kothari Petrochemicals Ltd.,INE720A01015,532096,KOTHARIPET,Materials,Diversified Chemicals,2026-09-01,5.0,9.0,7.0,7.0,7.0,Small Cap
Kothari Products Ltd.,INE823A01017,530299,KOTHARIPRO,Diversified,Diversified Trading,2026-09-01,2.0,1.0,4.0,4.0,6.0,Small Cap
Kothari Sugars And Chemicals Ltd.,INE419A01022,507190,KOTARISUG,Consumer Staples,Sugar,2026-09-01,Unrated,Unrated,Unrated,Unrated,8.0,Small Cap
Kotia Enterprises Ltd.,INE079C01012,539599,,Industrials,Pumps & Compressors,2026-09-01,Unrated,Unrated,Unrated,Unrated,UNRATED,Small Cap
Kotyark Industries Ltd.,INE0J0B01017,544726,KOTYARK,Energy & Utilities,Oil & Gas Exploration and Production,2026-09-01,Unrated,Unrated,Unrated,Unrated,3.0,Small Cap
Koura Fine Diamond Jewelry Ltd,INE0M8R01011,544139,,Consumer Discretionary,Gems & Jewellery,2026-09-01,Unrated,Unrated,Unrated,Unrated,8.0,Small Cap
Kovai Medical Center & Hospital Ltd.,INE177F01017,523323,KOVAI,Healthcare,Hospitals & Clinics,2026-09-01,5.0,9.0,7.0,5.0,8.0,Small Cap
Kovilpatti Lakshmi Roller Flour Mills Ltd.,INE014E01015,507598,KLRF,Consumer Staples,Flour Milling,2026-09-01,Unrated,Unrated,Unrated,Unrated,3.0,Small Cap
KP Energy Ltd.,INE127T01021,539686,KPEL,Industrials,Construction & Engineering - Diversified,2026-09-01,4.0,7.0,8.0,7.0,2.0,Small Cap
KP Green Engineering Ltd,INE0QVH01025,544150,,Industrials,Communications Network Construction,2026-09-01,Unrated,Unrated,Unrated,Unrated,1.0,Small Cap
KPI Green Energy Ltd.,INE542W01025,542323,KPIGREEN,Energy & Utilities,Renewable Electricity Generation,2026-09-01,3.0,5.0,7.0,7.0,2.0,Small Cap
KPIT Technologies Ltd.,INE04I401011,542651,KPITTECH,Technology,Software,2026-09-01,4.0,9.0,6.0,7.0,1.0,Small Cap
K.P.R. Mill Ltd.,INE930H01031,532889,KPRMILL,Consumer Discretionary,Integrated Textiles,2026-09-01,3.0,7.0,6.0,4.0,7.0,Small Cap
KPT Industries Ltd.,INE731D01024,505299,,Industrials,Machine Tools,2026-09-01,Unrated,Unrated,Unrated,Unrated,3.0,Small Cap
Kranti Industries Ltd.,INE911T01010,542459,,Consumer Discretionary,Auto Ancillaries,2026-09-01,Unrated,Unrated,Unrated,Unrated,2.0,Small Cap
Kratikal Tech Ltd.,INE1L0M01019,544811,,Technology,Software,2026-09-01,5.0,10.0,8.0,7.0,UNRATED,Small Cap
KRBL Ltd.,INE001B01026,530813,KRBL,Consumer Staples,Food Processing - Diversified,2026-09-01,3.0,1.0,7.0,6.0,7.0,Small Cap
Krebs Biochemicals & Industries Ltd.,INE268B01013,524518,KREBSBIO,Healthcare,API / Generic Pharmaceuticals,2026-09-01,Unrated,Unrated,Unrated,Unrated,4.0,Small Cap
Kreon Finnancial Services Ltd.,INE302C01018,530139,,Financial,Miscellaneous Financial Services,2026-09-01,Unrated,Unrated,Unrated,Unrated,10.0,Small Cap
Kretto Syscon Ltd.,INE128R01023,531328,,Industrials,Construction & Engineering - Diversified,2026-09-01,Unrated,Unrated,Unrated,Unrated,1.0,Small Cap
Kridhan Infra Ltd.,INE524L01026,533482,KRIDHANINF,Materials,Aluminium Products,2026-09-01,Unrated,Unrated,Unrated,Unrated,1.0,Small Cap
Krishana Phoschem Ltd.,INE506W01020,,KRISHANA,Materials,Diversified Chemicals,2026-09-01,1.0,3.0,4.0,2.0,3.0,Small Cap
Krishanveer Forge Ltd.,INE013J01016,513369,,Materials,Castings & Forgings,2026-09-01,Unrated,Unrated,Unrated,Unrated,7.0,Small Cap
Krishca Strapping Solutions Ltd,INE0NR701018,,KRISHCA,Materials,Iron & Steel,2026-09-01,Unrated,Unrated,Unrated,Unrated,4.0,Small Cap
Krishna Capital And Securities Ltd.,INE897B01019,539384,,Financial,NBFC - Diversified,2026-09-01,Unrated,Unrated,Unrated,Unrated,UNRATED,Small Cap
Krishna Defence and Allied Industries Ltd.,INE0J5601015,,KRISHNADEF,Industrials,Industrial Machinery,2026-09-01,Unrated,Unrated,Unrated,Unrated,8.0,Small Cap
Shri Krishna Devcon Ltd.,INE997I01012,531080,,Real Estate,Real Estate Development,2026-09-01,Unrated,Unrated,Unrated,Unrated,7.0,Small Cap
Krishna Institute of Medical Sciences Ltd,INE967H01025,543308,KIMS,Healthcare,Medical Diagnostics Services,2026-09-01,2.0,5.0,6.0,2.0,6.0,Small Cap
Krishna Ventures Ltd.,INE537L01010,504392,,Real Estate,Real Estate Services,2026-09-01,Unrated,Unrated,Unrated,Unrated,10.0,Small Cap
Kriti Industries (India) Ltd.,INE479D01038,526423,KRITI,Industrials,Plastic Tubes & Pipes,2026-09-01,1.0,2.0,4.0,3.0,2.0,Small Cap
Kritika Wires Ltd.,INE00Z501029,,KRITIKA,Materials,Steel Wires,2026-09-01,Unrated,Unrated,Unrated,Unrated,3.0,Small Cap
Kriti Nutrients Ltd.,INE798K01010,533210,KRITINUT,Consumer Staples,Edible Oil,2026-09-01,5.0,8.0,7.0,8.0,7.0,Small Cap
KRM Ayurveda Ltd,INE1MTV01019,,KRMAYURVED,Healthcare,Hospitals & Clinics,2026-09-01,5.0,9.0,6.0,7.0,10.0,Small Cap
KRN Heat Exchanger And Refrigeration Ltd,INE0Q3J01015,544263,KRN,Industrials,Heating & Cooling Systems,2026-09-01,4.0,4.0,9.0,5.0,10.0,Small Cap
Kronox Lab Sciences Ltd,INE0ATZ01017,544187,KRONOX,Materials,Speciality Chemicals - Diversified,2026-09-01,5.0,10.0,6.0,5.0,9.0,Small Cap
Kross Ltd,INE0O6601022,544253,KROSS,Consumer Discretionary,Auto Ancillaries,2026-09-01,3.0,2.0,7.0,7.0,7.0,Small Cap
K&R Rail Engineering Ltd.,INE078T01026,514360,,Industrials,Railway Construction,2026-09-01,Unrated,Unrated,Unrated,Unrated,2.0,Small Cap
Krsnaa Diagnostics Ltd.,INE08LI01020,543328,KRSNAA,Healthcare,Medical Diagnostics Services,2026-09-01,3.0,4.0,6.0,7.0,1.0,Small Cap
Krupalu Metals Ltd,INE0XZB01017,544509,,Industrials,Electronic Components,2026-09-01,3.0,4.0,7.0,6.0,UNRATED,Small Cap
Krypton Industries Ltd.,INE951B01014,523550,,Consumer Discretionary,Tyres & Tubes,2026-09-01,Unrated,Unrated,Unrated,Unrated,5.0,Small Cap
Krystal Integrated Services Ltd,INE0QN801017,544149,KRYSTAL,Industrials,Business Services - Diversified,2026-09-01,2.0,1.0,2.0,7.0,7.0,Small Cap
KSB Ltd.,INE999A01023,500249,KSB,Industrials,Pumps & Compressors,2026-09-01,2.0,4.0,4.0,4.0,6.0,Small Cap
KSE Ltd.,INE953E01022,519421,KSE,Consumer Staples,Pet & Animal Feed,2026-09-01,3.0,8.0,3.0,8.0,2.0,Small Cap
KSH International Ltd,INE987S01020,544664,KSHINTL,Industrials,Wires & Cables,2026-09-01,3.0,3.0,6.0,3.0,10.0,Small Cap
Kshitij Polyline Ltd.,INE013801027,,KSHITIJPOL,Industrials,Stationery & Office Supplies,2026-09-01,Unrated,Unrated,Unrated,Unrated,7.0,Small Cap
KSolves India Ltd.,INE0D6I01023,543599,KSOLVES,Technology,Software,2026-09-01,4.0,8.0,7.0,7.0,4.0,Small Cap
KSR Footwear Ltd.,INE1SPP01016,544615,KSR,Consumer Discretionary,Footwear,2026-09-01,Unrated,Unrated,Unrated,Unrated,1.0,Small Cap
Kuantum Papers Ltd.,INE529I01021,532937,KUANTUM,Materials,Paper & Paper Products,2026-09-01,3.0,4.0,6.0,8.0,2.0,Small Cap
Kuberan Global Edu Solutions Ltd.,INE04CO01018,543289,,Consumer Staples,Education Services,2026-08-17,Unrated,Unrated,Unrated,Unrated,UNRATED,Small Cap
Kuber Udyog Ltd.,INE594R01018,539408,,Financial,NBFC - Diversified,2026-09-01,Unrated,Unrated,Unrated,Unrated,10.0,Small Cap
Kumbhat Financial Services Ltd.,INE795E01019,526869,,Financial,NBFC - Diversified,2026-09-01,Unrated,Unrated,Unrated,Unrated,5.0,Small Cap
Kundan Edifice Ltd,INE0OWX01025,,KEL,Industrials,Electronic Components,2026-09-01,Unrated,Unrated,Unrated,Unrated,5.0,Small Cap
Kunststoffe Industries Ltd.,INE638D01021,523594,,Industrials,Plastic Tubes & Pipes,2026-09-01,Unrated,Unrated,Unrated,Unrated,5.0,Small Cap
Kush Industries Ltd.,INE979D01011,514240,SUZLONFIBR,Consumer Discretionary,Miscellaneous Textiles,2026-09-01,Unrated,Unrated,Unrated,Unrated,5.0,Small Cap
Kusumgar Ltd,INE0ISX01025,544821,KUSUMGAR,Consumer Discretionary,Industrial Clothing & Uniforms,2026-09-01,3.0,8.0,8.0,1.0,UNRATED,Small Cap
Kuwer Industries Ltd.,INE430F01010,530421,,Materials,Plastic Materials,2026-09-01,Unrated,Unrated,Unrated,Unrated,7.0,Small Cap
KVS Castings Ltd,INE163701019,544554,,Materials,Castings & Forgings,2026-09-01,5.0,9.0,9.0,6.0,10.0,Small Cap
K. V. Toys India Ltd,INE1IE301018,544641,,Consumer Discretionary,Toys & Games,2026-09-01,Unrated,Unrated,Unrated,Unrated,UNRATED,Small Cap
Kwality Pharmaceuticals Ltd.,INE552U01010,539997,,Healthcare,Branded Medicines,2026-09-01,3.0,3.0,7.0,3.0,10.0,Small Cap
Kwality Wall's (India) Ltd.,INE2KCE01013,544622,KWIL,Consumer Staples,Frozen Food,2026-09-01,Unrated,Unrated,Unrated,Unrated,10.0,Small Cap
KZ Leasing & Finance Ltd.,INE006C01015,511728,,Financial,Other Financial Institutions,2026-09-01,Unrated,Unrated,Unrated,Unrated,UNRATED,Small Cap
Labelkraft Technologies Ltd.,INE0NLJ01011,543830,,Technology,Technology Equipment & Parts,2026-08-31,Unrated,Unrated,Unrated,Unrated,UNRATED,Small Cap
Lactose (India) Ltd.,INE058I01013,524202,,Healthcare,Pharmaceuticals - Diversified,2026-09-01,Unrated,Unrated,Unrated,Unrated,7.0,Small Cap
Ladam Affordable Housing Ltd.,INE213U01019,540026,,Real Estate,Real Estate Development,2026-09-01,Unrated,Unrated,Unrated,Unrated,6.0,Small Cap
Ladderup Finance Ltd.,INE519D01015,530577,,Financial,Investment Management - Diversified,2026-09-01,Unrated,Unrated,Unrated,Unrated,6.0,Small Cap
Laddu Gopal Online Services Ltd.,INE546I01025,537707,,Real Estate,Real Estate Lease & Renting,2026-09-01,Unrated,Unrated,Unrated,Unrated,1.0,Small Cap
Laffans Petrochemicals Ltd.,INE919B01011,524522,,Materials,Commodity Chemicals Trading,2026-09-01,Unrated,Unrated,Unrated,Unrated,4.0,Small Cap
Lagnam Spintex Ltd.,INE548Z01017,,LAGNAM,Consumer Discretionary,Yarn,2026-09-01,Unrated,Unrated,Unrated,Unrated,6.0,Small Cap
Lahoti Overseas Ltd.,INE515C01023,531842,,Consumer Discretionary,Yarn,2026-09-01,Unrated,Unrated,Unrated,Unrated,5.0,Small Cap
Lake Shore Realty Ltd.,INE734D01010,519612,,Consumer Staples,Dairy Products,2026-09-01,Unrated,Unrated,Unrated,Unrated,5.0,Small Cap
Lakhotia Polyesters (India) Ltd.,INE191O01010,535387,,Consumer Discretionary,Miscellaneous Textiles,2026-09-01,Unrated,Unrated,Unrated,Unrated,7.0,Small Cap
Lakshmi Automatic Loom Works Ltd.,INE718M01022,505302,,Industrials,Textile Machinery,2026-09-01,Unrated,Unrated,Unrated,Unrated,7.0,Small Cap
Lakshmi Electrical Control Systems Ltd.,INE284C01018,504258,LAKSELECON,Industrials,Electronic Components,2026-09-01,Unrated,Unrated,Unrated,Unrated,7.0,Small Cap
Lakshmi Finance & Industrial Corporation Ltd.,INE850E01012,,LFIC,Financial,NBFC - Diversified,2026-09-01,Unrated,Unrated,Unrated,Unrated,5.0,Small Cap
Lakshmi Machine Works Ltd.,INE269B01029,500252,LMW,Industrials,Textile Machinery,2026-09-01,3.0,6.0,8.0,3.0,8.0,Small Cap
Lakshmi Mills Company Ltd.,INE938C01019,502958,LAKSHMIMIL,Consumer Discretionary,Yarn,2026-09-01,2.0,2.0,7.0,2.0,7.0,Small Cap
Lakshmi Precision Screws Ltd.,INE651C01018,506079,LAKPRE,Industrials,Fasteners,2026-09-01,Unrated,Unrated,Unrated,Unrated,UNRATED,Small Cap
Sri Lakshmi Saraswathi Textiles (Arni) Ltd.,INE456D01010,521161,,Consumer Discretionary,Yarn,2026-09-01,Unrated,Unrated,Unrated,Unrated,UNRATED,Small Cap
Lakshya Powertech Ltd,INE0VZS01015,,LAKSHYA,Energy & Utilities,Oil & Gas Services,2026-09-01,Unrated,Unrated,Unrated,Unrated,2.0,Small Cap
Lalithaa Jewellery Mart Ltd,INE0K9O01026,544879,LALITHAA,Consumer Discretionary,Gems & Jewellery,2026-09-01,5.0,9.0,6.0,8.0,UNRATED,
Lambodhara Textiles Ltd.,INE112F01022,590075,LAMBODHARA,Consumer Discretionary,Yarn,2026-09-01,Unrated,Unrated,Unrated,Unrated,7.0,Small Cap
Lamosaic India Ltd,INE0R0201012,,LAMOSAIC,Materials,Wood & Wood Products,2026-09-01,Unrated,Unrated,Unrated,Unrated,10.0,Small Cap
Lancer Containers Lines Ltd.,INE359U01028,539841,LANCER,Industrials,Multimodal Logistics,2026-09-01,3.0,4.0,6.0,6.0,6.0,Small Cap
Lancor Holdings Ltd.,INE572G01025,509048,LANCORHOL,Real Estate,Real Estate Development,2026-09-01,Unrated,Unrated,Unrated,Unrated,8.0,Small Cap
Landmarc Leisure Corporation Ltd.,INE394C01023,532275,,Consumer Discretionary,Fitness & Wellness,2026-09-01,Unrated,Unrated,Unrated,Unrated,5.0,Small Cap
Landmark Cars Ltd.,INE559R01029,543714,LANDMARK,Consumer Discretionary,Automobile Dealerships,2026-09-01,3.0,1.0,7.0,5.0,8.0,Small Cap
Landmark Global Learning Ltd.,INE12QA01010,544341,,Industrials,Business Consultancy,2026-09-01,Unrated,Unrated,Unrated,Unrated,1.0,Small Cap
Landmark Property Development Company Ltd.,INE197J01017,533012,LPDC,Real Estate,Real Estate Development,2026-09-01,Unrated,Unrated,Unrated,Unrated,7.0,Small Cap
La Opala RG Ltd.,INE059D01020,526947,LAOPALA,Consumer Discretionary,Kitchenware & Appliances,2026-09-01,4.0,10.0,6.0,7.0,2.0,Small Cap
LAPL Automotive Ltd,INE0X9I01023,544863,,Consumer Discretionary,Auto Ancillaries,2026-09-01,4.0,7.0,7.0,6.0,UNRATED,
Larsen & Toubro Ltd.,INE018A01030,500510,LT,Industrials,Construction & Engineering - Diversified,2026-09-01,2.0,3.0,7.0,4.0,5.0,Large Cap
Lasa Supergenerics Ltd.,INE670X01014,540702,LASA,Healthcare,API / Generic Pharmaceuticals,2026-09-01,Unrated,Unrated,Unrated,Unrated,4.0,Small Cap
Laser Power & Infra Ltd,INE17IR01028,544822,LASERPOWER,Industrials,Energy & Power Projects,2026-09-01,3.0,3.0,6.0,6.0,UNRATED,Small Cap
Last Mile Enterprises Ltd.,INE404B01022,526961,,Real Estate,Real Estate Lease & Renting,2026-09-01,2.0,1.0,6.0,7.0,3.0,Small Cap
Latent View Analytics Ltd.,INE0I7C01011,543398,LATENTVIEW,Technology,Software & Services - Diversified,2026-09-01,3.0,9.0,7.0,6.0,2.0,Small Cap
LA TIM Metal & Industries Ltd.,INE501N01020,505693,,Materials,Iron & Steel,2026-09-01,Unrated,Unrated,Unrated,Unrated,7.0,Small Cap
Latteys Industries Ltd.,INE262Z01023,,LATTEYS,Industrials,Pumps & Compressors,2026-09-01,Unrated,Unrated,Unrated,Unrated,7.0,Small Cap
Laurus Labs Ltd.,INE947Q01028,540222,LAURUSLABS,Healthcare,Pharmaceuticals - Diversified,2026-09-01,3.0,6.0,7.0,2.0,10.0,Mid Cap
Laxmi Cotspin Ltd.,INE801V01019,,LAXMICOT,Consumer Discretionary,Yarn,2026-09-01,Unrated,Unrated,Unrated,Unrated,2.0,Small Cap
Laxmi Dental Ltd,INE0WO601020,544339,LAXMIDENTL,Healthcare,Medical Supplies,2026-09-01,3.0,6.0,4.0,4.0,4.0,Small Cap
Laxmi Goldorna House Ltd.,INE258Y01016,,LGHL,Consumer Discretionary,Gems & Jewellery,2026-09-01,1.0,1.0,4.0,2.0,1.0,Small Cap
Laxmi India Finance Ltd,INE06WU01026,544465,LAXMIINDIA,Financial,NBFC - Diversified,2026-09-01,5.0,7.0,7.0,7.0,8.0,Small Cap
Laxmi Organic Industries Ltd.,INE576O01020,543277,LXCHEM,Materials,Speciality Chemicals - Diversified,2026-09-01,3.0,3.0,7.0,4.0,8.0,Small Cap
Laxmipati Engineering Works Ltd.,INE920P01019,537669,,Industrials,Shipbuilding & Maintenance,2026-09-01,Unrated,Unrated,Unrated,Unrated,UNRATED,Small Cap
LCC Infotech Ltd.,INE938A01021,532019,LCCINFOTEC,Consumer Staples,Education Services,2026-09-01,Unrated,Unrated,Unrated,Unrated,3.0,Small Cap
Lead Financial Services Ltd.,INE531D01010,531288,,Financial,NBFC - Diversified,2026-09-01,Unrated,Unrated,Unrated,Unrated,UNRATED,Small Cap
Leading Leasing Finance And Investment Co Ltd.,INE715Q01029,540360,,Financial,NBFC - Diversified,2026-09-01,Unrated,Unrated,Unrated,Unrated,1.0,Small Cap
Lead Reclaim And Rubber Products Ltd.,INE0H4B01011,,LRRPL,Materials,Rubber & Rubber Products,2026-09-01,Unrated,Unrated,Unrated,Unrated,9.0,Small Cap
Leapfrog Engineering Services Ltd,INE0X6O01027,544797,,Industrials,Electrical Machinery,2026-09-01,4.0,6.0,5.0,6.0,UNRATED,Small Cap
LEAP India Ltd,INE00GO01025,544865,LEAP,Industrials,Warehousing,2026-09-01,3.0,4.0,8.0,4.0,UNRATED,
Leela Palaces Hotels & Resorts Ltd.,INE0AQ201015,544408,THELEELA,Consumer Discretionary,Hotels & Resorts,2026-09-01,4.0,6.0,8.0,4.0,8.0,Small Cap
Leena Consultancy Ltd.,INE778N01016,509046,,Industrials,Business Consultancy,2026-09-01,Unrated,Unrated,Unrated,Unrated,5.0,Small Cap
Lee & Nee Softwares (Exports) Ltd.,INE791B01014,517415,,Technology,Software & Services - Diversified,2026-09-01,Unrated,Unrated,Unrated,Unrated,6.0,Small Cap
Lehar Footwears Ltd.,INE976H01018,532829,,Consumer Discretionary,Footwear,2026-09-01,3.0,4.0,7.0,5.0,3.0,Small Cap
Le Lavoir Ltd.,INE204S01012,539814,,Energy & Utilities,Energy Equipment & Services Diversified,2026-09-01,Unrated,Unrated,Unrated,Unrated,1.0,Small Cap
Le Merite Exports Ltd.,INE0G1L01025,,LEMERITE,Consumer Discretionary,Integrated Textiles,2026-09-01,Unrated,Unrated,Unrated,Unrated,2.0,Small Cap
Lemon Tree Hotels Ltd.,INE970X01018,541233,LEMONTREE,Consumer Discretionary,Hotels & Resorts,2026-09-01,3.0,8.0,8.0,5.0,2.0,Small Cap
Lenskart Solutions Ltd,INE956O01016,544600,LENSKART,Consumer Discretionary,Eyewear,2026-09-01,4.0,7.0,7.0,3.0,10.0,Mid Cap
Leo Dryfruits & Spices Trading Ltd,INE0RH001011,544329,,Consumer Staples,Other Agriculture Products,2026-09-01,Unrated,Unrated,Unrated,Unrated,6.0,Small Cap
Lerthai Finance Ltd.,INE347D01011,502250,,Financial,Asset Management Companies,2026-09-01,Unrated,Unrated,Unrated,Unrated,1.0,Small Cap
Lesha Industries Ltd.,INE050L01048,533602,,Materials,Iron & Steel,2026-09-01,Unrated,Unrated,Unrated,Unrated,3.0,Small Cap
Le Travenues Technology Ltd,INE0HV901016,544192,IXIGO,Consumer Discretionary,Travel & Tourism,2026-09-01,2.0,6.0,7.0,2.0,4.0,Small Cap
LEX Nimble Solutions Ltd.,INE860Y01019,541196,,Technology,IT Services & Consulting,2026-08-04,Unrated,Unrated,Unrated,Unrated,UNRATED,Small Cap
Lexus Granito (India) Ltd.,INE500X01013,,LEXUS,Industrials,Ceramic Tiles and Sanitaryware,2026-09-01,Unrated,Unrated,Unrated,Unrated,1.0,Small Cap
LG Balakrishnan & Bros Ltd.,INE337A01034,500250,LGBBROSLTD,Industrials,Other Machinery,2026-09-01,5.0,9.0,7.0,6.0,6.0,Small Cap
LGB Forge Ltd.,INE201J01017,533007,LGBFORGE,Materials,Castings & Forgings,2026-09-01,Unrated,Unrated,Unrated,Unrated,3.0,Small Cap
LG Electronics India Ltd.,INE324D01010,544576,LGEINDIA,Consumer Discretionary,Household Appliances,2026-09-01,4.0,9.0,6.0,3.0,7.0,Mid Cap
LGT Business Connextions Ltd,INE191201016,544489,,Consumer Discretionary,Travel & Tourism,2026-09-01,5.0,9.0,9.0,7.0,2.0,Small Cap
Libas Consumer Products Ltd.,INE908V01012,,LIBAS,Consumer Discretionary,Apparels & Footwear - Diversified,2026-09-01,Unrated,Unrated,Unrated,Unrated,4.0,Small Cap
Liberty Shoes Ltd.,INE557B01019,526596,LIBERTSHOE,Consumer Discretionary,Footwear,2026-09-01,2.0,1.0,5.0,5.0,4.0,Small Cap
Libord Finance Ltd.,INE212B01011,511593,,Financial,NBFC - Diversified,2026-08-31,Unrated,Unrated,Unrated,Unrated,6.0,Small Cap
Libord Securities Ltd.,INE267E01019,531027,,Financial,Miscellaneous Financial Services,2026-08-28,Unrated,Unrated,Unrated,Unrated,UNRATED,Small Cap
LIC Housing Finance Ltd.,INE115A01026,500253,LICHSGFIN,Financial,Mortgage/Housing Finance,2026-09-01,5.0,9.0,6.0,8.0,3.0,Small Cap
Life Insurance Corporation of India,INE0J1Y01017,543526,LICI,Financial,Life Insurance,2026-09-01,Unrated,Unrated,Unrated,Unrated,1.0,Large Cap
Likhami Consulting Ltd.,INE920T01011,539927,,Industrials,Business Consultancy,2026-09-01,Unrated,Unrated,Unrated,Unrated,UNRATED,Small Cap
Likhitha Infrastructure Ltd.,INE060901027,543240,LIKHITHA,Energy & Utilities,Oil & Gas Transportation,2026-09-01,3.0,2.0,4.0,6.0,8.0,Small Cap
Lime Chemicals Ltd.,INE891G01011,507759,,Materials,Commodity Chemicals - Diversified,2026-09-01,Unrated,Unrated,Unrated,Unrated,7.0,Small Cap
Linc Ltd.,INE802B01027,531241,LINC,Industrials,Stationery & Office Supplies,2026-09-01,4.0,9.0,5.0,7.0,3.0,Small Cap
Lincoln Pharmaceuticals Ltd.,INE405C01035,531633,LINCOLN,Healthcare,Branded Medicines,2026-09-01,5.0,9.0,7.0,6.0,7.0,Small Cap
Linde India Ltd.,INE473A01011,523457,LINDEINDIA,Materials,Industrial Gases,2026-09-01,3.0,9.0,4.0,3.0,5.0,Mid Cap
Link Pharma Chem Ltd.,INE302F01011,524748,,Materials,Commodity Chemicals - Diversified,2026-09-01,Unrated,Unrated,Unrated,Unrated,5.0,Small Cap
Liotech Industries Ltd,INE0TKX01011,544796,,Materials,Stainless Steel,2026-09-01,5.0,9.0,9.0,6.0,UNRATED,Small Cap
Lippi Systems Ltd.,INE845B01018,526604,,Industrials,Industrial Machinery,2026-09-01,Unrated,Unrated,Unrated,Unrated,10.0,Small Cap
L.K.Mehta Polymers Ltd,INE0FFF01017,544366,,Consumer Discretionary,Integrated Textiles,2026-08-06,Unrated,Unrated,Unrated,Unrated,UNRATED,Small Cap
LKP Finance Ltd.,INE724A01017,507912,LKPMERFIN,Financial,Investment Management - Diversified,2026-09-01,1.0,2.0,3.0,3.0,3.0,Small Cap
LKP Securities Ltd.,INE341H01023,540192,,Financial,Brokerage Services,2026-09-01,Unrated,Unrated,Unrated,Unrated,6.0,Small Cap
Lloyds Steels Industries Ltd.,INE093R01011,539992,LLOYDSENGG,Industrials,Industrial Machinery,2026-09-01,3.0,3.0,6.0,5.0,10.0,Small Cap
Shree Global Tradefin Ltd.,INE080I01025,512463,LLOYDSENT,Materials,Metal Trading,2026-09-01,3.0,3.0,6.0,5.0,8.0,Small Cap
Lloyds Luxuries Ltd.,INE0DTQ01028,,LLOYDS,Consumer Staples,Personal Care Services,2026-09-01,Unrated,Unrated,Unrated,Unrated,UNRATED,Small Cap
Lloyds Metals & Energy Ltd.,INE281B01032,512455,LLOYDSME,Materials,Iron Ore,2026-09-01,5.0,6.0,8.0,6.0,10.0,Mid Cap
LN Industries India Ltd.,INE366C01013,530745,,Consumer Discretionary,Integrated Textiles,2026-09-01,Unrated,Unrated,Unrated,Unrated,10.0,Small Cap
Lodha Developers Ltd.,INE670K01029,543287,LODHA,Real Estate,Real Estate Development,2026-09-01,3.0,6.0,7.0,5.0,6.0,Mid Cap
Logiciel Solutions Ltd,INE1BA901016,544625,,Technology,Software & Services - Diversified,2026-09-01,5.0,8.0,6.0,6.0,1.0,Small Cap
Lohia Corp Ltd,INE0QJW01029,,LCL,Materials,Plastic Packaging,2026-09-01,3.0,10.0,8.0,1.0,UNRATED,Small Cap
Lokesh Machines Ltd.,INE397H01017,532740,LOKESHMACH,Industrials,Industrial Machinery,2026-09-01,2.0,1.0,6.0,2.0,10.0,Small Cap
Looks Health Services Ltd.,INE204N01013,534422,,Healthcare,Implants & Prosthetics,2026-09-01,Unrated,Unrated,Unrated,Unrated,10.0,Small Cap
Lords Chloro Alkali Ltd.,INE846D01012,500284,LORDSCHLO,Materials,Commodity Chemicals - Diversified,2026-09-01,4.0,5.0,8.0,6.0,5.0,Small Cap
Lords Ishwar Hotels Ltd.,INE689J01013,530065,,Consumer Discretionary,Hotels & Resorts,2026-09-01,Unrated,Unrated,Unrated,Unrated,UNRATED,Small Cap
Lords Mark India Ltd,INE567L01017,501261,,Industrials,Business Consultancy,2026-09-01,Unrated,Unrated,Unrated,Unrated,UNRATED,Small Cap
Lorenzini Apparels Ltd.,INE740X01023,540952,LAL,Consumer Discretionary,Readymade Garment,2026-09-01,Unrated,Unrated,Unrated,Unrated,7.0,Small Cap
Lotus Chocolate Company Ltd.,INE026D01011,523475,,Consumer Staples,Cocoa Products & Confectionery,2026-09-01,1.0,1.0,4.0,2.0,2.0,Small Cap
Lotus Eye Hospital And Institute Ltd.,INE947I01017,532998,LOTUSEYE,Healthcare,Home Healthcare Services,2026-09-01,Unrated,Unrated,Unrated,Unrated,7.0,Small Cap
Lovable Lingerie Ltd.,INE597L01014,533343,LOVABLE,Consumer Discretionary,Lingerie,2026-09-01,Unrated,Unrated,Unrated,Unrated,4.0,Small Cap
Loyal Equipments Ltd.,INE876S01017,539227,,Industrials,Industrial Machinery,2026-09-01,Unrated,Unrated,Unrated,Unrated,3.0,Small Cap
Loyal Textile Mills Ltd.,INE970D01010,514036,LOYALTEX,Consumer Discretionary,Yarn,2026-09-01,Unrated,Unrated,Unrated,Unrated,4.0,Small Cap
L. T. Elevator Ltd,INE0TJ801010,544518,,Industrials,Other Industrial Services,2026-09-01,2.0,2.0,5.0,5.0,10.0,Small Cap
L&T Finance Ltd.,INE498L01015,533519,LTF,Financial,NBFC - Diversified,2026-09-01,3.0,7.0,7.0,3.0,8.0,Mid Cap
LT Foods Ltd.,INE818H01020,532783,LTFOODS,Consumer Staples,Food Processing - Diversified,2026-09-01,3.0,5.0,6.0,4.0,5.0,Small Cap
LTIMindtree Ltd.,INE214T01019,540005,LTIM,Technology,IT Services & Consulting,2026-09-01,4.0,9.0,6.0,6.0,3.0,Large Cap
L&T Technology Services Ltd.,INE010V01017,540115,LTTS,Technology,Software & Services - Diversified,2026-09-01,4.0,10.0,7.0,5.0,3.0,Mid Cap
Ludlow Jute & Specialities Ltd.,INE983C01015,526179,,Consumer Discretionary,Jute Products,2026-09-01,2.0,2.0,6.0,1.0,9.0,Small Cap
Luharuka Media & Infra Ltd.,INE195E01020,512048,,Financial,NBFC - Diversified,2026-09-01,Unrated,Unrated,Unrated,Unrated,4.0,Small Cap
Lumax Industries Ltd.,INE162B01018,517206,LUMAXIND,Consumer Discretionary,Auto Ancillaries,2026-09-01,3.0,4.0,9.0,3.0,8.0,Small Cap
Lumax Auto Technologies Ltd.,INE872H01027,532796,LUMAXTECH,Consumer Discretionary,Automotive Accessories,2026-09-01,3.0,5.0,9.0,2.0,9.0,Small Cap
Lupin Ltd.,INE326A01037,500257,LUPIN,Healthcare,Branded Medicines,2026-09-01,4.0,7.0,8.0,6.0,6.0,Mid Cap
Lux Industries Ltd.,INE150G01020,539542,LUXIND,Consumer Discretionary,Integrated Textiles,2026-09-01,3.0,1.0,5.0,6.0,8.0,Small Cap
Luxury Time Ltd,INE1CJB01013,544635,,Consumer Discretionary,Watches,2026-09-01,4.0,4.0,7.0,7.0,UNRATED,Small Cap
LWS Knitwear Ltd.,INE281M01013,531402,,Consumer Discretionary,Readymade Garment,2026-09-01,Unrated,Unrated,Unrated,Unrated,6.0,Small Cap
Lyka Labs Ltd.,INE933A01014,500259,LYKALABS,Healthcare,Biotechnology,2026-09-01,Unrated,Unrated,Unrated,Unrated,6.0,Small Cap
Lykis Ltd.,INE624M01014,530689,,Consumer Staples,Household & Personal Products - Diversified,2026-09-01,Unrated,Unrated,Unrated,Unrated,8.0,Small Cap
Lynx Machinery & Commercials Ltd.,INE732D01014,505320,,Industrials,Warehousing,2026-08-10,Unrated,Unrated,Unrated,Unrated,UNRATED,Small Cap
Lyons Corporate Market Ltd.,INE100F01019,531441,,Financial,Leasing and Hire Purchase,2026-09-01,Unrated,Unrated,Unrated,Unrated,UNRATED,Small Cap
Lypsa Gems & Jewellery Ltd.,INE142K01011,534532,LYPSAGEMS,Consumer Discretionary,Gems & Jewellery,2026-09-01,Unrated,Unrated,Unrated,Unrated,3.0,Small Cap
Maan Aluminium Ltd.,INE215I01027,532906,MAANALU,Materials,Aluminium,2026-09-01,2.0,1.0,4.0,5.0,5.0,Small Cap
Mac Charles (India) Ltd.,INE435D01014,507836,,Real Estate,Real Estate Development,2026-09-01,2.0,3.0,7.0,1.0,7.0,Small Cap
Macfos Ltd.,INE0OLH01013,543787,,Consumer Discretionary,Online and Direct Retailing,2026-09-01,3.0,6.0,7.0,4.0,9.0,Small Cap
Mach Conferences And Events Ltd,INE0UYT01018,544248,,Industrials,Event Management,2026-09-01,Unrated,Unrated,Unrated,Unrated,9.0,Small Cap
Machhar Industries Ltd.,INE01BT01015,543934,,Industrials,Road Logistics,2026-09-01,Unrated,Unrated,Unrated,Unrated,7.0,Small Cap
Machino Plastics Ltd.,INE082B01018,523248,,Consumer Discretionary,Automotive Accessories,2026-09-01,Unrated,Unrated,Unrated,Unrated,6.0,Small Cap
MAC Hotels Ltd.,INE004Z01011,541973,,Consumer Discretionary,Hotels & Resorts,2026-09-01,Unrated,Unrated,Unrated,Unrated,UNRATED,Small Cap
Macobs Technologies Ltd,INE0R0J01010,,MACOBSTECH,Consumer Staples,Personal Hygiene,2026-09-01,Unrated,Unrated,Unrated,Unrated,7.0,Small Cap
Macpower CNC Machines Ltd.,INE155Z01011,,MACPOWER,Industrials,Industrial Machinery,2026-09-01,3.0,6.0,8.0,2.0,10.0,Small Cap
Macro International Ltd.,INE307N01014,512600,,Healthcare,API / Generic Pharmaceuticals,2026-09-01,2.0,2.0,4.0,4.0,7.0,Small Cap
Madhav Copper Ltd.,INE813V01022,,MCL,Materials,Ferro Alloys,2026-09-01,Unrated,Unrated,Unrated,Unrated,6.0,Small Cap
Madhav Infra Projects Ltd.,INE631R01026,539894,,Industrials,Construction & Engineering - Diversified,2026-09-01,Unrated,Unrated,Unrated,Unrated,2.0,Small Cap
Madhav Marbles And Granites Ltd.,INE925C01016,515093,MADHAV,Industrials,Ceramic Tiles and Sanitaryware,2026-09-01,Unrated,Unrated,Unrated,Unrated,4.0,Small Cap
Madhucon Projects Ltd.,INE378D01032,531497,MADHUCON,Industrials,Construction & Engineering - Diversified,2026-09-01,Unrated,Unrated,Unrated,Unrated,6.0,Small Cap
Madhur Knit Crafts Ltd.,INE1P5601010,,MADHURKNIT,Consumer Discretionary,Integrated Textiles,2026-09-01,3.0,3.0,8.0,6.0,UNRATED,
Madhusudan Industries Ltd.,INE469C01023,515059,MADSUDIND,Consumer Staples,Other Agriculture Products,2026-09-01,Unrated,Unrated,Unrated,Unrated,7.0,Small Cap
Madhusudan Masala Ltd,INE0P6701019,,MADHUSUDAN,Consumer Staples,Specialised Foods Products,2026-09-01,2.0,1.0,4.0,4.0,10.0,Small Cap
Madhusudan Securities Ltd.,INE856D01011,511000,,Financial,NBFC - Diversified,2026-09-01,Unrated,Unrated,Unrated,Unrated,3.0,Small Cap
Madhuveer Com 18 Network Ltd.,INE312M01016,531910,,Consumer Discretionary,Movie & TV Production & Distribution,2026-09-01,1.0,1.0,3.0,2.0,4.0,Small Cap
Madhya Bharat Agro Products Ltd.,INE900L01028,,MBAPL,Materials,Diversified Chemicals,2026-09-01,1.0,4.0,4.0,2.0,3.0,Small Cap
Madhya Pradesh Today Media Ltd.,INE105Y01019,,MPTODAY,Consumer Discretionary,Newspaper Publishing,2026-09-01,Unrated,Unrated,Unrated,Unrated,UNRATED,Small Cap
Madras Fertilizers Ltd.,INE414A01015,590134,MADRASFERT,Materials,Fertilisers,2026-09-01,Unrated,Unrated,Unrated,Unrated,3.0,Small Cap
Maestros Electronics & Telecommunications Systems Ltd.,INE318N01011,538401,,Healthcare,Medical Devices & Equipment,2026-09-01,Unrated,Unrated,Unrated,Unrated,7.0,Small Cap
Mafatlal Industries Ltd.,INE270B01035,500264,MAFATLAIND,Consumer Discretionary,Miscellaneous Textiles,2026-09-01,3.0,1.0,6.0,8.0,4.0,Small Cap
Magadh Sugar & Energy Ltd.,INE347W01011,540650,MAGADSUGAR,Consumer Staples,Sugar,2026-09-01,3.0,4.0,6.0,5.0,9.0,Small Cap
Magellanic Cloud Ltd.,INE613C01026,538891,MCLOUD,Technology,Software & Services - Diversified,2026-09-01,3.0,4.0,5.0,7.0,5.0,Small Cap
Magenta Lifecare Ltd,INE0QZ901011,544188,,Consumer Discretionary,Home Furnishing & Decor,2026-08-27,Unrated,Unrated,Unrated,Unrated,UNRATED,Small Cap
Magna Electro Castings Ltd.,INE437D01010,517449,,Materials,Castings & Forgings,2026-09-01,4.0,7.0,5.0,4.0,9.0,Small Cap
Magnum Ventures Ltd.,INE387I01016,532896,MAGNUM,Materials,Paper & Paper Products,2026-09-01,Unrated,Unrated,Unrated,Unrated,3.0,Small Cap
Magnus Steel And Infra Ltd.,INE898E01011,517320,,Technology,IT Services & Consulting,2026-09-01,Unrated,Unrated,Unrated,Unrated,10.0,Small Cap
Magson Retail And Distribution Ltd,INE0O1S01012,,MAGSON,Consumer Staples,Food Retail,2026-09-01,Unrated,Unrated,Unrated,Unrated,UNRATED,Small Cap
Mahalaxmi Fabric Mills Ltd.,INE0US801024,544233,MFML,Consumer Discretionary,Integrated Textiles,2026-09-01,Unrated,Unrated,Unrated,Unrated,2.0,Small Cap
Mahalaxmi Rubtech Ltd.,INE112D01035,514450,MHLXMIRU,Consumer Discretionary,Miscellaneous Textiles,2026-09-01,Unrated,Unrated,Unrated,Unrated,5.0,Small Cap
Mahalaxmi Seamless Ltd.,INE257F01017,513460,,Industrials,Steel Tubes & Pipes,2026-08-31,Unrated,Unrated,Unrated,Unrated,8.0,Small Cap
Mahamaya Lifesciences Ltd,INE0U9D01019,544611,,Materials,Pesticides,2026-09-01,3.0,4.0,8.0,6.0,UNRATED,Small Cap
Mahamaya Steel Industries Ltd.,INE451L01014,513554,MAHASTEEL,Materials,Iron & Steel,2026-09-01,2.0,3.0,6.0,1.0,10.0,Small Cap
Mahan Industries Ltd.,INE735D01033,531515,,Financial,Investment Holding Companies,2026-08-31,Unrated,Unrated,Unrated,Unrated,UNRATED,Small Cap
Mahanagar Gas Ltd.,INE002S01010,539957,MGL,Energy & Utilities,Natural Gas Utilities,2026-09-01,4.0,9.0,6.0,6.0,4.0,Small Cap
Maharashtra Corporation Ltd.,INE272E01027,505523,,Consumer Discretionary,Miscellaneous Textiles,2026-09-01,Unrated,Unrated,Unrated,Unrated,3.0,Small Cap
Maha Rashtra Apex Corporation Ltd.,INE843B01013,523384,MAHAPEXLTD,Financial,Leasing and Hire Purchase,2026-09-01,Unrated,Unrated,Unrated,Unrated,3.0,Small Cap
Bank Of Maharashtra,INE457A01014,532525,MAHABANK,Financial,Banks - Diversified,2026-09-01,5.0,7.0,10.0,7.0,8.0,Mid Cap
Maharashtra Scooters Ltd.,INE288A01013,500266,MAHSCOOTER,Consumer Discretionary,Motorcycles & Scooters,2026-09-01,3.0,9.0,7.0,4.0,3.0,Small Cap
Maharashtra Seamless Ltd.,INE271B01025,500265,MAHSEAMLES,Industrials,Steel Tubes & Pipes,2026-09-01,5.0,7.0,6.0,8.0,8.0,Small Cap
Mahaveer Infoway Ltd.,INE019D01016,539383,,Technology,Software & Services - Diversified,2026-09-01,Unrated,Unrated,Unrated,Unrated,UNRATED,Small Cap
Mahendra Realtors & Infrastructure Ltd,INE632Q01018,,MRIL,Real Estate,Real Estate Development,2026-09-01,4.0,7.0,6.0,6.0,8.0,Small Cap
Mahesh Developers Ltd.,INE01MO01013,542677,,Industrials,Construction & Engineering - Diversified,2026-08-28,Unrated,Unrated,Unrated,Unrated,UNRATED,Small Cap
Maheshwari Logistics Ltd.,INE263W01010,,MAHESHWARI,Industrials,Road Logistics,2026-09-01,Unrated,Unrated,Unrated,Unrated,10.0,Small Cap
Mahickra Chemicals Ltd.,INE961Y01015,,MAHICKRA,Materials,Speciality Chemicals - Diversified,2026-09-01,Unrated,Unrated,Unrated,Unrated,10.0,Small Cap
Mahindra CIE Automotive Ltd.,INE536H01010,532756,CIEINDIA,Consumer Discretionary,Auto Ancillaries,2026-09-01,4.0,8.0,8.0,6.0,3.0,Small Cap
Mahindra EPC Irrigation Ltd.,INE215D01010,523754,MAHEPC,Industrials,Plastic Tubes & Pipes,2026-09-01,1.0,1.0,4.0,2.0,2.0,Small Cap
Mahindra Holidays & Resorts India Ltd.,INE998I01010,533088,MHRIL,Consumer Discretionary,Hotels & Resorts,2026-09-01,1.0,1.0,6.0,4.0,1.0,Small Cap
Mahindra Lifespace Developers Ltd.,INE813A01018,532313,MAHLIFE,Real Estate,Real Estate Development,2026-09-01,2.0,2.0,7.0,3.0,7.0,Small Cap
Mahindra Logistics Ltd.,INE766P01016,540768,MAHLOG,Industrials,Multimodal Logistics,2026-09-01,3.0,3.0,6.0,5.0,7.0,Small Cap
Mahindra & Mahindra Ltd.,INE101A01026,500520,M&M,Consumer Discretionary,Automobile Manufacturers,2026-09-01,4.0,9.0,8.0,5.0,4.0,Large Cap
Mahindra & Mahindra Financial Services Ltd.,INE774D01024,532720,M&MFIN,Financial,NBFC - Diversified,2026-09-01,4.0,8.0,7.0,6.0,7.0,Mid Cap
Mahip Industries Ltd.,INE00CX01017,542503,,Materials,Paper & Paper Products,2026-09-01,Unrated,Unrated,Unrated,Unrated,UNRATED,Small Cap
Maiden Forgings Ltd.,INE0O1T01010,543874,,Materials,Iron & Steel,2026-09-01,Unrated,Unrated,Unrated,Unrated,9.0,Small Cap
Maithan Alloys Ltd.,INE683C01011,590078,MAITHANALL,Materials,Ferro Alloys,2026-09-01,4.0,7.0,6.0,8.0,5.0,Small Cap
Maitreya Medicare Ltd,INE0PLQ01011,,MAITREYA,Healthcare,Hospitals & Clinics,2026-09-01,Unrated,Unrated,Unrated,Unrated,1.0,Small Cap
Maitri Enterprises Ltd.,INE501L01024,513430,,Healthcare,Pharmaceuticals Trading,2026-09-01,Unrated,Unrated,Unrated,Unrated,UNRATED,Small Cap
Majestic Auto Ltd.,INE201B01022,500267,MAJESAUTO,Real Estate,Real Estate Lease & Renting,2026-09-01,3.0,8.0,4.0,5.0,7.0,Small Cap
Makers Laboratories Ltd.,INE987A01010,506919,,Healthcare,Branded Medicines,2026-09-01,Unrated,Unrated,Unrated,Unrated,8.0,Small Cap
Maks Energy Solutions India Ltd.,INE0CDK01019,,MAKS,Industrials,Motors & Generators,2026-09-01,Unrated,Unrated,Unrated,Unrated,UNRATED,Small Cap
Mallcom (India) Ltd,INE389C01015,539400,MALLCOM,Industrials,Other Machinery,2026-09-01,2.0,5.0,4.0,6.0,3.0,Small Cap
Malpani Pipes And Fittings Ltd,INE0YON01014,544351,,Industrials,Plastic Tubes & Pipes,2026-08-31,Unrated,Unrated,Unrated,Unrated,UNRATED,Small Cap
Malu Paper Mills Ltd.,INE383H01017,532728,MALUPAPER,Materials,Paper & Paper Products,2026-09-01,Unrated,Unrated,Unrated,Unrated,5.0,Small Cap
Mamata Machinery Ltd,INE0TO701015,544318,MAMATA,Industrials,Industrial Machinery,2026-09-01,3.0,8.0,4.0,5.0,6.0,Small Cap
Man Industries (India) Ltd.,INE993A01026,513269,MANINDS,Industrials,Steel Tubes & Pipes,2026-09-01,2.0,1.0,6.0,3.0,10.0,Small Cap
Manaksia Ltd.,INE015D01022,532932,MANAKSIA,Materials,Aluminium Products,2026-09-01,3.0,4.0,5.0,7.0,4.0,Small Cap
Manaksia Aluminium Company Ltd.,INE859Q01017,539045,MANAKALUCO,Materials,Aluminium,2026-09-01,Unrated,Unrated,Unrated,Unrated,8.0,Small Cap
Manaksia Coated Metals & Industries Ltd.,INE830Q01018,539046,MANAKCOAT,Materials,Iron & Steel,2026-09-01,2.0,1.0,5.0,3.0,6.0,Small Cap
Manaksia Steels Ltd.,INE824Q01011,539044,MANAKSTEEL,Materials,Iron & Steel,2026-09-01,3.0,5.0,7.0,3.0,9.0,Small Cap
Manali Petrochemicals Ltd.,INE201A01024,500268,MANALIPETC,Materials,Petrochemical,2026-09-01,5.0,7.0,5.0,7.0,8.0,Small Cap
Manappuram Finance Ltd.,INE522D01027,531213,MANAPPURAM,Financial,NBFC - Diversified,2026-09-01,5.0,9.0,8.0,5.0,7.0,Small Cap
Manas Polymers and Energies Ltd,INE0U4H01011,,MPEL,Materials,Plastic Packaging,2026-09-01,3.0,5.0,3.0,7.0,UNRATED,Small Cap
Manav Infra Projects Ltd.,INE104Y01012,,MANAV,Industrials,Construction & Engineering - Diversified,2026-09-01,Unrated,Unrated,Unrated,Unrated,UNRATED,Small Cap
Manba Finance Ltd,INE939X01013,544262,MANBA,Financial,Consumer Financing,2026-09-01,4.0,6.0,6.0,7.0,7.0,Small Cap
Mandeep Auto Industries Ltd,INE0R3T01013,,MANDEEP,Consumer Discretionary,Auto Ancillaries,2026-09-01,Unrated,Unrated,Unrated,Unrated,UNRATED,Small Cap
Mangalam Alloys Ltd,INE00C401011,,MAL,Industrials,Other Building Products,2026-09-01,Unrated,Unrated,Unrated,Unrated,1.0,Small Cap
Mangalam Cement Ltd.,INE347A01017,502157,MANGLMCEM,Materials,Cement,2026-09-01,3.0,4.0,4.0,4.0,9.0,Small Cap
Mangalam Drugs And Organics Ltd.,INE584F01014,532637,MANGALAM,Healthcare,Pharmaceuticals - Diversified,2026-09-01,Unrated,Unrated,Unrated,Unrated,2.0,Small Cap
Mangalam Global Enterprise Ltd.,INE0APB01032,544273,MGEL,Consumer Staples,Edible Oil,2026-09-01,3.0,1.0,7.0,6.0,8.0,Small Cap
Mangalam Industrial Finance Ltd.,INE717C01025,537800,,Financial,Mortgage/Housing Finance,2026-09-01,Unrated,Unrated,Unrated,Unrated,1.0,Small Cap
Mangalam Organics Ltd.,INE370D01013,514418,MANORG,Materials,Commodity Chemicals - Diversified,2026-09-01,2.0,1.0,5.0,4.0,7.0,Small Cap
Mangalam Seeds Ltd.,INE829S01016,539275,,Consumer Staples,Crop Farming,2026-09-01,Unrated,Unrated,Unrated,Unrated,6.0,Small Cap
Mangalam Worldwide Ltd.,INE0JYY01029,544764,MWL,Materials,Iron & Steel,2026-09-01,2.0,1.0,7.0,4.0,3.0,Small Cap
Mangal Compusolution Ltd,INE0RU901015,544287,,Technology,Technology Hardware - Diversified,2026-08-26,Unrated,Unrated,Unrated,Unrated,UNRATED,Small Cap
Mangal Credit and Fincorp Ltd.,INE545L01039,505850,MANCREDIT,Financial,Miscellaneous Financial Services,2026-09-01,Unrated,Unrated,Unrated,Unrated,9.0,Small Cap
Mangal Electrical Industries Ltd,INE0PKD01011,544492,MEIL,Industrials,Transformers & Transmission Equipment,2026-09-01,3.0,1.0,5.0,7.0,5.0,Small Cap
Mangalore Refinery And Petrochemicals Ltd.,INE103A01014,500109,MRPL,Energy & Utilities,Oil & Gas Refining and Marketing,2026-09-01,4.0,5.0,8.0,8.0,5.0,Small Cap
Manglam Infra & Engineering Ltd,INE0R3101011,,MIEL,Industrials,Construction & Engineering - Diversified,2026-09-01,Unrated,Unrated,Unrated,Unrated,UNRATED,Small Cap
Manilam Industries India Ltd,INE1ERK01013,,MANILAM,Consumer Discretionary,Home Furnishing & Decor,2026-09-01,3.0,2.0,8.0,7.0,UNRATED,Small Cap
Man InfraConstruction Ltd.,INE949H01023,533169,MANINFRA,Industrials,Construction & Engineering - Diversified,2026-09-01,4.0,6.0,5.0,8.0,4.0,Small Cap
Manipal Finance Corporation Ltd.,INE798E01013,507938,,Financial,NBFC - Diversified,2026-08-31,Unrated,Unrated,Unrated,Unrated,UNRATED,Small Cap
Manipal Health Enterprises Ltd.,INE459N01021,544847,MANIPALHOS,Healthcare,Hospitals & Clinics,2026-09-01,4.0,8.0,6.0,5.0,UNRATED,
Mankind Pharma Ltd.,INE634S01028,543904,MANKIND,Healthcare,Branded Medicines,2026-09-01,3.0,8.0,7.0,4.0,6.0,Mid Cap
Manoj Ceramic Ltd,INE0A6N01026,544073,,Industrials,Ceramic Tiles and Sanitaryware,2026-08-27,Unrated,Unrated,Unrated,Unrated,6.0,Small Cap
Manoj Jewellers Ltd,INE0MV001018,544400,,Consumer Discretionary,Gems & Jewellery,2026-09-01,3.0,2.0,7.0,6.0,2.0,Small Cap
Manoj Vaibhav Gems N Jewellers Ltd,INE0KNT01012,543995,MVGJL,Consumer Discretionary,Gems & Jewellery,2026-09-01,2.0,2.0,5.0,7.0,3.0,Small Cap
Manomay Tex India Ltd.,INE784W01015,540396,MANOMAY,Consumer Discretionary,Miscellaneous Textiles,2026-09-01,3.0,3.0,5.0,4.0,7.0,Small Cap
Manorama Industries Ltd.,INE00VM01036,541974,MANORAMA,Consumer Staples,Snacks & Food Confectionery,2026-09-01,4.0,6.0,8.0,4.0,9.0,Small Cap
Manor Estates & Industries Ltd.,INE327D01013,526115,,Consumer Discretionary,Hosiery & Socks,2026-09-01,Unrated,Unrated,Unrated,Unrated,6.0,Small Cap
Manraj Housing Finance Ltd.,INE948I01015,530537,,Real Estate,Real Estate Development,2026-08-25,Unrated,Unrated,Unrated,Unrated,UNRATED,Small Cap
Mansi Finance (Chennai) Ltd.,INE094E01017,511758,,Financial,NBFC - Diversified,2026-09-01,Unrated,Unrated,Unrated,Unrated,5.0,Small Cap
Manugraph India Ltd.,INE867A01022,505324,MANUGRAPH,Industrials,Industrial Machinery,2026-09-01,Unrated,Unrated,Unrated,Unrated,5.0,Small Cap
Mapro Industries Ltd.,INE848M01019,509762,,Industrials,Capital Goods Trading,2026-09-01,Unrated,Unrated,Unrated,Unrated,10.0,Small Cap
Maral Overseas Ltd.,INE882A01013,521018,MARALOVER,Consumer Discretionary,Miscellaneous Textiles,2026-09-01,Unrated,Unrated,Unrated,Unrated,8.0,Small Cap
Marathon Nextgen Realty Ltd.,INE182D01020,503101,MARATHON,Real Estate,Real Estate Development,2026-09-01,3.0,4.0,5.0,7.0,2.0,Small Cap
Marble City India Ltd.,INE807H01023,531281,,Materials,Granite Marble & Stones,2026-09-01,1.0,1.0,4.0,1.0,6.0,Small Cap
Marc Loire Fashions Ltd,INE0TBQ01014,544437,,Consumer Discretionary,Footwear,2026-09-01,5.0,10.0,5.0,6.0,UNRATED,Small Cap
Marco Cables & Conductors Ltd,INE0QP001012,,MARCO,Industrials,Wires & Cables,2026-09-01,Unrated,Unrated,Unrated,Unrated,6.0,Small Cap
Marc Technocrats Ltd,INE0TD401015,,MARC,Industrials,Infrastructure Investment Trust,2026-09-01,5.0,9.0,9.0,6.0,10.0,Small Cap
Mardia Samyoung Capillary Tubes Co Ltd.,INE277E01026,513544,,Materials,Other Non-Ferrous Metal Mining,2026-09-01,1.0,1.0,3.0,3.0,2.0,Small Cap
Margo Finance Ltd.,INE680B01019,500206,,Financial,NBFC - Diversified,2026-09-01,Unrated,Unrated,Unrated,Unrated,6.0,Small Cap
Marg Techno Projects Ltd.,INE245H01018,540254,,Financial,NBFC - Diversified,2026-09-01,Unrated,Unrated,Unrated,Unrated,2.0,Small Cap
Marico Ltd.,INE196A01026,531642,MARICO,Consumer Staples,Household & Personal Products - Diversified,2026-09-01,4.0,10.0,7.0,3.0,7.0,Mid Cap
Marine Electricals (India) Ltd.,INE01JE01028,,MARINE,Industrials,Marine Port Services,2026-09-01,2.0,1.0,8.0,2.0,10.0,Small Cap
Marinetrans India Ltd,INE0P1P01017,,MARINETRAN,Industrials,Marine Logistics,2026-09-01,Unrated,Unrated,Unrated,Unrated,UNRATED,Small Cap
Maris Spinners Ltd.,INE866D01010,531503,,Consumer Discretionary,Yarn,2026-09-01,Unrated,Unrated,Unrated,Unrated,7.0,Small Cap
Market Creators Ltd.,INE944C01017,526891,,Financial,Miscellaneous Financial Services,2026-08-28,Unrated,Unrated,Unrated,Unrated,UNRATED,Small Cap
Markolines Pavement Technologies Ltd.,INE0FW001016,543364,MARKOLINES,Industrials,Road & Highway Construction,2026-09-01,3.0,2.0,5.0,6.0,8.0,Small Cap
Marksans Pharma Ltd.,INE750C01026,524404,MARKSANS,Healthcare,Pharma Research & Development,2026-09-01,5.0,8.0,7.0,4.0,10.0,Small Cap
Marsons Ltd.,INE415B01044,517467,MARSONS,Industrials,Capital Goods Trading,2026-09-01,1.0,1.0,3.0,2.0,2.0,Small Cap
Martin Burn Ltd.,INE199D01016,523566,,Real Estate,Real Estate Development,2026-09-01,Unrated,Unrated,Unrated,Unrated,4.0,Small Cap
Marushika Technology Ltd,INE0X7G01013,,MARUSHIKA,Technology,IT Services & Consulting,2026-09-01,5.0,5.0,9.0,7.0,10.0,Small Cap
Maruti Infrastructure Ltd.,INE392G01028,531540,,Industrials,Construction & Engineering - Diversified,2026-09-01,Unrated,Unrated,Unrated,Unrated,6.0,Small Cap
Maruti Interior Products Ltd.,INE0JSJ01014,543464,,Consumer Discretionary,Household Durables - Diversified,2026-09-01,Unrated,Unrated,Unrated,Unrated,2.0,Small Cap
Shree Marutinandan Tubes Ltd,INE0QIS01011,544083,,Industrials,Steel Tubes & Pipes,2026-09-01,Unrated,Unrated,Unrated,Unrated,2.0,Small Cap
Maruti Securities Ltd.,INE368C01019,531319,,Financial,NBFC - Diversified,2026-09-01,Unrated,Unrated,Unrated,Unrated,3.0,Small Cap
Maruti Suzuki India Ltd.,INE585B01010,532500,MARUTI,Consumer Discretionary,Automobile Manufacturers,2026-09-01,4.0,8.0,7.0,5.0,3.0,Large Cap
Marvel Decor Ltd.,INE575Z01010,,MDL,Consumer Discretionary,Home Furnishing & Decor,2026-09-01,Unrated,Unrated,Unrated,Unrated,6.0,Small Cap
MAS Financial Services Ltd.,INE348L01012,540749,MASFIN,Financial,Commercial Financing,2026-09-01,4.0,7.0,6.0,7.0,4.0,Small Cap
Mask Investments Ltd.,INE885F01015,,MASKINVEST,Financial,Financial Services - Diversified,2026-09-01,Unrated,Unrated,Unrated,Unrated,7.0,Small Cap
Mason Infratech Ltd,INE0SH001010,,MASON,Industrials,Residential Building Construction,2026-09-01,Unrated,Unrated,Unrated,Unrated,1.0,Small Cap
Mastek Ltd.,INE759A01021,523704,MASTEK,Technology,IT Services & Consulting,2026-09-01,5.0,8.0,7.0,8.0,5.0,Small Cap
Master Components Ltd,INE0OJM01017,,MASTER,Materials,Plastic Materials,2026-09-01,Unrated,Unrated,Unrated,Unrated,UNRATED,Small Cap
Master Trust Ltd.,INE677D01037,511768,MASTERTR,Financial,NBFC - Diversified,2026-09-01,3.0,4.0,4.0,8.0,4.0,Small Cap
Mathew Easow Research Securities Ltd.,INE963B01019,511688,,Financial,NBFC - Diversified,2026-08-24,Unrated,Unrated,Unrated,Unrated,UNRATED,Small Cap
Matrimony.Com Ltd.,INE866R01028,540704,MATRIMONY,Technology,Online Services,2026-09-01,4.0,8.0,7.0,5.0,8.0,Small Cap
Matrix Geo Solutions Ltd,INE132901013,,MGSL,Industrials,Other Industrial Services,2026-09-01,5.0,8.0,8.0,6.0,6.0,Small Cap
Mauria Udyog Ltd.,INE150D01027,539219,,Materials,Metal Packaging,2026-09-01,Unrated,Unrated,Unrated,Unrated,1.0,Small Cap
Mawana Sugars Ltd.,INE636A01039,523371,MAWANASUG,Consumer Staples,Sugar,2026-09-01,3.0,1.0,5.0,4.0,10.0,Small Cap
Max Estates Ltd.,INE03EI01018,544008,MAXESTATES,Real Estate,Real Estate Development,2026-09-01,1.0,1.0,2.0,2.0,8.0,Small Cap
Max Financial Services Ltd.,INE180A01020,500271,MFSL,Financial,Life Insurance,2026-09-01,Unrated,Unrated,Unrated,Unrated,2.0,Mid Cap
Maxgrow India Ltd.,INE485D01035,521167,,Industrials,Business Services - Diversified,2026-09-01,Unrated,Unrated,Unrated,Unrated,UNRATED,Small Cap
Max Healthcare Institute Ltd.,INE027H01010,543220,MAXHEALTH,Healthcare,Hospitals & Clinics,2026-09-01,3.0,7.0,8.0,4.0,2.0,Mid Cap
Maxheights Infrastructure Ltd.,INE393F01010,534338,,Real Estate,Real Estate Development,2026-09-01,Unrated,Unrated,Unrated,Unrated,5.0,Small Cap
Maximus International Ltd.,INE544W01021,540401,,Materials,Petrochemical,2026-09-01,Unrated,Unrated,Unrated,Unrated,10.0,Small Cap
Max India Ltd.,INE0CG601016,543223,MAXIND,Healthcare,Hospitals & Clinics,2026-09-01,1.0,1.0,5.0,2.0,4.0,Small Cap
Maxposure Ltd,INE0ECC01022,,MAXPOSURE,Consumer Discretionary,Publishing - Diversified,2026-09-01,Unrated,Unrated,Unrated,Unrated,2.0,Small Cap
Maxvolt Energy Industries Ltd,INE10A501018,,MAXVOLT,Consumer Discretionary,Automotive Batteries,2026-09-01,Unrated,Unrated,Unrated,Unrated,8.0,Small Cap
Mayank Cattle Food Ltd,INE0R5Z01015,544106,,Consumer Staples,Pet & Animal Feed,2026-09-01,Unrated,Unrated,Unrated,Unrated,UNRATED,Small Cap
Mayasheel Ventures Ltd,INE0ZTO01018,,MAYASHEEL,Industrials,Road & Highway Construction,2026-09-01,Unrated,Unrated,Unrated,Unrated,UNRATED,Small Cap
Mayukh Dealtrade Ltd.,INE280E01038,539519,,Diversified,Diversified Trading,2026-09-01,Unrated,Unrated,Unrated,Unrated,7.0,Small Cap
Mayur Floorings Ltd.,INE262W01012,531221,,Materials,Granite Marble & Stones,2026-08-27,Unrated,Unrated,Unrated,Unrated,5.0,Small Cap
Mayur Leather Products Ltd.,INE799E01011,531680,,Consumer Discretionary,Footwear,2026-09-01,Unrated,Unrated,Unrated,Unrated,8.0,Small Cap
Mayur Uniquoters Ltd.,INE040D01038,522249,MAYURUNIQ,Materials,Plastic Materials,2026-09-01,5.0,7.0,7.0,6.0,9.0,Small Cap
Mazagon Dock Shipbuilders Ltd.,INE249Z01020,543237,MAZDOCK,Industrials,Shipbuilding & Maintenance,2026-09-01,3.0,8.0,6.0,5.0,5.0,Mid Cap
Mazda Ltd.,INE885E01042,523792,MAZDA,Industrials,Industrial Machinery,2026-09-01,4.0,7.0,5.0,7.0,7.0,Small Cap
M&B Engineering Ltd,INE08N601015,544470,MBEL,Industrials,Construction & Engineering - Diversified,2026-09-01,3.0,6.0,5.0,7.0,3.0,Small Cap
MBL Infrastructure Ltd.,INE912H01013,533152,MBLINFRA,Industrials,Construction & Engineering - Diversified,2026-09-01,2.0,1.0,6.0,4.0,3.0,Small Cap
Mcleod Russel India Ltd.,INE942G01012,532654,MCLEODRUSS,Consumer Staples,Tea & Coffee,2026-09-01,1.0,1.0,7.0,1.0,8.0,Small Cap
Mcnally Bharat Engineering Company Ltd.,INE748A01016,532629,MBECL,Industrials,Construction & Engineering - Diversified,2026-09-01,Unrated,Unrated,Unrated,Unrated,UNRATED,Small Cap
MCON Rasayan India Ltd.,INE0O4M01019,,MCON,Materials,Commodity Chemicals - Diversified,2026-09-01,Unrated,Unrated,Unrated,Unrated,UNRATED,Small Cap
Multi Commodity Exchange Of India Ltd.,INE745G01043,534091,MCX,Financial,Exchange Services,2026-09-01,3.0,10.0,5.0,3.0,4.0,Mid Cap
Media Matrix Worldwide Ltd,INE200D01020,512267,MMWL,Technology,Phones & Handheld Devices,2026-09-01,2.0,1.0,5.0,3.0,9.0,Small Cap
Mediaone Global Entertainment Ltd.,INE828I01019,503685,,Consumer Discretionary,Movie & TV Production & Distribution,2026-09-01,Unrated,Unrated,Unrated,Unrated,2.0,Small Cap
Medi Assist Healthcare Services Ltd,INE456Z01021,544088,MEDIASSIST,Industrials,Other Business Services,2026-09-01,3.0,6.0,7.0,5.0,2.0,Small Cap
Medicamen Biotech Ltd.,INE646B01010,531146,MEDICAMEQ,Healthcare,Medical Diagnostics Services,2026-09-01,1.0,1.0,5.0,5.0,2.0,Small Cap
Medicamen Organics Ltd,INE0PE401018,,MEDIORG,Healthcare,API / Generic Pharmaceuticals,2026-09-01,Unrated,Unrated,Unrated,Unrated,4.0,Small Cap
Medi-Caps Ltd.,INE442D01010,523144,MEDICAPS,Healthcare,Pharmaceuticals Trading,2026-09-01,Unrated,Unrated,Unrated,Unrated,5.0,Small Cap
Medico Intercontinental Ltd.,INE858Q01019,539938,,Healthcare,Pharmaceuticals - Diversified,2026-09-01,Unrated,Unrated,Unrated,Unrated,3.0,Small Cap
Medico Remedies Ltd.,INE630Y01024,540937,MEDICO,Healthcare,Branded Medicines,2026-09-01,3.0,2.0,7.0,5.0,6.0,Small Cap
Medistep Healthcare Ltd,INE0UOY01019,,MEDISTEP,Healthcare,Pharmaceuticals Trading,2026-09-01,3.0,1.0,3.0,8.0,UNRATED,Small Cap
Medplus Health Services Ltd.,INE804L01022,543427,MEDPLUS,Healthcare,Medical Supplies,2026-09-01,3.0,7.0,5.0,5.0,1.0,Small Cap
Meera Industries Ltd.,INE343X01026,540519,,Industrials,Textile Machinery,2026-09-01,Unrated,Unrated,Unrated,Unrated,2.0,Small Cap
Meesho Ltd,INE0VDM01015,544632,MEESHO,Consumer Discretionary,Online and Direct Retailing,2026-09-01,1.0,2.0,3.0,1.0,7.0,Mid Cap
Mefcom Capital Markets Ltd.,INE186C01023,531176,,Financial,Investment Management - Diversified,2026-09-01,Unrated,Unrated,Unrated,Unrated,3.0,Small Cap
Mega Corporation Ltd.,INE804B01023,531417,,Financial,NBFC - Diversified,2026-09-01,Unrated,Unrated,Unrated,Unrated,7.0,Small Cap
Mega Flex Plastics Ltd.,INE0G1D01014,,MEGAFLEX,Materials,Plastic Packaging,2026-09-01,Unrated,Unrated,Unrated,Unrated,UNRATED,Small Cap
Mega Nirman & Industries Ltd.,INE216Q01010,539767,,Consumer Discretionary,Gems & Jewellery,2026-09-01,Unrated,Unrated,Unrated,Unrated,6.0,Small Cap
Megasoft Ltd.,INE933B01012,532408,MEGASOFT,Technology,Software,2026-09-01,2.0,2.0,6.0,1.0,10.0,Small Cap
Megastar Foods Ltd.,INE00EM01016,541352,MEGASTAR,Consumer Staples,Food Processing - Diversified,2026-09-01,2.0,2.0,5.0,4.0,9.0,Small Cap
Megatherm Induction Ltd,INE531R01010,,MEGATHERM,Materials,Castings & Forgings,2026-09-01,Unrated,Unrated,Unrated,Unrated,4.0,Small Cap
Meghmani Organics Ltd.,INE0CT101020,543331,MOL,Materials,Pesticides,2026-09-01,2.0,1.0,7.0,5.0,7.0,Small Cap
Megri Soft Ltd.,INE756R01013,539012,,Technology,IT Services & Consulting,2026-09-01,Unrated,Unrated,Unrated,Unrated,4.0,Small Cap
Mehai Technology Ltd.,INE062Y01020,540730,,Industrials,Electronic Components,2026-09-01,Unrated,Unrated,Unrated,Unrated,1.0,Small Cap
Mehta Integrated Finance Ltd.,INE240B01012,511377,,Financial,Financial Services - Diversified,2026-08-28,Unrated,Unrated,Unrated,Unrated,UNRATED,Small Cap
Mehta Securities Ltd.,INE241B01010,511738,,Financial,Miscellaneous Financial Services,2026-08-19,Unrated,Unrated,Unrated,Unrated,UNRATED,Small Cap
Mehul Colours Ltd,INE1KH601014,544472,,Materials,Coloring Agents,2026-09-01,5.0,10.0,8.0,6.0,UNRATED,Small Cap
Mehul Telecom Ltd,INE1K0V01011,544751,,Consumer Discretionary,Specialty Stores,2026-09-01,3.0,7.0,1.0,6.0,UNRATED,Small Cap
Mena Mani Industries Ltd.,INE148B01033,531127,,Diversified,Diversified Trading,2026-09-01,Unrated,Unrated,Unrated,Unrated,UNRATED,Small Cap
Menon Bearings Ltd.,INE071D01033,523828,MENONBE,Consumer Discretionary,Auto Ancillaries,2026-09-01,2.0,2.0,4.0,3.0,10.0,Small Cap
Menon Pistons Ltd.,INE650G01029,531727,,Consumer Discretionary,Auto Ancillaries,2026-09-01,5.0,9.0,7.0,7.0,8.0,Small Cap
MEP Infrastructure Developers Ltd.,INE776I01010,539126,MEP,Industrials,Road & Highway Construction,2026-09-01,Unrated,Unrated,Unrated,Unrated,1.0,Small Cap
Mercantile Ventures Ltd.,INE689O01013,538942,,Real Estate,Real Estate Lease & Renting,2026-09-01,Unrated,Unrated,Unrated,Unrated,6.0,Small Cap
Mercury Metals Ltd.,INE763M01028,531357,MERCURYEV,Consumer Discretionary,Automobile Manufacturers,2026-09-01,1.0,1.0,4.0,5.0,6.0,Small Cap
Mercury Laboratories Ltd.,INE947G01011,538964,,Healthcare,Branded Medicines,2026-09-01,Unrated,Unrated,Unrated,Unrated,6.0,Small Cap
Mercury Trade Links Ltd.,INE319T01016,512415,,Materials,Commodity Chemicals Trading,2026-09-01,Unrated,Unrated,Unrated,Unrated,2.0,Small Cap
Merritronix Ltd.,INE1RQS01010,544773,,Industrials,Electronic Components,2026-09-01,5.0,9.0,7.0,6.0,UNRATED,Small Cap
Meta Infotech Ltd,INE162901016,544441,,Technology,IT Services & Consulting,2026-09-01,5.0,9.0,7.0,6.0,5.0,Small Cap
Metal Coatings (India) Ltd.,INE161E01014,531810,,Materials,Iron & Steel,2026-09-01,Unrated,Unrated,Unrated,Unrated,4.0,Small Cap
Metalic Technoforge Ltd.,INE1II801013,,METALIC,Materials,Castings & Forgings,2026-09-01,4.0,7.0,5.0,6.0,UNRATED,Small Cap
Methodhub Software Ltd,INE0QZR01017,544637,,Technology,IT Services & Consulting,2026-09-01,2.0,3.0,3.0,6.0,1.0,Small Cap
Metro Brands Ltd.,INE317I01021,543426,METROBRAND,Consumer Discretionary,Footwear,2026-09-01,3.0,9.0,7.0,4.0,2.0,Small Cap
Metroglobal Ltd.,INE085D01033,500159,GLOBABOARD,Diversified,Diversified Trading,2026-09-01,Unrated,Unrated,Unrated,Unrated,8.0,Small Cap
Metropolis Healthcare Ltd.,INE112L01020,542650,METROPOLIS,Healthcare,Medical Diagnostics Services,2026-09-01,3.0,9.0,4.0,4.0,2.0,Small Cap
Mewar Hi-Tech Engineering Ltd.,INE957U01011,540150,,Industrials,Industrial Machinery,2026-09-01,Unrated,Unrated,Unrated,Unrated,UNRATED,Small Cap
Mewat Zinc Ltd.,INE235U01012,513496,,Industrials,Industrial Machinery,2026-09-01,Unrated,Unrated,Unrated,Unrated,7.0,Small Cap
Meyer Apparel Ltd.,INE100C01024,531613,,Consumer Discretionary,Readymade Garment,2026-09-01,Unrated,Unrated,Unrated,Unrated,UNRATED,Small Cap
MFL India Ltd.,INE244C01020,526622,,Industrials,Multimodal Logistics,2026-09-01,Unrated,Unrated,Unrated,Unrated,3.0,Small Cap
MFS Intercorp Ltd.,INE614F01019,513721,,Materials,Aluminium Products,2026-09-01,Unrated,Unrated,Unrated,Unrated,UNRATED,Small Cap
MIC Electronics Ltd.,INE287C01037,532850,MICEL,Industrials,Electronic Equipment,2026-09-01,2.0,1.0,5.0,4.0,4.0,Small Cap
Micropro Software Solutions Ltd,INE0PZK01014,,MICROPRO,Technology,IT Services & Consulting,2026-09-01,Unrated,Unrated,Unrated,Unrated,UNRATED,Small Cap
Mid East Portfolio Management Ltd.,INE033E01015,526251,,Financial,Financial Services - Diversified,2026-09-01,Unrated,Unrated,Unrated,Unrated,9.0,Small Cap
Mid India Industries Ltd.,INE401C01018,500277,MIDINDIA,Consumer Discretionary,Yarn,2026-09-01,Unrated,Unrated,Unrated,Unrated,5.0,Small Cap
Midwest Ltd,INE0XAD01024,544587,MIDWESTLTD,Materials,Granite Marble & Stones,2026-09-01,2.0,2.0,6.0,5.0,1.0,Small Cap
Midwest Gold Ltd.,INE519N01014,526570,,Materials,Gold Mining & Refining,2026-09-01,2.0,1.0,4.0,4.0,8.0,Small Cap
Mihika Industries Ltd.,INE779Q01017,538895,,Consumer Discretionary,Textiles & Leather Trading,2026-09-01,Unrated,Unrated,Unrated,Unrated,3.0,Small Cap
Milestone Furniture Ltd.,INE424Z01011,541337,,Consumer Discretionary,Home Furnitures,2026-09-01,Unrated,Unrated,Unrated,Unrated,UNRATED,Small Cap
Milestone Global Ltd.,INE151H01018,531338,,Materials,Granite Marble & Stones,2026-08-28,Unrated,Unrated,Unrated,Unrated,4.0,Small Cap
Milgrey Finance & Investments Ltd.,INE679T01013,511018,,Financial,Commercial Financing,2026-09-01,Unrated,Unrated,Unrated,Unrated,3.0,Small Cap
Milkfood Ltd.,INE588G01021,507621,,Consumer Staples,Household & Personal Products - Diversified,2026-09-01,Unrated,Unrated,Unrated,Unrated,9.0,Small Cap
Milky Mist Dairy Food Ltd,INE00IT01020,544868,MILKYMIST,Consumer Staples,Dairy Products,2026-09-01,2.0,1.0,8.0,4.0,UNRATED,
Millenium Online Solution (India) Ltd.,INE570N01025,511187,,Diversified,Diversified Trading,2026-09-01,Unrated,Unrated,Unrated,Unrated,6.0,Small Cap
Millworks Technologies Ltd,INE1SRC01010,544826,,Industrials,Defence & Aerospace Parts,2026-09-01,5.0,9.0,7.0,8.0,UNRATED,Small Cap
Milton Industries Ltd.,INE376Y01016,,MILTON,Materials,Wood & Wood Products,2026-09-01,Unrated,Unrated,Unrated,Unrated,UNRATED,Small Cap
Minal Industries Ltd.,INE097E01028,522235,,Consumer Discretionary,Gems & Jewellery,2026-09-01,Unrated,Unrated,Unrated,Unrated,6.0,Small Cap
Minaxi Textiles Ltd.,INE952C01028,531456,,Consumer Discretionary,Synthetic Fabrics,2026-09-01,Unrated,Unrated,Unrated,Unrated,5.0,Small Cap
Minda Corporation Ltd.,INE842C01021,538962,MINDACORP,Consumer Discretionary,Auto Ancillaries,2026-09-01,3.0,5.0,8.0,4.0,8.0,Small Cap
Mindpool Technologies Ltd.,INE00RQ01019,,MINDPOOL,Technology,IT Services & Consulting,2026-09-01,Unrated,Unrated,Unrated,Unrated,UNRATED,
Mindteck (India) Ltd.,INE110B01017,517344,MINDTECK,Technology,Software & Services - Diversified,2026-09-01,3.0,6.0,6.0,7.0,4.0,Small Cap
Mini Diamonds (India) Ltd.,INE281E01010,523373,,Consumer Discretionary,Gems & Jewellery,2026-09-01,Unrated,Unrated,Unrated,Unrated,1.0,Small Cap
Minolta Finance Ltd.,INE514C01026,532164,,Financial,NBFC - Diversified,2026-09-01,Unrated,Unrated,Unrated,Unrated,UNRATED,Small Cap
Mipco Seamless Rings (Gujarat) Ltd.,INE860N01012,505797,,Technology,IT Services & Consulting,2026-08-31,Unrated,Unrated,Unrated,Unrated,UNRATED,Small Cap
Mirc Electronics Ltd.,INE831A01028,500279,MIRCELECTR,Consumer Discretionary,Household Appliances,2026-09-01,2.0,1.0,7.0,1.0,8.0,Small Cap
Mirch Technologies (India) Ltd.,INE098E01026,505336,,Industrials,Industrial Machinery,2026-09-01,Unrated,Unrated,Unrated,Unrated,1.0,Small Cap
Mirza International Ltd.,INE771A01026,526642,MIRZAINT,Consumer Discretionary,Footwear,2026-09-01,1.0,1.0,4.0,3.0,5.0,Small Cap
Mish Designs Ltd,INE0QI101019,544015,,Consumer Discretionary,Readymade Garment,2026-09-01,Unrated,Unrated,Unrated,Unrated,UNRATED,Small Cap
Mishka Exim Ltd.,INE540S01019,539220,,Consumer Discretionary,Gems & Jewellery,2026-09-01,Unrated,Unrated,Unrated,Unrated,8.0,Small Cap
Mishra Dhatu Nigam Ltd.,INE099Z01011,541195,MIDHANI,Materials,Iron & Steel,2026-09-01,2.0,1.0,6.0,4.0,8.0,Small Cap
Mishtann Foods Ltd.,INE094S01041,539594,,Consumer Staples,Crop Farming,2026-09-01,Unrated,Unrated,Unrated,Unrated,1.0,Small Cap
Misquita Engineering Ltd.,INE957W01025,542801,,Industrials,Ball Bearings,2026-08-27,Unrated,Unrated,Unrated,Unrated,UNRATED,Small Cap
Mitcon Consultancy & Engineering Services Ltd.,INE828O01033,,MITCON,Diversified,Diversified Services,2026-09-01,Unrated,Unrated,Unrated,Unrated,9.0,Small Cap
Mitshi India Ltd.,INE844D01017,523782,,Technology,Software,2026-09-01,Unrated,Unrated,Unrated,Unrated,5.0,Small Cap
Mitsu Chem Plast Ltd.,INE317V01016,540078,,Materials,Plastic Materials,2026-09-01,Unrated,Unrated,Unrated,Unrated,10.0,Small Cap
Mittal Life Style Ltd.,INE997Y01027,,MITTAL,Consumer Discretionary,Readymade Garment,2026-09-01,Unrated,Unrated,Unrated,Unrated,2.0,Small Cap
Mittal Sections Ltd,INE833Q01012,544575,,Materials,Iron & Steel,2026-09-01,4.0,6.0,8.0,5.0,1.0,Small Cap
Miven Machine Tools Ltd.,INE338P01014,522036,,Industrials,Industrial Machinery,2026-09-01,Unrated,Unrated,Unrated,Unrated,UNRATED,Small Cap
Mizzen Ventures Ltd.,INE681K01018,531537,,Industrials,Construction & Engineering - Diversified,2026-09-01,Unrated,Unrated,Unrated,Unrated,1.0,Small Cap
MK Exim (India) Ltd.,INE227F01010,538890,,Consumer Discretionary,Integrated Textiles,2026-09-01,Unrated,Unrated,Unrated,Unrated,7.0,Small Cap
MK Proteins Ltd.,INE964W01021,543919,MKPL,Consumer Staples,Edible Oil,2026-09-01,Unrated,Unrated,Unrated,Unrated,2.0,Small Cap
MKVentures Capital Ltd.,INE874A01010,514238,,Financial,Investment Banking,2026-09-01,4.0,8.0,6.0,4.0,6.0,Small Cap
MM Forgings Ltd.,INE227C01017,522241,MMFL,Materials,Stainless Steel,2026-09-01,3.0,2.0,7.0,4.0,10.0,Small Cap
MMP Industries Ltd.,INE511Y01018,,MMP,Materials,Aluminium Products,2026-09-01,4.0,5.0,7.0,4.0,10.0,Small Cap
MM Rubber Company Ltd.,INE159E01026,509196,,Materials,Rubber & Rubber Products,2026-09-01,Unrated,Unrated,Unrated,Unrated,3.0,Small Cap
MMTC Ltd.,INE123F01029,513377,MMTC,Diversified,Diversified Trading,2026-09-01,2.0,5.0,4.0,3.0,7.0,Small Cap
Mobavenue AI Tech Ltd.,INE622Q01019,539682,,Consumer Staples,Education Services,2026-09-01,Unrated,Unrated,Unrated,Unrated,3.0,Small Cap
Mobilise App Lab Ltd,INE1YNB01019,,MOBILISE,Technology,Software & Services - Diversified,2026-09-01,Unrated,Unrated,Unrated,Unrated,UNRATED,Small Cap
Modella Woollens Ltd.,INE380D01012,503772,,Consumer Discretionary,Woollen Textiles,2026-08-31,Unrated,Unrated,Unrated,Unrated,UNRATED,Small Cap
Modern Dairies Ltd.,INE617B01011,519287,,Consumer Staples,Dairy Products,2026-09-01,Unrated,Unrated,Unrated,Unrated,5.0,Small Cap
Modern Diagnostic & Research Centre Ltd,INE1HK501016,544673,,Healthcare,Medical Diagnostics Services,2026-09-01,5.0,7.0,9.0,9.0,1.0,Small Cap
Modern Engineering And Projects Ltd.,INE250S01015,539762,,Consumer Staples,Other Agriculture Products,2026-09-01,Unrated,Unrated,Unrated,Unrated,4.0,Small Cap
Modern Insulators Ltd.,INE219W01012,515008,MODINSULAT,Industrials,Industrial Machinery,2026-09-01,3.0,3.0,7.0,2.0,10.0,Small Cap
Modern Malleables Ltd.,INE834C01028,517336,MODERNMAL,Materials,Other Metal Products,2026-09-01,Unrated,Unrated,Unrated,Unrated,10.0,Small Cap
Modern Shares & Stockbrokers Ltd.,INE370A01019,509760,,Financial,Brokerage Services,2026-09-01,Unrated,Unrated,Unrated,Unrated,6.0,Small Cap
Modern Steels Ltd.,INE001F01019,513303,,Materials,Aluminium Products,2026-09-01,Unrated,Unrated,Unrated,Unrated,5.0,Small Cap
Modern Threads (India) Ltd.,INE794W01014,500282,MODTHREAD,Consumer Discretionary,Yarn,2026-09-01,Unrated,Unrated,Unrated,Unrated,8.0,Small Cap
Modi Naturals Ltd.,INE537F01012,519003,,Consumer Staples,Edible Oil,2026-09-01,3.0,3.0,7.0,5.0,7.0,Small Cap
Modipon Ltd.,INE170C01019,503776,MODIPON,Real Estate,Real Estate Operations,2026-09-01,Unrated,Unrated,Unrated,Unrated,7.0,Small Cap
Modi Rubber Ltd.,INE832A01018,500890,MODIRUBBER,Consumer Discretionary,Tyres & Tubes,2026-09-01,3.0,1.0,5.0,5.0,7.0,Small Cap
Modi's Navnirman Ltd.,INE0L0L01012,543539,MODIS,Real Estate,Real Estate - Diversified,2026-09-01,Unrated,Unrated,Unrated,Unrated,9.0,Small Cap
Modison Ltd.,INE737D01021,506261,MODISONLTD,Consumer Discretionary,Miscellaneous Textiles,2026-09-01,3.0,2.0,6.0,3.0,10.0,Small Cap
Modulex Construction Technologies Ltd.,INE064R01012,504273,,Industrials,Construction & Engineering - Diversified,2026-09-01,Unrated,Unrated,Unrated,Unrated,3.0,Small Cap
Mohini Health & Hygiene Ltd.,INE450S01011,,MHHL,Healthcare,Medical Supplies,2026-09-01,Unrated,Unrated,Unrated,Unrated,UNRATED,Small Cap
Mohit Industries Ltd.,INE954E01012,531453,MOHITIND,Consumer Discretionary,Miscellaneous Textiles,2026-09-01,Unrated,Unrated,Unrated,Unrated,5.0,Small Cap
Mohite Industries Ltd.,INE154B01023,532140,,Consumer Discretionary,Miscellaneous Textiles,2026-09-01,Unrated,Unrated,Unrated,Unrated,6.0,Small Cap
Mohit Paper Mills Ltd.,INE388C01017,530169,,Materials,Paper & Paper Products,2026-09-01,Unrated,Unrated,Unrated,Unrated,5.0,Small Cap
MOIL Ltd.,INE490G01020,533286,MOIL,Materials,Other Minerals,2026-09-01,3.0,7.0,6.0,6.0,3.0,Small Cap
Moksh Ornaments Ltd.,INE514Y01020,,MOKSH,Consumer Discretionary,Gems & Jewellery,2026-09-01,Unrated,Unrated,Unrated,Unrated,2.0,Small Cap
Molbio Diagnostics Ltd,INE869T01028,544866,MOLBIO,Healthcare,Medical Diagnostics Services,2026-09-01,3.0,5.0,8.0,5.0,UNRATED,
Mold-Tek Packaging Ltd.,INE893J01029,533080,MOLDTKPAC,Materials,Plastic Packaging,2026-09-01,3.0,5.0,6.0,4.0,8.0,Small Cap
Mold-Tek Technologies Ltd.,INE835B01035,526263,MOLDTECH,Industrials,Construction & Engineering - Diversified,2026-09-01,5.0,9.0,6.0,5.0,9.0,Small Cap
Monarch Networth Capital Ltd.,INE903D01011,511551,MONARCH,Financial,Financial Services - Diversified,2026-09-01,4.0,6.0,6.0,6.0,9.0,Small Cap
Monarch Surveyors And Engineering Consultants Ltd,INE0V0L01028,544453,,Industrials,Building Contractors,2026-09-01,5.0,9.0,8.0,7.0,6.0,Small Cap
Moneyboxx Finance Ltd.,INE296Q01012,538446,MONEYBOXX,Financial,Microfinancing,2026-09-01,3.0,1.0,7.0,7.0,4.0,Small Cap
Money Masters Leasing & Finance Ltd.,INE340O01021,535910,,Financial,Leasing and Hire Purchase,2026-09-01,Unrated,Unrated,Unrated,Unrated,2.0,Small Cap
Monika Alcobev Ltd,INE0LCG01010,544451,,Consumer Staples,Alcoholic Beverages - Diversified,2026-09-01,4.0,5.0,7.0,6.0,1.0,Small Cap
Monind Ltd.,INE407E01029,532078,,Materials,Metals - Diversified,2026-09-01,Unrated,Unrated,Unrated,Unrated,UNRATED,Small Cap
Monolithisch India Ltd,INE1DV401010,,MONOLITH,Industrials,Refractories,2026-09-01,5.0,9.0,10.0,6.0,10.0,Small Cap
Mono Pharmacare Ltd,INE0OIP01012,,,Healthcare,Pharmaceuticals - Diversified,2026-09-01,Unrated,Unrated,Unrated,Unrated,UNRATED,Small Cap
Monotype India Ltd.,INE811D01024,505343,,Financial,NBFC - Diversified,2026-09-01,Unrated,Unrated,Unrated,Unrated,1.0,Small Cap
Monte Carlo Fashions Ltd.,INE950M01013,538836,MONTECARLO,Consumer Discretionary,Readymade Garment,2026-09-01,4.0,6.0,5.0,7.0,5.0,Small Cap
Moongipa Capital Finance Ltd.,INE153K01018,530167,,Financial,NBFC - Diversified,2026-09-01,Unrated,Unrated,Unrated,Unrated,7.0,Small Cap
Mopshop Distribution Ltd,INE2F5H01015,544883,,Consumer Staples,Personal Hygiene,2026-09-01,5.0,9.0,6.0,7.0,UNRATED,
Morarjee Textiles Ltd.,INE161G01027,532621,MORARJEE,Consumer Discretionary,Organic Fabrics,2026-08-31,Unrated,Unrated,Unrated,Unrated,UNRATED,Small Cap
Morarka Finance Ltd.,INE367A01015,511549,,Financial,Investment Services,2026-09-01,Unrated,Unrated,Unrated,Unrated,5.0,Small Cap
Morepen Laboratories Ltd.,INE083A01026,500288,MOREPENLAB,Healthcare,API / Generic Pharmaceuticals,2026-09-01,3.0,3.0,6.0,2.0,10.0,Small Cap
Morganite Crucible (India) Ltd.,INE599F01020,523160,,Industrials,Refractories,2026-09-01,5.0,10.0,8.0,5.0,8.0,Small Cap
Morgan Ventures Ltd.,INE902C01015,526237,,Financial,NBFC - Diversified,2026-09-01,Unrated,Unrated,Unrated,Unrated,2.0,Small Cap
Moschip Technologies Ltd.,INE935B01025,532407,MOSCHIP,Technology,Semiconductors,2026-09-01,3.0,4.0,8.0,3.0,8.0,Small Cap
MOS Utility Ltd.,INE0N7S01028,,MOS,Technology,Online Services,2026-09-01,Unrated,Unrated,Unrated,Unrated,3.0,Small Cap
Mother Nutri Foods Ltd,INE0UH001016,544623,,Consumer Staples,Specialised Foods Products,2026-08-28,3.0,4.0,7.0,6.0,UNRATED,Small Cap
Motherson Sumi Wiring India Ltd.,INE0FS801015,543498,MSUMI,Industrials,Wires & Cables,2026-09-01,3.0,7.0,5.0,5.0,3.0,Small Cap
Motilal Oswal Financial Services Ltd.,INE338I01027,532892,MOTILALOFS,Financial,Financial Services - Diversified,2026-09-01,2.0,1.0,4.0,3.0,7.0,Mid Cap
Motisons Jewellers Ltd,INE0FRK01020,544053,MOTISONS,Consumer Discretionary,Gems & Jewellery,2026-09-01,2.0,1.0,6.0,4.0,6.0,Small Cap
The Motor & General Finance Ltd.,INE861B01023,501343,MOTOGENFIN,Real Estate,Real Estate Lease & Renting,2026-09-01,Unrated,Unrated,Unrated,Unrated,8.0,Small Cap
Moving Media Entertainment Ltd,INE0XM301010,,MMEL,Industrials,Equipment Rental,2026-09-01,4.0,7.0,6.0,5.0,1.0,Small Cap
Moxsh Overseas Educon Ltd.,INE0N6D01014,,MOXSH,Consumer Staples,Education Services,2026-09-01,Unrated,Unrated,Unrated,Unrated,UNRATED,Small Cap
MP Agro Industries Ltd.,INE468C01017,506543,MPAGROFERT,Materials,Fertilisers,2026-09-01,Unrated,Unrated,Unrated,Unrated,6.0,Small Cap
MPDL Ltd.,INE493H01014,532723,,Real Estate,Real Estate Development,2026-09-01,Unrated,Unrated,Unrated,Unrated,UNRATED,Small Cap
Mphasis Ltd.,INE356A01018,526299,MPHASIS,Technology,IT Services & Consulting,2026-09-01,3.0,7.0,5.0,6.0,4.0,Mid Cap
MPIL Corporation Ltd.,INE844C01027,500450,MATHPLATT,Industrials,Business Consultancy,2026-08-31,Unrated,Unrated,Unrated,Unrated,1.0,Small Cap
M P K Steels (I) Ltd,INE1PJP01015,544553,,Materials,Iron & Steel,2026-09-01,2.0,1.0,5.0,6.0,UNRATED,Small Cap
MPL Plastics Ltd.,INE343A01016,526143,MILTONPLAS,Materials,Containers & Packaging - Diversified,2026-09-01,Unrated,Unrated,Unrated,Unrated,4.0,Small Cap
MPS Ltd.,INE943D01017,532440,MPSLTD,Technology,Online Services,2026-09-01,5.0,10.0,8.0,4.0,10.0,Small Cap
MRC Agrotech Ltd.,INE333Y01017,540809,,Consumer Staples,Food Wholesale & Distributors,2026-09-01,Unrated,Unrated,Unrated,Unrated,3.0,Small Cap
MRF Ltd.,INE883A01011,500290,MRF,Consumer Discretionary,Tyres & Tubes,2026-09-01,3.0,5.0,7.0,5.0,2.0,Mid Cap
M R Maniveni Foods Ltd,INE0YD301010,544768,,Consumer Staples,Food Wholesale & Distributors,2026-08-31,5.0,6.0,9.0,7.0,UNRATED,Small Cap
MRP Agro Ltd.,INE0D7801012,543262,,Consumer Staples,Food Wholesale & Distributors,2026-09-01,Unrated,Unrated,Unrated,Unrated,5.0,Small Cap
Mrs. Bectors Food Specialities Ltd.,INE495P01020,543253,BECTORFOOD,Consumer Staples,Bakery Product,2026-09-01,3.0,8.0,7.0,4.0,6.0,Small Cap
Mrugesh Trading Ltd.,INE738D01029,512065,,Financial,Miscellaneous Financial Services,2026-09-01,Unrated,Unrated,Unrated,Unrated,10.0,Small Cap
Msafe Equipments Ltd,INE2B5L01011,544695,,Materials,Aluminium Products,2026-09-01,5.0,9.0,10.0,6.0,10.0,Small Cap
MSP Steel & Power Ltd.,INE752G01015,532650,MSPL,Materials,Aluminium Products,2026-09-01,2.0,1.0,6.0,3.0,8.0,Small Cap
MSR Copper Ltd.,INE331L01026,508922,,Materials,Copper Ore,2026-08-31,Unrated,Unrated,Unrated,Unrated,UNRATED,Small Cap
MSTC Ltd.,INE255X01014,542597,MSTCLTD,Technology,Online Services,2026-09-01,5.0,8.0,7.0,5.0,9.0,Small Cap
MTAR Technologies Ltd.,INE864I01014,543270,MTARTECH,Industrials,Other Machinery,2026-09-01,2.0,2.0,7.0,1.0,10.0,Small Cap
MT Educare Ltd.,INE472M01018,534312,MTEDUCARE,Consumer Staples,Education Services,2026-09-01,Unrated,Unrated,Unrated,Unrated,8.0,Small Cap
Mahanagar Telephone Nigam Ltd.,INE153A01019,500108,MTNL,Technology,Wired Telecom Services,2026-09-01,Unrated,Unrated,Unrated,Unrated,2.0,Small Cap
Mudunuru Ltd.,INE491C01027,538743,,Technology,Software,2026-08-31,Unrated,Unrated,Unrated,Unrated,UNRATED,Small Cap
Mufin Green Finance Ltd.,INE08KJ01020,542774,MUFIN,Financial,NBFC - Diversified,2026-09-01,2.0,3.0,6.0,3.0,9.0,Small Cap
Mukand Ltd.,INE304A01026,500460,MUKANDLTD,Materials,Iron & Steel,2026-09-01,3.0,2.0,5.0,7.0,7.0,Small Cap
Mukat Pipes Ltd.,INE862C01029,523832,MUKATPIPE,Industrials,Steel Tubes & Pipes,2026-09-01,Unrated,Unrated,Unrated,Unrated,3.0,Small Cap
Mukesh Babu Financial Services Ltd.,INE596B01017,530341,,Financial,Investment Banking,2026-09-01,Unrated,Unrated,Unrated,Unrated,7.0,Small Cap
Mukka Proteins Ltd,INE0CG401037,544135,MUKKA,Healthcare,Food supplement,2026-09-01,3.0,3.0,6.0,5.0,7.0,Small Cap
Mukta Agriculture Ltd.,INE160O01031,535204,,Consumer Staples,Agriculture & Farming Services,2026-09-01,Unrated,Unrated,Unrated,Unrated,6.0,Small Cap
Mukta Arts Ltd.,INE374B01019,532357,MUKTAARTS,Consumer Discretionary,Media & Entertainment Conglomerate,2026-09-01,Unrated,Unrated,Unrated,Unrated,5.0,Small Cap
Muller & Phipps (India) Ltd.,INE003F01015,501477,,Consumer Staples,Personal Hygiene,2026-09-01,Unrated,Unrated,Unrated,Unrated,UNRATED,Small Cap
Multibase India Ltd.,INE678F01014,526169,,Materials,Plastic Materials,2026-09-01,Unrated,Unrated,Unrated,Unrated,2.0,Small Cap
Munish Forge Ltd,INE1K8Y01018,,MUNISH,Materials,Castings & Forgings,2026-09-01,3.0,3.0,8.0,6.0,9.0,Small Cap
Munjal Auto Industries Ltd.,INE672B01032,520059,MUNJALAU,Consumer Discretionary,Automotive Accessories,2026-09-01,3.0,2.0,7.0,4.0,9.0,Small Cap
Munjal Showa Ltd.,INE577A01027,520043,MUNJALSHOW,Consumer Discretionary,Auto Ancillaries,2026-09-01,3.0,4.0,6.0,7.0,7.0,Small Cap
Munoth Capital Markets Ltd.,INE910G01027,511200,,Financial,Wealth Management,2026-08-31,Unrated,Unrated,Unrated,Unrated,UNRATED,Small Cap
Munoth Communication Ltd.,INE410E01015,511401,,Technology,Phones & Handheld Devices,2026-08-28,Unrated,Unrated,Unrated,Unrated,UNRATED,Small Cap
Munoth Financial Services Ltd.,INE348D01019,531821,,Financial,Financial Services - Diversified,2026-08-31,Unrated,Unrated,Unrated,Unrated,UNRATED,Small Cap
Murudeshwar Ceramics Ltd.,INE692B01014,515037,MURUDCERA,Industrials,Ceramic Tiles and Sanitaryware,2026-09-01,Unrated,Unrated,Unrated,Unrated,2.0,Small Cap
Music Broadcast Ltd.,INE919I01024,540366,RADIOCITY,Consumer Discretionary,Radio Broadcasting,2026-09-01,Unrated,Unrated,Unrated,Unrated,6.0,Small Cap
Muthoot Capital Services Ltd.,INE296G01013,511766,MUTHOOTCAP,Financial,NBFC - Diversified,2026-09-01,4.0,4.0,6.0,8.0,7.0,Small Cap
Muthoot Finance Ltd.,INE414G01012,533398,MUTHOOTFIN,Financial,NBFC - Diversified,2026-09-01,5.0,10.0,10.0,7.0,4.0,Large Cap
Muthoot Microfin Ltd,INE046W01019,544055,MUTHOOTMF,Financial,Microfinancing,2026-09-01,4.0,4.0,7.0,6.0,8.0,Small Cap
MV Electrosystems Ltd.,INE0OWZ01020,544851,MVELECTRO,Industrials,Electronic Equipment,2026-09-01,1.0,1.0,2.0,3.0,UNRATED,
M.V.K. Agro Food Product Ltd,INE0SGC01015,,MVKAGRO,Consumer Staples,Sugar,2026-09-01,1.0,1.0,2.0,5.0,1.0,Small Cap
My Money Securities Ltd.,INE232L01018,538862,,Financial,Brokerage Services,2026-09-01,Unrated,Unrated,Unrated,Unrated,5.0,Small Cap
My Mudra Fincorp Ltd,INE0RVQ01016,,MYMUDRA,Financial,Other Financial Institutions,2026-09-01,Unrated,Unrated,Unrated,Unrated,6.0,Small Cap
Mysore Petro Chemicals Ltd.,INE741A01011,506734,MYSORPETRO,Materials,Commodity Chemicals Trading,2026-09-01,Unrated,Unrated,Unrated,Unrated,9.0,Small Cap
Mystic Electronics Ltd.,INE159O01033,535205,,Technology,Technology Hardware Trading,2026-09-01,Unrated,Unrated,Unrated,Unrated,6.0,Small Cap
N2N Technologies Ltd.,INE043F01011,512279,,Technology,IT Services & Consulting,2026-08-24,Unrated,Unrated,Unrated,Unrated,UNRATED,Small Cap
Naapbooks Ltd.,INE0GOA01018,543351,,Technology,IT Services & Consulting,2026-09-01,Unrated,Unrated,Unrated,Unrated,8.0,Small Cap
NACDAC Infrastructure Ltd,INE0LB101011,544313,,Industrials,Construction & Engineering - Diversified,2026-09-01,Unrated,Unrated,Unrated,Unrated,UNRATED,Small Cap
NACL Industries Ltd.,INE295D01020,524709,NACLIND,Materials,Pesticides,2026-09-01,1.0,1.0,5.0,2.0,7.0,Small Cap
Naga Dhunseri Group Ltd.,INE756C01015,,NDGL,Financial,NBFC - Diversified,2026-09-01,Unrated,Unrated,Unrated,Unrated,6.0,Small Cap
Nagarjuna Agri Tech Ltd.,INE793H01017,531832,,Consumer Staples,Floriculture,2026-09-01,Unrated,Unrated,Unrated,Unrated,3.0,Small Cap
Nagarjuna Fertilizers and Chemicals Ltd.,INE454M01024,539917,NAGAFERT,Materials,Fertilisers,2026-08-31,Unrated,Unrated,Unrated,Unrated,UNRATED,Small Cap
Nagpur Power & Industries Ltd.,INE099E01016,532362,,Industrials,Electronic Components,2026-09-01,Unrated,Unrated,Unrated,Unrated,9.0,Small Cap
Nagreeka Capital & Infrastructure Ltd.,INE245I01016,532895,NAGREEKCAP,Financial,Investment Holding Companies,2026-09-01,Unrated,Unrated,Unrated,Unrated,4.0,Small Cap
Nagreeka Exports Ltd.,INE123B01028,521109,NAGREEKEXP,Consumer Discretionary,Yarn,2026-09-01,Unrated,Unrated,Unrated,Unrated,5.0,Small Cap
Nahar Capital And Financial Services Ltd.,INE049I01012,532952,NAHARCAP,Financial,Investment Holding Companies,2026-09-01,5.0,7.0,7.0,8.0,6.0,Small Cap
Nahar Industrial Enterprises Ltd.,INE289A01011,519136,NAHARINDUS,Consumer Discretionary,Miscellaneous Textiles,2026-09-01,3.0,1.0,7.0,5.0,9.0,Small Cap
Nahar Poly Films Ltd.,INE308A01027,523391,NAHARPOLY,Materials,Plastic Packaging,2026-09-01,4.0,6.0,6.0,6.0,5.0,Small Cap
Nahar Spinning Mills Ltd.,INE290A01027,500296,NAHARSPING,Consumer Discretionary,Miscellaneous Textiles,2026-09-01,3.0,1.0,8.0,6.0,10.0,Small Cap
Nakoda Group Of Industries Ltd.,INE236Y01012,541418,NGIL,Consumer Staples,Food Processing - Diversified,2026-09-01,Unrated,Unrated,Unrated,Unrated,9.0,Small Cap
Nalin Lease Finance Ltd.,INE606C01012,531212,,Financial,NBFC - Diversified,2026-09-01,Unrated,Unrated,Unrated,Unrated,3.0,Small Cap
Nalwa Sons Investments Ltd.,INE023A01030,532256,NSIL,Financial,Investment Services,2026-09-01,3.0,7.0,7.0,3.0,3.0,Small Cap
Naman Industries Proxima Limited,INE0RJM01010,,NAMAN,Industrials,Other Business Services,2026-09-01,Unrated,Unrated,Unrated,Unrated,UNRATED,Small Cap
Namo EWaste Management Ltd,INE08NZ01012,,NAMOEWASTE,Industrials,Waste Management,2026-09-01,Unrated,Unrated,Unrated,Unrated,9.0,Small Cap
NAM Securities Ltd.,INE792G01011,538395,,Financial,Brokerage Services,2026-09-01,Unrated,Unrated,Unrated,Unrated,7.0,Small Cap
Nanavati Ventures Ltd.,INE0E5R01017,543522,,Consumer Discretionary,Gems & Jewellery,2026-09-01,Unrated,Unrated,Unrated,Unrated,1.0,Small Cap
Nandan Denim Ltd.,INE875G01048,532641,NDL,Consumer Discretionary,Integrated Textiles,2026-09-01,2.0,1.0,4.0,7.0,4.0,Small Cap
Nandani Creation Ltd.,INE696V01013,,JAIPURKURT,Consumer Discretionary,Readymade Garment,2026-09-01,Unrated,Unrated,Unrated,Unrated,2.0,Small Cap
Nanta Tech Ltd,INE0YJA01011,544668,,Technology,IT Services & Consulting,2026-09-01,3.0,5.0,2.0,7.0,2.0,Small Cap
Naperol Investments Ltd.,INE585A01020,500298,NATPEROXID,Materials,Speciality Chemicals - Diversified,2026-09-01,3.0,6.0,5.0,6.0,6.0,Small Cap
NAPS Global India Ltd,INE0VNH01014,544373,,Consumer Discretionary,Organic Fabrics,2026-09-01,Unrated,Unrated,Unrated,Unrated,UNRATED,Small Cap
Narayana Hrudayalaya Ltd.,INE410P01011,539551,NH,Healthcare,Hospitals & Clinics,2026-09-01,3.0,8.0,8.0,4.0,5.0,Mid Cap
Narayani Steels Ltd.,INE715T01031,540080,,Materials,Iron & Steel,2026-09-01,Unrated,Unrated,Unrated,Unrated,3.0,Small Cap
Narendra Properties Ltd.,INE603F01012,531416,,Real Estate,Real Estate Development,2026-09-01,Unrated,Unrated,Unrated,Unrated,7.0,Small Cap
Narmada Agrobase Ltd.,INE117Z01011,543643,NARMADA,Consumer Staples,Pet & Animal Feed,2026-09-01,Unrated,Unrated,Unrated,Unrated,2.0,Small Cap
Narmada Gelatines Ltd.,INE869A01010,526739,SHAWGELTIN,Materials,Commodity Chemicals - Diversified,2026-09-01,Unrated,Unrated,Unrated,Unrated,9.0,Small Cap
Narmada Macplast Drip Irrigation Systems Ltd.,INE060D01028,517431,,Industrials,Agricultural Machinery,2026-09-01,Unrated,Unrated,Unrated,Unrated,7.0,Small Cap
Narmadesh Brass Industries Ltd,INE0S1B01014,544680,,Materials,Other Metal Products,2026-08-24,2.0,4.0,2.0,5.0,UNRATED,Small Cap
Natco Pharma Ltd.,INE987B01026,524816,NATCOPHARM,Healthcare,Pharmaceuticals - Diversified,2026-09-01,4.0,9.0,7.0,7.0,4.0,Small Cap
Nath Industries Ltd.,INE777A01023,502587,,Materials,Paper & Paper Products,2026-09-01,Unrated,Unrated,Unrated,Unrated,2.0,Small Cap
Nath Bio-Genes (India) Ltd.,INE448G01010,537291,NATHBIOGEN,Consumer Staples,Crop Farming,2026-09-01,2.0,1.0,2.0,7.0,6.0,Small Cap
National Aluminium Company Ltd.,INE139A01034,532234,NATIONALUM,Materials,Aluminium,2026-09-01,5.0,10.0,8.0,7.0,8.0,Mid Cap
National Fertilizers Ltd.,INE870D01012,523630,NFL,Materials,Fertilisers,2026-09-01,2.0,1.0,6.0,5.0,2.0,Small Cap
National Fittings Ltd.,INE643C01015,531289,,Materials,Stainless Steel,2026-09-01,Unrated,Unrated,Unrated,Unrated,7.0,Small Cap
National General Industries Ltd.,INE654H01011,531651,,Materials,Aluminium Products,2026-09-01,Unrated,Unrated,Unrated,Unrated,UNRATED,Small Cap
National Oxygen Ltd.,INE296D01010,507813,NOL,Materials,Industrial Gases,2026-09-01,Unrated,Unrated,Unrated,Unrated,2.0,Small Cap
National Peroxide Ltd,INE0PO601011,544205,,Materials,Commodity Chemicals - Diversified,2026-09-01,2.0,5.0,3.0,3.0,9.0,Small Cap
National Plastic Industries Ltd.,INE233D01013,526616,,Consumer Discretionary,Home Furnitures,2026-09-01,Unrated,Unrated,Unrated,Unrated,1.0,Small Cap
National Plastic Technologies Ltd.,INE896D01017,531287,,Materials,Plastic Materials,2026-09-01,Unrated,Unrated,Unrated,Unrated,5.0,Small Cap
National Plywood Industries Ltd.,INE497C01016,516062,,Materials,Wood & Wood Products,2026-09-01,Unrated,Unrated,Unrated,Unrated,1.0,Small Cap
National Securities Depository Ltd,INE301O01023,544467,NSDL,Financial,Investment Services,2026-09-01,3.0,9.0,5.0,1.0,UNRATED,Small Cap
National Standard (India) Ltd.,INE166R01015,504882,,Real Estate,Real Estate Development,2026-09-01,2.0,1.0,5.0,8.0,1.0,Small Cap
Natraj Proteins Ltd.,INE444D01016,530119,,Consumer Staples,Edible Oil,2026-09-01,Unrated,Unrated,Unrated,Unrated,8.0,Small Cap
Natura Hue Chem Ltd.,INE487B01019,531834,,Industrials,Business Consultancy,2026-09-01,Unrated,Unrated,Unrated,Unrated,10.0,Small Cap
Natural Biocon (India) Ltd.,INE06MM01016,543207,,Materials,Speciality Chemicals - Diversified,2026-09-01,Unrated,Unrated,Unrated,Unrated,3.0,Small Cap
Natural Capsules Ltd.,INE936B01015,524654,NATCAPSUQ,Healthcare,Branded Medicines,2026-09-01,Unrated,Unrated,Unrated,Unrated,6.0,Small Cap
Naturewings Holidays Ltd,INE0N4701016,544245,,Consumer Discretionary,Travel & Tourism,2026-08-28,Unrated,Unrated,Unrated,Unrated,UNRATED,Small Cap
Naturite Agro Products Ltd.,INE223R01014,538926,,Consumer Staples,Other Agriculture Products,2026-09-01,Unrated,Unrated,Unrated,Unrated,3.0,Small Cap
Nava Ltd.,INE725A01030,513023,NAVA,Diversified,Diversified Others,2026-09-01,3.0,7.0,6.0,5.0,3.0,Small Cap
Navin Fluorine International Ltd.,INE048G01026,532504,NAVINFLUOR,Materials,Commodity Chemicals - Diversified,2026-09-01,4.0,8.0,8.0,3.0,9.0,Small Cap
Navkar Corporation Ltd.,INE278M01019,539332,NAVKARCORP,Industrials,Multimodal Logistics,2026-09-01,2.0,4.0,6.0,2.0,5.0,Small Cap
Navkar Urbanstructure Ltd.,INE268H01044,531494,NAVKARURB,Real Estate,Real Estate Development,2026-09-01,Unrated,Unrated,Unrated,Unrated,1.0,Small Cap
Navneet Education Ltd.,INE060A01024,508989,NAVNETEDUL,Consumer Discretionary,Book Publishing,2026-09-01,3.0,6.0,6.0,6.0,4.0,Small Cap
Naysaa Securities Ltd.,INE898Q01015,538668,,Financial,Investment Services,2026-09-01,2.0,3.0,7.0,2.0,9.0,Small Cap
Nazara Technologies Ltd.,INE418L01047,543280,NAZARA,Technology,Software & Services - Diversified,2026-09-01,2.0,1.0,6.0,4.0,9.0,Small Cap
NBCC (India) Ltd.,INE095N01031,534309,NBCC,Industrials,Construction & Engineering - Diversified,2026-09-01,2.0,5.0,6.0,5.0,3.0,Small Cap
N.B.I. Industrial Finance Co. Ltd.,INE365I01020,,NBIFIN,Financial,NBFC - Diversified,2026-09-01,2.0,1.0,4.0,5.0,6.0,Small Cap
NCC Ltd.,INE868B01028,500294,NCC,Industrials,Construction & Engineering - Diversified,2026-09-01,2.0,2.0,5.0,6.0,3.0,Small Cap
NCC Blue Water Products Ltd.,INE630N01019,519506,,Consumer Staples,Aquaculture,2026-09-01,Unrated,Unrated,Unrated,Unrated,UNRATED,Small Cap
NCL Industries Ltd.,INE732C01016,502168,NCLIND,Materials,Cement,2026-09-01,3.0,5.0,6.0,7.0,3.0,Small Cap
NCL Research & Financial Services Ltd.,INE132F01038,530557,,Financial,NBFC - Diversified,2026-09-01,Unrated,Unrated,Unrated,Unrated,9.0,Small Cap
NDA Securities Ltd.,INE026C01013,511535,,Financial,Brokerage Services,2026-09-01,Unrated,Unrated,Unrated,Unrated,3.0,Small Cap
NXTDigital Ltd.,INE353A01023,500189,NDLVENTURE,Consumer Discretionary,Television Broadcasting,2026-09-01,Unrated,Unrated,Unrated,Unrated,9.0,Small Cap
ND Metal Industries Ltd.,INE643D01013,512024,,Materials,Other Non-Ferrous Metal Mining,2026-08-24,Unrated,Unrated,Unrated,Unrated,UNRATED,Small Cap
NDR Auto Components Ltd.,INE07OG01012,543214,NDRAUTO,Consumer Discretionary,Automotive Accessories,2026-09-01,4.0,9.0,7.0,4.0,5.0,Small Cap
Nectar Lifesciences Ltd.,INE023H01027,532649,NECLIFE,Healthcare,API / Generic Pharmaceuticals,2026-09-01,Unrated,Unrated,Unrated,Unrated,4.0,Small Cap
Neelamalai Agro Industries Ltd.,INE605D01012,508670,,Consumer Staples,Tea & Coffee,2026-09-01,Unrated,Unrated,Unrated,Unrated,6.0,Small Cap
Neelam Linens And Garments (India) Ltd,INE0N1401016,,NEELAM,Consumer Discretionary,Organic Fabrics,2026-09-01,Unrated,Unrated,Unrated,Unrated,UNRATED,Small Cap
Neelkanth Rockminerals Ltd.,INE741D01015,531049,,Materials,Granite Marble & Stones,2026-09-01,Unrated,Unrated,Unrated,Unrated,UNRATED,Small Cap
Neeraj Paper Marketing Ltd.,INE894J01019,539409,,Materials,Basic Materials Trading,2026-08-31,Unrated,Unrated,Unrated,Unrated,UNRATED,Small Cap
Neetu Yoshi Ltd,INE0UZO01024,544434,,Industrials,Railway Locomotive & Rolling Stock,2026-09-01,5.0,8.0,8.0,6.0,9.0,Small Cap
NEIL Industries Ltd.,INE396C01010,539016,,Financial,NBFC - Diversified,2026-09-01,Unrated,Unrated,Unrated,Unrated,6.0,Small Cap
Nelcast Ltd.,INE189I01024,532864,NELCAST,Materials,Castings & Forgings,2026-09-01,2.0,2.0,6.0,5.0,5.0,Small Cap
Nelco Ltd.,INE045B01015,504112,NELCO,Technology,Satellite Service Operators,2026-09-01,2.0,1.0,5.0,2.0,9.0,Small Cap
NEL Holdings South Ltd.,INE639K01016,533202,NITESHEST,Real Estate,Real Estate Development,2026-09-01,Unrated,Unrated,Unrated,Unrated,7.0,Small Cap
Neochem Bio Solutions Ltd,INE21UM01018,,NEOCHEM,Consumer Discretionary,Fabric Dyeing & Finishing,2026-09-01,4.0,5.0,9.0,6.0,6.0,Small Cap
Neogen Chemicals Ltd.,INE136S01016,542665,NEOGEN,Materials,Diversified Chemicals,2026-09-01,2.0,1.0,5.0,3.0,10.0,Small Cap
Neo Infracon Ltd.,INE216I01017,514332,,Real Estate,Real Estate Development,2026-09-01,Unrated,Unrated,Unrated,Unrated,UNRATED,Small Cap
Neopolitan Pizza Ltd.,INE471R01019,544269,,Consumer Staples,Food Processing - Diversified,2026-08-21,Unrated,Unrated,Unrated,Unrated,UNRATED,Small Cap
Nephrocare Health Services Ltd,INE428V01029,544647,NEPHROPLUS,Healthcare,Medical Diagnostics Services,2026-09-01,3.0,3.0,10.0,5.0,10.0,Small Cap
Nephro Care India Ltd,INE0SUN01013,,NEPHROCARE,Healthcare,Hospitals & Clinics,2026-09-01,Unrated,Unrated,Unrated,Unrated,5.0,Small Cap
Neptune Logitek Ltd,INE1NQ501012,544663,,Industrials,Multimodal Logistics,2026-09-01,3.0,2.0,10.0,5.0,UNRATED,Small Cap
Neptune Petrochemicals Ltd,INE156901014,,NEPTUNE,Materials,Petrochemical,2026-09-01,5.0,10.0,9.0,6.0,5.0,Small Cap
Nesco Ltd.,INE317F01035,505355,NESCO,Real Estate,Real Estate Lease & Renting,2026-09-01,4.0,10.0,7.0,6.0,3.0,Small Cap
Nestle India Ltd.,INE239A01024,500790,NESTLEIND,Consumer Staples,Dairy Products,2026-09-01,4.0,10.0,4.0,3.0,9.0,Large Cap
Net Avenue Technologies Ltd,INE518X01015,,CBAZAAR,Technology,Online Services,2026-09-01,Unrated,Unrated,Unrated,Unrated,UNRATED,Small Cap
Netlink Solutions (India) Ltd.,INE040F01033,509040,,Technology,Software & Services - Diversified,2026-09-01,Unrated,Unrated,Unrated,Unrated,4.0,Small Cap
Nettlinx Ltd.,INE027D01019,511658,,Technology,Network Equipment & Tools,2026-09-01,Unrated,Unrated,Unrated,Unrated,1.0,Small Cap
Netweb Technologies India Ltd,INE0NT901020,543945,NETWEB,Technology,Software,2026-09-01,4.0,7.0,9.0,4.0,9.0,Small Cap
Network 18 Media & Investments Ltd.,INE870H01013,532798,NETWORK18,Consumer Discretionary,Television Broadcasting,2026-09-01,1.0,1.0,5.0,2.0,1.0,Small Cap
Network People Services Technologies Ltd.,INE0FFK01017,544396,NPST,Technology,Financial Technology,2026-09-01,5.0,10.0,7.0,4.0,8.0,Small Cap
Neueon Towers Ltd.,INE333I01036,532887,NTL,Industrials,Transformers & Transmission Equipment,2026-09-01,Unrated,Unrated,Unrated,Unrated,UNRATED,Small Cap
Neuland Laboratories Ltd.,INE794A01010,524558,NEULANDLAB,Healthcare,API / Generic Pharmaceuticals,2026-09-01,4.0,7.0,8.0,2.0,10.0,Small Cap
New Delhi Television Ltd.,INE155G01029,532529,NDTV,Consumer Discretionary,Television Broadcasting,2026-09-01,1.0,1.0,4.0,1.0,3.0,Small Cap
Newgen Software Technologies Ltd.,INE619B01017,540900,NEWGEN,Technology,IT Services & Consulting,2026-09-01,4.0,9.0,6.0,6.0,5.0,Small Cap
The New India Assurance Company Ltd.,INE470Y01017,540769,NIACL,Financial,Diversified Insurance,2026-09-01,Unrated,Unrated,Unrated,Unrated,6.0,Small Cap
Newjaisa Technologies Ltd,INE0PW501021,,NEWJAISA,Consumer Discretionary,Computer & Electronics Retail,2026-09-01,Unrated,Unrated,Unrated,Unrated,4.0,Small Cap
New Light Industries Ltd.,INE835U01027,540243,,Consumer Discretionary,Readymade Garment,2026-09-01,Unrated,Unrated,Unrated,Unrated,6.0,Small Cap
NewMalayalam Steel Ltd,INE0TP801012,,NMSTEEL,Industrials,Steel Tubes & Pipes,2026-09-01,Unrated,Unrated,Unrated,Unrated,UNRATED,Small Cap
New Markets Advisory Ltd.,INE800K01014,508867,,Industrials,Business Consultancy,2026-08-26,Unrated,Unrated,Unrated,Unrated,UNRATED,Small Cap
New Swan Multitech Ltd,INE0GEN01012,544082,,Industrials,Agricultural Machinery,2026-08-31,Unrated,Unrated,Unrated,Unrated,3.0,Small Cap
Newtime Infrastructure Ltd.,INE997D01021,531959,,Real Estate,Real Estate Development,2026-09-01,Unrated,Unrated,Unrated,Unrated,6.0,Small Cap
Newtrac Foods & Beverages Ltd.,INE229N01010,514060,,Consumer Discretionary,Fabric Dyeing & Finishing,2026-09-01,Unrated,Unrated,Unrated,Unrated,2.0,Small Cap
Nexome Capital Markets Ltd.,INE641A01013,508905,,Financial,Financial Services - Diversified,2026-09-01,Unrated,Unrated,Unrated,Unrated,8.0,Small Cap
Next Mediaworks Ltd.,INE747B01016,532416,NEXTMEDIA,Consumer Discretionary,Media & Entertainment Conglomerate,2026-09-01,Unrated,Unrated,Unrated,Unrated,2.0,Small Cap
Nexus Surgical And Medicare Ltd.,INE370Q01015,538874,,Healthcare,Medical Supplies,2026-09-01,Unrated,Unrated,Unrated,Unrated,7.0,Small Cap
Nexxus Petro Industries Ltd,INE0QUL01011,544265,,Materials,Petrochemical,2026-08-20,Unrated,Unrated,Unrated,Unrated,UNRATED,Small Cap
NFP Sampoorna Foods Ltd,INE0T1501010,,NFPSAMPOOR,Consumer Staples,Specialised Foods Products,2026-09-01,3.0,5.0,3.0,6.0,UNRATED,Small Cap
NG Industries Ltd.,INE825C01018,530897,,Healthcare,Home Healthcare Services,2026-09-01,Unrated,Unrated,Unrated,Unrated,3.0,Small Cap
NGL Fine-Chem Ltd.,INE887E01022,524774,NGLFINE,Healthcare,Veterinary Drugs,2026-09-01,4.0,6.0,7.0,4.0,9.0,Small Cap
NHC Foods Ltd.,INE141C01036,517554,,Consumer Staples,Other Agriculture Products,2026-09-01,Unrated,Unrated,Unrated,Unrated,10.0,Small Cap
NHPC Ltd.,INE848E01016,533098,NHPC,Energy & Utilities,Power Generation - Diversified,2026-09-01,2.0,3.0,5.0,4.0,4.0,Mid Cap
NIBE Ltd.,INE149O01018,535136,NIBE,Industrials,Defence Clothing & Accessories,2026-09-01,2.0,1.0,7.0,2.0,9.0,Small Cap
Nicco Parks & Resorts Ltd.,INE653C01022,526721,,Consumer Discretionary,Amusement Parks,2026-09-01,3.0,9.0,5.0,4.0,6.0,Small Cap
Nidan Laboratories And Healthcare Ltd.,INE0J6L01013,,NIDAN,Healthcare,Medical Diagnostics Services,2026-09-01,Unrated,Unrated,Unrated,Unrated,3.0,Small Cap
Nidhi Granites Ltd.,INE276H01013,512103,,Financial,Investment Holding Companies,2026-09-01,Unrated,Unrated,Unrated,Unrated,5.0,Small Cap
Nihar Info Global Ltd.,INE876E01033,531083,,Technology,Software,2026-09-01,Unrated,Unrated,Unrated,Unrated,7.0,Small Cap
NIIT Ltd.,INE161A01038,500304,NIITLTD,Technology,Software,2026-09-01,3.0,4.0,4.0,4.0,8.0,Small Cap
NIIT Learning Systems Ltd.,INE342G01023,543952,NIITMTS,Consumer Staples,Education Services,2026-09-01,4.0,8.0,7.0,8.0,1.0,Small Cap
Nikhil Adhesives Ltd.,INE926C01022,526159,,Materials,Adhesives,2026-09-01,3.0,4.0,5.0,6.0,8.0,Small Cap
Nikita Greentech Recycling Ltd,INE0FLF01015,,NIKITA,Materials,Paper & Paper Products,2026-09-01,3.0,3.0,7.0,6.0,1.0,Small Cap
Nikki Global Finance Ltd.,INE526C01012,531272,,Financial,NBFC - Diversified,2026-09-01,Unrated,Unrated,Unrated,Unrated,UNRATED,Small Cap
Niks Technology Ltd.,INE0GX601011,543282,,Technology,IT Services & Consulting,2026-08-12,Unrated,Unrated,Unrated,Unrated,UNRATED,Small Cap
Nilachal Carbo Metalicks Ltd,INE346R01013,544510,,Materials,Ferro Alloys,2026-09-01,3.0,5.0,4.0,5.0,UNRATED,Small Cap
Nilachal Refractories Ltd.,INE416N01013,502294,,Industrials,Refractories,2026-09-01,Unrated,Unrated,Unrated,Unrated,7.0,Small Cap
Nila Infrastructures Ltd.,INE937C01029,530377,NILAINFRA,Industrials,Construction & Engineering - Diversified,2026-09-01,3.0,6.0,6.0,6.0,2.0,Small Cap
Nila Spaces Ltd.,INE00S901012,542231,NILASPACES,Real Estate,Real Estate Development,2026-09-01,2.0,6.0,5.0,3.0,4.0,Small Cap
Nile Ltd.,INE445D01013,530129,,Materials,Lead Ore,2026-09-01,2.0,1.0,5.0,6.0,3.0,Small Cap
Nilkamal Ltd.,INE310A01015,523385,NILKAMAL,Materials,Plastic & Resins,2026-09-01,4.0,4.0,7.0,5.0,9.0,Small Cap
Nimbus Projects Ltd.,INE875B01015,511714,NIMBSPROJ,Real Estate,Real Estate Services,2026-09-01,1.0,3.0,5.0,2.0,4.0,Small Cap
Nintec Systems Ltd.,INE395U01014,539843,NINSYS,Technology,Software & Services - Diversified,2026-09-01,5.0,8.0,8.0,5.0,10.0,Small Cap
Nippon Life India Asset Management Ltd.,INE298J01013,540767,NAM-INDIA,Financial,Asset Management Companies,2026-09-01,4.0,10.0,7.0,3.0,9.0,Mid Cap
Niraj Cement Structurals Ltd.,INE368I01016,532986,NIRAJ,Industrials,Road & Highway Construction,2026-09-01,Unrated,Unrated,Unrated,Unrated,4.0,Small Cap
Niraj Ispat Industries Ltd.,INE326T01011,,NIRAJISPAT,Materials,Basic Materials - Diversified,2026-09-01,Unrated,Unrated,Unrated,Unrated,3.0,Small Cap
Nirav Commercials Ltd.,INE242B01018,512425,,Materials,Aluminium,2026-08-27,Unrated,Unrated,Unrated,Unrated,UNRATED,Small Cap
Nirlon Ltd.,INE910A01012,500307,NIRLON,Real Estate,Real Estate Development,2026-09-01,5.0,10.0,7.0,6.0,9.0,Small Cap
Nirman Agri Genetics Ltd.,INE0OK701014,,NIRMAN,Consumer Staples,Other Agriculture Products,2026-09-01,Unrated,Unrated,Unrated,Unrated,1.0,Small Cap
Nirmitee Robotics India Ltd.,INE0CPQ01010,543194,,Industrials,Other Business Services,2026-08-28,Unrated,Unrated,Unrated,Unrated,UNRATED,Small Cap
NIS Management Ltd,INE0M3X01010,544495,,Industrials,Staffing Services & HR,2026-09-01,3.0,1.0,7.0,7.0,UNRATED,Small Cap
Nisus Finance Services Co Ltd,INE0DQN01013,544296,,Financial,Asset Management Companies,2026-09-01,Unrated,Unrated,Unrated,Unrated,1.0,Small Cap
Nitco Ltd.,INE858F01012,532722,NITCO,Industrials,Ceramic Tiles and Sanitaryware,2026-09-01,3.0,1.0,4.0,6.0,7.0,Small Cap
Nitin Castings Ltd.,INE861H01020,508875,,Materials,Iron & Steel,2026-09-01,Unrated,Unrated,Unrated,Unrated,1.0,Small Cap
Nitin Spinners Ltd.,INE229H01012,532698,NITINSPIN,Consumer Discretionary,Yarn,2026-09-01,4.0,3.0,7.0,5.0,10.0,Small Cap
Nitiraj Engineers Ltd.,INE439T01012,,NITIRAJ,Industrials,Other Machinery,2026-09-01,Unrated,Unrated,Unrated,Unrated,7.0,Small Cap
Nitta Gelatin India Ltd.,INE265B01019,506532,KERALACHEM,Materials,Commodity Chemicals - Diversified,2026-09-01,5.0,10.0,8.0,6.0,10.0,Small Cap
Niva Bupa Health Insurance Company Ltd,INE995S01015,544286,NIVABUPA,Financial,Health Insurance,2026-09-01,Unrated,Unrated,Unrated,Unrated,6.0,Small Cap
Nivaka Fashions Ltd.,INE139E01028,542206,,Consumer Discretionary,Textiles & Leather Trading,2026-09-01,Unrated,Unrated,Unrated,Unrated,1.0,Small Cap
Niyogin Fintech Ltd.,INE480D01010,538772,,Financial,Microfinancing,2026-09-01,2.0,1.0,5.0,5.0,8.0,Small Cap
NK Industries Ltd.,INE542C01019,519494,NKIND,Consumer Staples,Edible Oil,2026-09-01,Unrated,Unrated,Unrated,Unrated,5.0,Small Cap
NLC India Ltd.,INE589A01014,513683,NLCINDIA,Energy & Utilities,Power Generation - Diversified,2026-09-01,4.0,4.0,8.0,7.0,6.0,Mid Cap
NMDC Ltd.,INE584A01023,526371,NMDC,Materials,Iron Ore,2026-09-01,4.0,8.0,5.0,7.0,6.0,Mid Cap
NMDC Steel Ltd.,INE0NNS01018,543768,NSLNISP,Materials,Iron & Steel,2026-09-01,1.0,1.0,5.0,2.0,7.0,Small Cap
NMS Resources Global Ltd.,INE169F01014,522289,,Materials,Basic Materials Trading,2026-09-01,Unrated,Unrated,Unrated,Unrated,1.0,Small Cap
Noble Polymers Ltd.,INE203Q01026,539200,,Industrials,Plastic Tubes & Pipes,2026-09-01,Unrated,Unrated,Unrated,Unrated,10.0,Small Cap
Nocil Ltd.,INE163A01018,500730,NOCIL,Materials,Speciality Chemicals - Diversified,2026-09-01,3.0,4.0,7.0,5.0,7.0,Small Cap
Noida Toll Bridge Company Ltd.,INE781B01015,532481,NOIDATOLL,Industrials,Road & Highway Construction,2026-09-01,Unrated,Unrated,Unrated,Unrated,7.0,Small Cap
Norben Tea & Exports Ltd.,INE369C01017,519528,NORBTEAEXP,Consumer Staples,Tea & Coffee,2026-09-01,Unrated,Unrated,Unrated,Unrated,7.0,Small Cap
Norris Medicines Ltd.,INE744C01029,524414,,Healthcare,Branded Medicines,2026-09-01,Unrated,Unrated,Unrated,Unrated,7.0,Small Cap
North Eastern Carrying Corporation Ltd.,INE553C01016,534615,NECCLTD,Industrials,Road Logistics,2026-09-01,Unrated,Unrated,Unrated,Unrated,6.0,Small Cap
Northern ARC Capital Ltd.,INE850M01015,544260,NORTHARC,Financial,NBFC - Diversified,2026-09-01,5.0,7.0,5.0,7.0,8.0,Small Cap
Northern Spirits Ltd.,INE01BL01012,542628,,Consumer Staples,Alcoholic Beverages - Diversified,2026-09-01,Unrated,Unrated,Unrated,Unrated,5.0,Small Cap
Northlink Fiscal and Capital Services Ltd.,INE736P01019,539110,,Financial,NBFC - Diversified,2026-09-01,Unrated,Unrated,Unrated,Unrated,UNRATED,Small Cap
Nouveau Global Ventures Ltd.,INE317B01042,531465,,Diversified,Diversified Services,2026-09-01,Unrated,Unrated,Unrated,Unrated,1.0,Small Cap
Nova Agritech Ltd,INE02H701025,544100,NOVAAGRI,Consumer Staples,Agriculture & Farming Services,2026-09-01,Unrated,Unrated,Unrated,Unrated,2.0,Small Cap
Nova Iron & Steel Ltd.,INE608C01026,513566,NOVAIRNSTL,Materials,Aluminium Products,2026-09-01,Unrated,Unrated,Unrated,Unrated,4.0,Small Cap
Novartis India Ltd.,INE234A01025,500672,NOVARTIND,Healthcare,Pharmaceuticals - Diversified,2026-09-01,4.0,8.0,7.0,4.0,10.0,Small Cap
Novateor Research Laboratories Ltd.,INE08JY01013,542771,,Consumer Staples,Personal Hygiene,2026-08-31,Unrated,Unrated,Unrated,Unrated,UNRATED,Small Cap
Novelix Pharmaceuticals Ltd.,INE314I01036,536565,,Healthcare,Branded Medicines,2026-09-01,Unrated,Unrated,Unrated,Unrated,9.0,Small Cap
Novus Loyalty Ltd,INE1TFS01019,544735,,Technology,Software & Services - Diversified,2026-09-01,3.0,5.0,8.0,4.0,UNRATED,Small Cap
NPR Finance Ltd.,INE446D01011,530127,,Financial,NBFC - Diversified,2026-09-01,Unrated,Unrated,Unrated,Unrated,4.0,Small Cap
NR Agarwal Industries Ltd.,INE740D01017,516082,NRAIL,Materials,Paper & Paper Products,2026-09-01,3.0,2.0,6.0,4.0,8.0,Small Cap
NRB Bearings Ltd.,INE349A01021,530367,NRBBEARING,Industrials,Ball Bearings,2026-09-01,4.0,7.0,7.0,3.0,10.0,Small Cap
NRB Industrial Bearings Ltd.,INE047O01014,535458,NIBL,Industrials,Ball Bearings,2026-09-01,Unrated,Unrated,Unrated,Unrated,7.0,Small Cap
N R Vandana Tex Industries Ltd,INE104101014,,NRVANDANA,Consumer Discretionary,Wholesale Distributors,2026-09-01,3.0,2.0,8.0,6.0,8.0,Small Cap
NSB BPO Solutions Ltd,INE0SLP01017,544571,,Industrials,BPO Services,2026-08-27,3.0,4.0,4.0,7.0,UNRATED,Small Cap
NTC Industries Ltd.,INE920C01017,526723,,Consumer Staples,Tobacco Products,2026-09-01,Unrated,Unrated,Unrated,Unrated,2.0,Small Cap
NTPC Ltd.,INE733E01010,532555,NTPC,Energy & Utilities,Power Generation - Diversified,2026-09-01,3.0,4.0,7.0,7.0,3.0,Large Cap
NTPC Green Energy Ltd,INE0ONG01011,544289,NTPCGREEN,Energy & Utilities,Renewable Electricity Generation,2026-09-01,1.0,3.0,4.0,2.0,4.0,Mid Cap
Nucleus Software Exports Ltd.,INE096B01018,531209,NUCLEUS,Technology,Software,2026-09-01,4.0,10.0,5.0,6.0,2.0,Small Cap
Nukleus Office Solutions Ltd,INE0VYX01018,544370,,Industrials,Other Business Services,2026-09-01,Unrated,Unrated,Unrated,Unrated,6.0,Small Cap
Nupur Recyclers Ltd.,INE0JM501013,,NRL,Industrials,Waste Management,2026-09-01,3.0,1.0,6.0,5.0,10.0,Small Cap
Nureca Ltd.,INE0DSF01015,543264,NURECA,Healthcare,Medical Devices & Equipment,2026-09-01,Unrated,Unrated,Unrated,Unrated,8.0,Small Cap
Nutech Global Ltd.,INE960H01012,531304,,Consumer Discretionary,Synthetic Fabrics,2026-08-25,Unrated,Unrated,Unrated,Unrated,UNRATED,Small Cap
Nutricircle Ltd.,INE536C01029,530219,,Consumer Staples,Crop Farming,2026-09-01,Unrated,Unrated,Unrated,Unrated,UNRATED,Small Cap
Nuvama Wealth Management Ltd.,INE531F01023,543988,NUVAMA,Financial,Wealth Management,2026-09-01,2.0,3.0,6.0,5.0,4.0,Small Cap
Nuvoco Vistas Corporation Ltd.,INE118D01016,543334,NUVOCO,Materials,Cement,2026-09-01,2.0,3.0,7.0,5.0,4.0,Small Cap
Nyssa Corporation Ltd.,INE812K01027,504378,,Financial,Investment Holding Companies,2026-09-01,Unrated,Unrated,Unrated,Unrated,3.0,Small Cap
Oasis Securities Ltd.,INE876A01023,512489,,Financial,NBFC - Diversified,2026-09-01,Unrated,Unrated,Unrated,Unrated,3.0,Small Cap
Oberoi Realty Ltd.,INE093I01010,533273,OBEROIRLTY,Real Estate,Real Estate Development,2026-09-01,4.0,7.0,7.0,5.0,8.0,Mid Cap
ObjectOne Information Systems Ltd.,INE860E01011,535657,,Technology,Software & Services - Diversified,2026-09-01,Unrated,Unrated,Unrated,Unrated,4.0,Small Cap
OBSC Perfection Ltd,INE0YHV01011,,OBSCP,Industrials,Electronic Components,2026-09-01,Unrated,Unrated,Unrated,Unrated,10.0,Small Cap
OCCL Ltd,INE0PK601023,544278,OCCLLTD,Materials,Diversified Chemicals,2026-09-01,3.0,3.0,3.0,6.0,9.0,Small Cap
Oceanic Foods Ltd.,INE711V01010,540405,,Consumer Staples,Fruit & Vegetable Processing,2026-09-01,Unrated,Unrated,Unrated,Unrated,4.0,Small Cap
Octal Credit Capital Ltd.,INE513C01010,538894,,Financial,NBFC - Diversified,2026-09-01,Unrated,Unrated,Unrated,Unrated,UNRATED,Small Cap
Octavius Plantations Ltd.,INE117S01016,542938,,Consumer Staples,Tea & Coffee,2026-08-26,Unrated,Unrated,Unrated,Unrated,UNRATED,Small Cap
Octaware Technologies Ltd.,INE208U01019,540416,,Technology,Software & Services - Diversified,2026-09-01,Unrated,Unrated,Unrated,Unrated,UNRATED,Small Cap
Odigma Consultancy Solutions Ltd,INE054301028,544301,ODIGMA,Industrials,Advertising & Marketing - Diversified,2026-09-01,Unrated,Unrated,Unrated,Unrated,2.0,Small Cap
Odyssey Corporation Ltd.,INE839E01023,531996,,Financial,Commercial Financing,2026-09-01,Unrated,Unrated,Unrated,Unrated,4.0,Small Cap
Odyssey Technologies Ltd.,INE213B01019,530175,,Technology,Software & Services - Diversified,2026-09-01,Unrated,Unrated,Unrated,Unrated,2.0,Small Cap
Oil Country Tubular Ltd.,INE591A01010,500313,OILCOUNTUB,Energy & Utilities,Oil & Gas Equipment,2026-09-01,2.0,1.0,4.0,6.0,7.0,Small Cap
Oil India Ltd.,INE274J01014,533106,OIL,Energy & Utilities,Oil & Gas Exploration and Production,2026-09-01,4.0,7.0,6.0,8.0,5.0,Mid Cap
OK Play India Ltd.,INE870B01024,526415,,Consumer Discretionary,Leisure Products - Diversified,2026-09-01,Unrated,Unrated,Unrated,Unrated,1.0,Small Cap
Ola Electric Mobility Ltd,INE0LXG01040,544225,OLAELEC,Consumer Discretionary,Motorcycles & Scooters,2026-09-01,1.0,1.0,6.0,2.0,6.0,Small Cap
Olatech Solutions Ltd.,INE0M3901015,543578,,Technology,IT Services & Consulting,2026-09-01,Unrated,Unrated,Unrated,Unrated,1.0,Small Cap
Olectra Greentech Ltd.,INE260D01016,532439,OLECTRA,Industrials,Commercial Vehicles,2026-09-01,3.0,2.0,8.0,3.0,8.0,Small Cap
Olympia Industries Ltd.,INE482O01021,521105,,Consumer Staples,Household & Personal Products - Diversified,2026-09-01,Unrated,Unrated,Unrated,Unrated,5.0,Small Cap
Olympic Oil Industries Ltd.,INE286E01019,507609,,Consumer Staples,Edible Oil,2026-09-01,Unrated,Unrated,Unrated,Unrated,UNRATED,Small Cap
Omansh Enterprises Ltd.,INE378P01036,538537,,Materials,Metal Trading,2026-08-31,Unrated,Unrated,Unrated,Unrated,UNRATED,Small Cap
Omax Autos Ltd.,INE090B01011,520021,OMAXAUTO,Consumer Discretionary,Auto Ancillaries,2026-09-01,4.0,5.0,8.0,3.0,9.0,Small Cap
Omaxe Ltd.,INE800H01010,532880,OMAXE,Real Estate,Real Estate Development,2026-09-01,Unrated,Unrated,Unrated,Unrated,8.0,Small Cap
Omega Ag-Seeds (Punjab) Ltd.,INE112B01013,519479,,Consumer Staples,Floriculture,2026-08-31,Unrated,Unrated,Unrated,Unrated,4.0,Small Cap
Omega Interactive Technologies Ltd.,INE113B01037,511644,,Technology,Software & Services - Diversified,2026-09-01,Unrated,Unrated,Unrated,Unrated,4.0,Small Cap
Om Freight Forwarders Ltd,INE1BZC01019,544564,OMFREIGHT,Industrials,Multimodal Logistics,2026-09-01,5.0,7.0,8.0,6.0,8.0,Small Cap
Omfurn India Ltd.,INE338Y01016,,OMFURN,Consumer Discretionary,Home Furnitures,2026-09-01,Unrated,Unrated,Unrated,Unrated,UNRATED,Small Cap
Om Infra Ltd.,INE239D01028,531092,OMINFRAL,Industrials,Construction & Engineering - Diversified,2026-09-01,2.0,1.0,5.0,5.0,4.0,Small Cap
Omkar Overseas Ltd.,INE680D01015,531496,,Consumer Discretionary,Miscellaneous Textiles,2026-08-31,Unrated,Unrated,Unrated,Unrated,UNRATED,Small Cap
Omkar Pharmachem Ltd.,INE501C01015,532167,,Materials,Commodity Chemicals - Diversified,2026-09-01,Unrated,Unrated,Unrated,Unrated,UNRATED,Small Cap
Om Metallogic Ltd,INE0R8Q01018,544559,,Materials,Metals - Diversified,2026-08-31,4.0,4.0,9.0,6.0,10.0,Small Cap
Omni AxS Software Ltd.,INE369B01019,532340,,Technology,Software,2026-09-01,Unrated,Unrated,Unrated,Unrated,3.0,Small Cap
Omnitech Engineering Ltd,INE0UH301010,544720,OMNI,Industrials,Industrial Machinery,2026-09-01,3.0,7.0,5.0,5.0,UNRATED,Small Cap
Omnitex Industries (India) Ltd.,INE814D01010,514324,,Consumer Discretionary,Synthetic Fabrics,2026-09-01,2.0,3.0,5.0,2.0,9.0,Small Cap
Om Power Transmission Ltd,INE25E901019,544750,OMPOWER,Industrials,Energy & Power Projects,2026-09-01,5.0,7.0,9.0,6.0,UNRATED,Small Cap
On Door Concepts Ltd,INE00ER01015,,ONDOOR,Consumer Discretionary,Online and Direct Retailing,2026-09-01,Unrated,Unrated,Unrated,Unrated,10.0,Small Cap
One97 Communications Ltd.,INE982J01020,543396,PAYTM,Industrials,Payment Services,2026-09-01,2.0,3.0,6.0,2.0,9.0,Mid Cap
Oneclick Logistics India Ltd,INE0OPS01011,,OLIL,Industrials,Multimodal Logistics,2026-09-01,Unrated,Unrated,Unrated,Unrated,9.0,Small Cap
One Global Service Provider Ltd.,INE670O01013,514330,,Consumer Discretionary,Yarn,2026-09-01,4.0,8.0,6.0,5.0,8.0,Small Cap
Oneindig Technologies Ltd,INE0UR501013,544852,,Energy & Utilities,Solar Electric Utilities,2026-09-01,4.0,6.0,7.0,7.0,UNRATED,
Onelife Capital Advisors Ltd.,INE912L01015,533632,ONELIFECAP,Financial,NBFC - Diversified,2026-09-01,Unrated,Unrated,Unrated,Unrated,10.0,Small Cap
OnEMI Technology Solutions Ltd,INE12F801023,544754,KISSHT,Technology,Financial Technology,2026-09-01,3.0,5.0,5.0,6.0,UNRATED,Small Cap
One Mobikwik Systems Ltd,INE0HLU01028,544305,MOBIKWIK,Industrials,Payment Services,2026-09-01,1.0,1.0,6.0,3.0,5.0,Small Cap
One Point One Solutions Ltd.,INE840Y01029,544748,ONEPOINT,Industrials,BPO Services,2026-09-01,4.0,5.0,7.0,5.0,9.0,Small Cap
Onesource Ideas Venture Ltd.,INE125F01032,530805,,Financial,Financial Services - Diversified,2026-09-01,Unrated,Unrated,Unrated,Unrated,5.0,Small Cap
Onesource Specialty Pharma Ltd.,INE013P01021,544292,ONESOURCE,Healthcare,Pharmaceuticals - Diversified,2026-09-01,1.0,1.0,4.0,2.0,6.0,Small Cap
Oil & Natural Gas Corporation Ltd.,INE213A01029,500312,ONGC,Energy & Utilities,Oil & Gas Exploration and Production,2026-09-01,4.0,5.0,7.0,9.0,2.0,Large Cap
Onmobile Global Ltd.,INE809I01019,532944,ONMOBILE,Technology,IT Services & Consulting,2026-09-01,1.0,1.0,5.0,2.0,8.0,Small Cap
Ontic Finserve Ltd.,INE989S01042,540386,,Industrials,Business Consultancy,2026-09-01,Unrated,Unrated,Unrated,Unrated,9.0,Small Cap
Onward Technologies Ltd.,INE229A01017,517536,ONWARDTEC,Technology,IT Services & Consulting,2026-09-01,5.0,8.0,7.0,8.0,6.0,Small Cap
Onyx Biotec Ltd,INE0WVU01018,,ONYX,Healthcare,Medical Supplies,2026-09-01,Unrated,Unrated,Unrated,Unrated,7.0,Small Cap
OP Chains Ltd.,INE118Q01018,539116,,Materials,Metal Trading,2026-08-31,Unrated,Unrated,Unrated,Unrated,UNRATED,Small Cap
Optiemus Infracom Ltd.,INE350C01017,530135,OPTIEMUS,Technology,Phones & Handheld Devices,2026-09-01,2.0,1.0,6.0,4.0,8.0,Small Cap
Optimus Finance Ltd.,INE031G01022,531254,,Financial,Investment Management - Diversified,2026-09-01,Unrated,Unrated,Unrated,Unrated,3.0,Small Cap
Optimystix Entertainment India Ltd,INE1JZB01022,,OPTIMYSTIX,Consumer Discretionary,Movie & TV Production & Distribution,2026-09-01,3.0,2.0,6.0,8.0,UNRATED,
Optivalue Tek Consulting Ltd,INE15B101011,,OPTIVALUE,Technology,IT Services & Consulting,2026-09-01,5.0,9.0,7.0,7.0,10.0,Small Cap
Oracle Financial Services Software Ltd.,INE881D01027,532466,OFSS,Technology,Financial Technology,2026-09-01,5.0,10.0,7.0,4.0,10.0,Mid Cap
Oracle Credit Ltd.,INE727C01024,539598,,Financial,NBFC - Diversified,2026-09-01,Unrated,Unrated,Unrated,Unrated,7.0,Small Cap
Orbit Exports Ltd.,INE231G01010,512626,ORBTEXP,Consumer Discretionary,Synthetic Fabrics,2026-09-01,5.0,9.0,6.0,6.0,9.0,Small Cap
Orchasp Ltd.,INE215B01022,532271,ORCHASP,Technology,Software & Services - Diversified,2026-09-01,Unrated,Unrated,Unrated,Unrated,1.0,Small Cap
Orchid Pharma Ltd.,INE191A01027,524372,ORCHPHARMA,Healthcare,API / Generic Pharmaceuticals,2026-09-01,2.0,2.0,6.0,2.0,9.0,Small Cap
Organic Coatings Ltd.,INE412E01011,531157,,Materials,Speciality Chemicals - Diversified,2026-09-01,Unrated,Unrated,Unrated,Unrated,4.0,Small Cap
Organic Recycling Systems Ltd,INE0MIO01019,543997,,Industrials,Waste Management,2026-09-01,Unrated,Unrated,Unrated,Unrated,3.0,Small Cap
Oriana Power Ltd,INE0OUT01019,,ORIANA,Energy & Utilities,Solar Electric Utilities,2026-09-01,Unrated,Unrated,Unrated,Unrated,1.0,Small Cap
Oricon Enterprises Ltd.,INE730A01022,513121,ORICONENT,Materials,Plastic Packaging,2026-09-01,1.0,1.0,4.0,3.0,4.0,Small Cap
Oriental Aromatics Ltd.,INE959C01023,500078,OAL,Materials,Speciality Chemicals - Diversified,2026-09-01,2.0,1.0,5.0,2.0,8.0,Small Cap
Oriental Hotels Ltd.,INE750A01020,500314,ORIENTHOT,Consumer Discretionary,Hotels & Resorts,2026-09-01,4.0,5.0,8.0,5.0,8.0,Small Cap
Oriental Rail Infrastructure Ltd.,INE457G01029,531859,,Industrials,Fitting & Fixtures,2026-09-01,2.0,1.0,5.0,5.0,3.0,Small Cap
Oriental Trimex Ltd.,INE998H01012,532817,ORIENTALTL,Materials,Granite Marble & Stones,2026-09-01,Unrated,Unrated,Unrated,Unrated,1.0,Small Cap
Orient Bell Ltd.,INE607D01018,530365,ORIENTBELL,Industrials,Ceramic Tiles and Sanitaryware,2026-09-01,3.0,4.0,8.0,4.0,8.0,Small Cap
Orient Beverages Ltd.,INE247F01018,507690,,Consumer Staples,Bottled Water & Ice,2026-09-01,Unrated,Unrated,Unrated,Unrated,3.0,Small Cap
Orient Cement Ltd.,INE876N01018,535754,ORIENTCEM,Materials,Cement,2026-09-01,3.0,6.0,4.0,6.0,1.0,Small Cap
Orient Abrasives Ltd.,INE569C01020,504879,ORIENTCER,Materials,Diversified Mining,2026-09-01,2.0,1.0,6.0,4.0,7.0,Small Cap
Orient Electric Ltd.,INE142Z01019,541301,ORIENTELEC,Consumer Discretionary,Household Durables - Diversified,2026-09-01,3.0,5.0,7.0,5.0,6.0,Small Cap
Orient Green Power Company Ltd.,INE999K01014,533263,GREENPOWER,Energy & Utilities,Renewable Energy Equipment & Services,2026-09-01,3.0,4.0,6.0,6.0,3.0,Small Cap
Orient Paper & Industries Ltd.,INE592A01026,502420,ORIENTPPR,Materials,Paper & Paper Products,2026-09-01,1.0,1.0,5.0,2.0,2.0,Small Cap
Orient Press Ltd.,INE609C01024,526325,ORIENTLTD,Materials,Containers & Packaging - Diversified,2026-09-01,Unrated,Unrated,Unrated,Unrated,8.0,Small Cap
Orient Technologies Ltd,INE0PPK01015,544235,ORIENTTECH,Technology,IT Services & Consulting,2026-09-01,1.0,1.0,2.0,4.0,4.0,Small Cap
Orient Tradelink Ltd.,INE681D01039,531512,,Consumer Discretionary,Movie & TV Production & Distribution,2026-09-01,Unrated,Unrated,Unrated,Unrated,1.0,Small Cap
Orissa Bengal Carrier Ltd.,INE426Z01016,541206,OBCL,Industrials,Road Logistics,2026-09-01,Unrated,Unrated,Unrated,Unrated,6.0,Small Cap
Orissa Minerals Development Company Ltd.,INE725E01024,590086,ORISSAMINE,Materials,Other Minerals,2026-09-01,Unrated,Unrated,Unrated,Unrated,7.0,Small Cap
Orkla India Ltd,INE16NZ01023,544595,ORKLAINDIA,Consumer Staples,Specialised Foods Products,2026-09-01,3.0,9.0,6.0,5.0,1.0,Small Cap
Orosil Smiths India Ltd.,INE628B01034,531626,,Consumer Discretionary,Gems & Jewellery,2026-09-01,Unrated,Unrated,Unrated,Unrated,9.0,Small Cap
Ortel Communications Ltd.,INE849L01019,539015,ORTEL,Technology,Communications & Networking - Diversified,2026-08-31,Unrated,Unrated,Unrated,Unrated,9.0,Small Cap
Ortin Laboratories Ltd.,INE749B01020,539287,ORTINGLOBE,Healthcare,Pharmaceuticals - Diversified,2026-09-01,Unrated,Unrated,Unrated,Unrated,6.0,Small Cap
Oscar Global Ltd.,INE473F01010,530173,,Consumer Discretionary,Leather Products,2026-08-31,Unrated,Unrated,Unrated,Unrated,UNRATED,Small Cap
Osel Devices Ltd,INE0RMF01018,,OSELDEVICE,Industrials,Electronic Equipment,2026-09-01,Unrated,Unrated,Unrated,Unrated,3.0,Small Cap
Shree OSFM E-Mobility Ltd,INE02S501018,,SHREEOSFM,Industrials,Car & Taxi Transport,2026-09-01,Unrated,Unrated,Unrated,Unrated,2.0,Small Cap
OSIA Hyper Retail Ltd.,INE06IR01021,,OSIAHYPER,Consumer Staples,Supermarkets & Convenience Stores,2026-09-01,Unrated,Unrated,Unrated,Unrated,1.0,Small Cap
Osiajee Texfab Ltd.,INE186R01013,540198,,Consumer Discretionary,Miscellaneous Textiles,2026-09-01,Unrated,Unrated,Unrated,Unrated,2.0,Small Cap
Oswal Agro Mills Ltd.,INE142A01012,500317,OSWALAGRO,Real Estate,Real Estate Development,2026-09-01,3.0,8.0,7.0,6.0,2.0,Small Cap
Oswal Greentech Ltd.,INE143A01010,539290,OSWALGREEN,Real Estate,Real Estate Development,2026-09-01,1.0,2.0,6.0,4.0,1.0,Small Cap
Oswal Overseas Ltd.,INE906K01027,531065,,Consumer Staples,Sugar,2026-08-31,Unrated,Unrated,Unrated,Unrated,UNRATED,Small Cap
Oswal Pumps Ltd,INE0BYP01024,544418,OSWALPUMPS,Industrials,Pumps & Compressors,2026-09-01,2.0,1.0,2.0,7.0,2.0,Small Cap
Oswal Yarns Ltd.,INE670H01017,514460,,Consumer Discretionary,Yarn,2026-08-31,Unrated,Unrated,Unrated,Unrated,UNRATED,Small Cap
Otco International Ltd.,INE910B01028,523151,,Industrials,Business Consultancy,2026-08-31,Unrated,Unrated,Unrated,Unrated,UNRATED,Small Cap
Oval Projects Engineering Ltd,INE0RTI01017,544498,,Industrials,Energy & Power Projects,2026-09-01,4.0,6.0,5.0,6.0,UNRATED,Small Cap
Ovobel Foods Ltd.,INE812S01012,530741,,Consumer Staples,Poultry Farming,2026-09-01,Unrated,Unrated,Unrated,Unrated,9.0,Small Cap
Owais Metal And Mineral Processing Ltd,INE0R8M01017,,OWAIS,Materials,Other Minerals,2026-09-01,Unrated,Unrated,Unrated,Unrated,1.0,Small Cap
Oxford Industries Ltd.,INE114D01015,514414,,Consumer Discretionary,Readymade Garment,2026-09-01,Unrated,Unrated,Unrated,Unrated,10.0,Small Cap
Oxygenta Pharmaceutical Ltd.,INE102E01018,524636,,Healthcare,Pharmaceuticals - Diversified,2026-09-01,Unrated,Unrated,Unrated,Unrated,7.0,Small Cap
Pace Digitek Ltd,INE0S3G01027,544550,PACEDIGITK,Technology,Network Equipment & Tools,2026-09-01,2.0,1.0,6.0,7.0,2.0,Small Cap
Pace E-Commerce Ventures Ltd.,INE0N1L01018,543637,,Consumer Discretionary,Home Furnishing Retail,2026-09-01,Unrated,Unrated,Unrated,Unrated,4.0,Small Cap
Pacific Industries Ltd.,INE883C01025,523483,PACIFICIND,Materials,Granite Marble & Stones,2026-09-01,Unrated,Unrated,Unrated,Unrated,5.0,Small Cap
Padam Cotton Yarns Ltd.,INE448D01025,531395,,Consumer Discretionary,Yarn,2026-09-01,Unrated,Unrated,Unrated,Unrated,1.0,Small Cap
Padmalaya Telefilms Ltd.,INE243B01016,532350,PADMALAYAT,Consumer Discretionary,Movie & TV Production & Distribution,2026-09-01,Unrated,Unrated,Unrated,Unrated,5.0,Small Cap
Padmanabh Alloys & Polymers Ltd.,INE630U01014,531779,,Materials,Plastic Materials,2026-09-01,Unrated,Unrated,Unrated,Unrated,UNRATED,Small Cap
Padmanabh Industries Ltd.,INE743D01011,526905,,Consumer Discretionary,Synthetic Fabrics,2026-09-01,Unrated,Unrated,Unrated,Unrated,7.0,Small Cap
Page Industries Ltd.,INE761H01022,532827,PAGEIND,Consumer Discretionary,Readymade Garment,2026-09-01,4.0,10.0,6.0,4.0,4.0,Mid Cap
Paisalo Digital Ltd.,INE420C01059,532900,PAISALO,Financial,NBFC - Diversified,2026-09-01,4.0,7.0,4.0,5.0,10.0,Small Cap
Pajson Agro India Ltd,INE14LM01012,544657,,Consumer Staples,Specialised Foods Products,2026-09-01,5.0,9.0,9.0,7.0,4.0,Small Cap
Pakka Ltd.,INE551D01018,516030,PAKKA,Materials,Paper & Paper Products,2026-09-01,2.0,3.0,4.0,6.0,2.0,Small Cap
Palash Securities Ltd.,INE471W01019,540648,PALASHSECU,Consumer Staples,Sugar,2026-09-01,Unrated,Unrated,Unrated,Unrated,3.0,Small Cap
Palco Metals Ltd.,INE239L01013,539121,,Materials,Aluminium,2026-09-01,Unrated,Unrated,Unrated,Unrated,8.0,Small Cap
PALM Jewels Ltd.,INE838Z01012,541444,,Consumer Discretionary,Gems & Jewellery,2026-09-01,Unrated,Unrated,Unrated,Unrated,3.0,Small Cap
Palred Technologies Ltd.,INE218G01033,532521,PALREDTEC,Technology,IT Services & Consulting,2026-09-01,Unrated,Unrated,Unrated,Unrated,9.0,Small Cap
Panabyte Technologies Ltd.,INE516E01019,538742,,Technology,Software & Services - Diversified,2026-09-01,Unrated,Unrated,Unrated,Unrated,1.0,Small Cap
Panacea Biotec Ltd.,INE922B01023,531349,PANACEABIO,Healthcare,Branded Medicines,2026-09-01,2.0,3.0,5.0,3.0,7.0,Small Cap
Panache Digilife Ltd.,INE895W01019,,PANACHE,Technology,Computer Hardware,2026-09-01,3.0,1.0,6.0,4.0,10.0,Small Cap
Panafic Industrials Ltd.,INE655P01029,538860,,Financial,NBFC - Diversified,2026-09-01,Unrated,Unrated,Unrated,Unrated,10.0,Small Cap
Panama Petrochem Ltd.,INE305C01029,524820,PANAMAPET,Materials,Petrochemical,2026-09-01,4.0,4.0,6.0,7.0,10.0,Small Cap
Panasonic Carbon India Company Ltd.,INE013E01017,508941,PANCARBON,Industrials,Electrodes,2026-09-01,Unrated,Unrated,Unrated,Unrated,2.0,Small Cap
Panasonic Energy India Company Ltd.,INE795A01017,504093,LAKHNNATNL,Industrials,Storage Batteries,2026-09-01,Unrated,Unrated,Unrated,Unrated,2.0,Small Cap
Panchmahal Steel Ltd.,INE798F01010,513511,PANCHMSTEL,Materials,Steel Wires,2026-09-01,2.0,1.0,6.0,4.0,6.0,Small Cap
Panchsheel Organics Ltd.,INE316G01019,531726,PANCHSHEEL,Healthcare,API / Generic Pharmaceuticals,2026-09-01,Unrated,Unrated,Unrated,Unrated,6.0,Small Cap
Pan Electronics (India) Ltd.,INE648E01010,517397,,Industrials,Electronic Components,2026-09-01,Unrated,Unrated,Unrated,Unrated,2.0,Small Cap
PAN HR Solution Ltd,INE1N9E01015,544698,,Industrials,Staffing Services & HR,2026-08-28,5.0,10.0,5.0,8.0,UNRATED,Small Cap
Pan India Corporation Ltd.,INE376A01032,511525,SRGINFOTEC,Financial,Investment Banking,2026-09-01,Unrated,Unrated,Unrated,Unrated,2.0,Small Cap
Panjon Ltd.,INE744D01019,526345,,Healthcare,Alternative Medicine,2026-09-01,Unrated,Unrated,Unrated,Unrated,5.0,Small Cap
Pankaj Piyush Trade And Investment Ltd.,INE820M01018,506122,,Financial,Investment Holding Companies,2026-09-01,Unrated,Unrated,Unrated,Unrated,10.0,Small Cap
Pankaj Polymers Ltd.,INE698B01011,531280,,Materials,Plastic Packaging,2026-09-01,Unrated,Unrated,Unrated,Unrated,10.0,Small Cap
Panorama Studios International Ltd.,INE258R01028,539469,,Consumer Discretionary,Movie & TV Production & Distribution,2026-09-01,2.0,1.0,5.0,3.0,6.0,Small Cap
Pansari Developers Ltd.,INE697V01011,,PANSARI,Real Estate,Real Estate Development,2026-09-01,3.0,6.0,5.0,2.0,8.0,Small Cap
Panther Industrial Products Ltd.,INE181D01014,524055,,Diversified,Diversified Trading,2026-09-01,Unrated,Unrated,Unrated,Unrated,UNRATED,Small Cap
Panth Infinity Ltd.,INE945O01019,539143,,Consumer Discretionary,Gems & Jewellery,2026-09-01,Unrated,Unrated,Unrated,Unrated,8.0,Small Cap
Panyam Cements & Mineral Industries Ltd.,INE167E01037,500322,PANYAMCEM,Materials,Cement,2026-09-01,Unrated,Unrated,Unrated,Unrated,4.0,Small Cap
PAOS Industries Ltd,INE791C01012,530291,,Consumer Staples,Edible Oil,2026-09-01,Unrated,Unrated,Unrated,Unrated,UNRATED,Small Cap
Paradeep Parivahan Ltd,INE0SMW01011,544383,,Industrials,Multimodal Logistics,2026-09-01,Unrated,Unrated,Unrated,Unrated,10.0,Small Cap
Paradeep Phosphates Ltd.,INE088F01024,543530,PARADEEP,Materials,Fertilisers,2026-09-01,2.0,1.0,5.0,5.0,6.0,Small Cap
Parag Milk Foods Ltd.,INE883N01014,539889,PARAGMILK,Consumer Staples,Dairy Products,2026-09-01,2.0,1.0,7.0,5.0,7.0,Small Cap
Paragon Finance Ltd.,INE015E01012,531255,,Financial,Commercial Financing,2026-09-01,Unrated,Unrated,Unrated,Unrated,UNRATED,Small Cap
Paragon Fine And Speciality Chemical Ltd,INE0N4G01012,,PARAGON,Materials,Speciality Chemicals - Diversified,2026-09-01,Unrated,Unrated,Unrated,Unrated,7.0,Small Cap
Paramatrix Technologies Ltd,INE0S2W01018,,PARAMATRIX,Technology,IT Services & Consulting,2026-09-01,Unrated,Unrated,Unrated,Unrated,UNRATED,Small Cap
Paramount Communications Ltd.,INE074B01023,530555,PARACABLES,Industrials,Wires & Cables,2026-09-01,3.0,1.0,7.0,5.0,9.0,Small Cap
Paramount Cosmetics (India) Ltd.,INE143I01013,507970,,Consumer Staples,Cosmetics & Perfumes,2026-09-01,Unrated,Unrated,Unrated,Unrated,7.0,Small Cap
Paramount Dye Tec Ltd,INE0TG801013,,PARAMOUNT,Consumer Discretionary,Yarn,2026-09-01,Unrated,Unrated,Unrated,Unrated,UNRATED,Small Cap
Paramount Speciality Forgings Ltd,INE0Q6001012,,PSFL,Materials,Castings & Forgings,2026-09-01,Unrated,Unrated,Unrated,Unrated,UNRATED,Small Cap
Paras Defence And Space Technologies Ltd.,INE045601023,543367,PARAS,Industrials,Defence & Aerospace Diversified,2026-09-01,2.0,2.0,7.0,2.0,10.0,Small Cap
Paras Petrofils Ltd.,INE162C01024,521246,PARASPETRO,Consumer Discretionary,Integrated Textiles,2026-09-01,Unrated,Unrated,Unrated,Unrated,6.0,Small Cap
Par Drugs And Chemicals Ltd.,INE04LG01015,,PAR,Healthcare,Pharmaceuticals - Diversified,2026-09-01,Unrated,Unrated,Unrated,Unrated,7.0,Small Cap
Parin Furniture Ltd.,INE00U801010,,PARIN,Consumer Discretionary,Home Furnitures,2026-09-01,Unrated,Unrated,Unrated,Unrated,9.0,Small Cap
Parker Agrochem Exports Ltd.,INE750B01010,524628,,Diversified,Diversified Trading,2026-09-01,Unrated,Unrated,Unrated,Unrated,7.0,Small Cap
Apeejay Surrendra Park Hotels Ltd,INE988S01028,544111,PARKHOTELS,Consumer Discretionary,Hotels & Resorts,2026-09-01,3.0,6.0,6.0,5.0,3.0,Small Cap
Park Medi World Ltd,INE119201023,544645,PARKHOSPS,Healthcare,Hospitals & Clinics,2026-09-01,3.0,4.0,6.0,5.0,10.0,Small Cap
Parle Industries Ltd.,INE272G01014,532911,,Real Estate,Real Estate Development,2026-09-01,Unrated,Unrated,Unrated,Unrated,2.0,Small Cap
Parmax Pharma Ltd.,INE240T01014,540359,,Materials,Speciality Chemicals Trading,2026-08-31,Unrated,Unrated,Unrated,Unrated,10.0,Small Cap
Parmeshwari Silk Mills Ltd.,INE808R01012,540467,,Consumer Discretionary,Silk Textiles,2026-09-01,Unrated,Unrated,Unrated,Unrated,UNRATED,Small Cap
Parmeshwar Metal Ltd,INE0QQJ01021,544330,,Materials,Other Metal Products,2026-09-01,Unrated,Unrated,Unrated,Unrated,10.0,Small Cap
Parnax Lab Ltd.,INE383L01019,506128,,Healthcare,Branded Medicines,2026-09-01,Unrated,Unrated,Unrated,Unrated,6.0,Small Cap
Parshva Enterprises Ltd.,INE05MV01019,542694,,Consumer Discretionary,Gems & Jewellery,2026-08-31,Unrated,Unrated,Unrated,Unrated,UNRATED,Small Cap
Parshwanath Corporation Ltd.,INE635I01018,511176,,Real Estate,Real Estate Development,2026-09-01,Unrated,Unrated,Unrated,Unrated,1.0,Small Cap
Parsvnath Developers Ltd.,INE561H01026,532780,PARSVNATH,Real Estate,Real Estate Development,2026-09-01,Unrated,Unrated,Unrated,Unrated,1.0,Small Cap
Parth Electricals & Engineering Ltd,INE1H7V01011,,PARTH,Industrials,Electronic Components,2026-09-01,4.0,5.0,8.0,6.0,10.0,Small Cap
Party Cruisers Ltd.,INE06ZX01015,,PARTYCRUS,Industrials,Event Management,2026-09-01,Unrated,Unrated,Unrated,Unrated,UNRATED,Small Cap
Parvati Sweetners and Power Ltd.,INE295Z01015,541347,,Consumer Staples,Sugar,2026-09-01,Unrated,Unrated,Unrated,Unrated,5.0,Small Cap
Pasari Spinning Mills Ltd.,INE604F01010,521080,,Consumer Discretionary,Yarn,2026-09-01,Unrated,Unrated,Unrated,Unrated,5.0,Small Cap
Pashupati Cotspin Ltd.,INE124Y01028,,PASHUPATI,Consumer Discretionary,Yarn,2026-09-01,1.0,1.0,6.0,2.0,3.0,Small Cap
Pasupati Acrylon Ltd.,INE818B01023,500456,PASUPTAC,Consumer Discretionary,Synthetic Fabrics,2026-09-01,5.0,7.0,8.0,6.0,8.0,Small Cap
Pasupati Fincap Ltd.,INE527C01010,511734,,Financial,Leasing and Hire Purchase,2026-08-31,Unrated,Unrated,Unrated,Unrated,UNRATED,Small Cap
Pasupati Spinning & Weaving Mills Ltd.,INE909B01020,503092,PASUPATSPG,Consumer Discretionary,Yarn,2026-08-31,Unrated,Unrated,Unrated,Unrated,7.0,Small Cap
Patanjali Foods Ltd.,INE619A01035,500368,PATANJALI,Consumer Staples,Edible Oil,2026-09-01,2.0,5.0,1.0,7.0,1.0,Mid Cap
Patdiam Jewellery Ltd.,INE473T01011,539401,,Consumer Discretionary,Gems & Jewellery,2026-08-25,Unrated,Unrated,Unrated,Unrated,UNRATED,Small Cap
Patel Chem Specialities Ltd,INE161701011,544460,,Materials,Speciality Chemicals - Diversified,2026-09-01,5.0,9.0,7.0,6.0,8.0,Small Cap
Patel Engineering Ltd.,INE244B01030,531120,PATELENG,Industrials,Construction & Engineering - Diversified,2026-09-01,3.0,2.0,6.0,7.0,5.0,Small Cap
Patel Integrated Logistics Ltd.,INE529D01014,526381,PATINTLOG,Industrials,Multimodal Logistics,2026-09-01,Unrated,Unrated,Unrated,Unrated,8.0,Small Cap
Patel Retail Ltd,INE0R8B01010,544487,PATELRMART,Consumer Staples,Supermarkets & Convenience Stores,2026-09-01,3.0,1.0,7.0,5.0,7.0,Small Cap
Patels Airtemp (India) Ltd.,INE082C01024,517417,,Industrials,Industrial Machinery,2026-09-01,Unrated,Unrated,Unrated,Unrated,7.0,Small Cap
Patil Automation Ltd,INE17GV01016,,PATILAUTOM,Consumer Discretionary,Automotive Systems,2026-09-01,5.0,8.0,7.0,6.0,9.0,Small Cap
Patspin India Ltd.,INE790C01014,514326,PATSPINLTD,Consumer Discretionary,Yarn,2026-09-01,Unrated,Unrated,Unrated,Unrated,3.0,Small Cap
Pattech Fitwell Tube Components Ltd.,INE0NZW01014,,PATTECH,Industrials,Steel Tubes & Pipes,2026-09-01,Unrated,Unrated,Unrated,Unrated,UNRATED,Small Cap
Paul Merchants Ltd.,INE291E01019,539113,,Financial,Financial Services - Diversified,2026-09-01,Unrated,Unrated,Unrated,Unrated,3.0,Small Cap
Paushak Ltd.,INE111F01024,532742,PAUSHAKLTD,Materials,Diversified Chemicals,2026-09-01,3.0,7.0,3.0,4.0,9.0,Small Cap
Pavna Industries Ltd.,INE07S101038,543915,PAVNAIND,Consumer Staples,Education Services,2026-09-01,Unrated,Unrated,Unrated,Unrated,3.0,Small Cap
PBA Infrastructure Ltd.,INE160H01019,532676,PBAINFRA,Industrials,Construction & Engineering - Diversified,2026-09-01,Unrated,Unrated,Unrated,Unrated,5.0,Small Cap
PB Fintech Ltd.,INE417T01026,543390,POLICYBZR,Financial,Brokerage Services,2026-09-01,2.0,4.0,7.0,3.0,6.0,Mid Cap
PBM Polytex Ltd.,INE501F01018,514087,,Consumer Discretionary,Yarn,2026-09-01,Unrated,Unrated,Unrated,Unrated,7.0,Small Cap
PCBL Ltd.,INE602A01031,506590,PCBL,Materials,Carbon Black,2026-09-01,2.0,2.0,6.0,4.0,6.0,Small Cap
PC Jeweller Ltd.,INE785M01021,534809,PCJEWELLER,Consumer Discretionary,Gems & Jewellery,2026-09-01,2.0,1.0,4.0,5.0,5.0,Small Cap
PCS Technology Ltd.,INE834B01012,517119,,Technology,IT Services & Consulting,2026-09-01,Unrated,Unrated,Unrated,Unrated,5.0,Small Cap
PDP Shipping & Projects Ltd,INE0ABU01016,544378,,Industrials,Multimodal Logistics,2026-08-24,Unrated,Unrated,Unrated,Unrated,UNRATED,Small Cap
PDS Ltd.,INE111Q01021,538730,PDSL,Consumer Discretionary,Apparel & Footwear Trading,2026-09-01,3.0,4.0,6.0,5.0,8.0,Small Cap
PE Analytics Ltd.,INE0KN801013,,PROPEQUITY,Real Estate,Real Estate Services,2026-09-01,Unrated,Unrated,Unrated,Unrated,UNRATED,Small Cap
Pearl Global Industries Ltd.,INE940H01022,532808,PGIL,Consumer Discretionary,Readymade Garment,2026-09-01,4.0,6.0,8.0,3.0,10.0,Small Cap
Pearl Green Clubs And Resorts Ltd.,INE0GTX01019,543540,,Consumer Staples,Food Wholesale & Distributors,2026-09-01,Unrated,Unrated,Unrated,Unrated,UNRATED,Small Cap
Pearl Polymers Ltd.,INE844A01013,523260,PEARLPOLY,Materials,Plastic Packaging,2026-09-01,Unrated,Unrated,Unrated,Unrated,2.0,Small Cap
Pee Cee Cosma Sope Ltd.,INE417E01010,524136,,Consumer Staples,Soaps & Detergents,2026-09-01,Unrated,Unrated,Unrated,Unrated,7.0,Small Cap
Peeti Securities Ltd.,INE328D01011,531352,,Consumer Discretionary,Synthetic Fabrics,2026-09-01,Unrated,Unrated,Unrated,Unrated,UNRATED,Small Cap
Pelatro Ltd,INE0VG601013,,PELATRO,Industrials,Other Business Services,2026-09-01,3.0,7.0,4.0,5.0,6.0,Small Cap
Peninsula Land Ltd.,INE138A01028,503031,PENINLAND,Real Estate,Real Estate Development,2026-09-01,1.0,1.0,4.0,3.0,2.0,Small Cap
Pennar Industries Ltd.,INE932A01024,513228,PENIND,Materials,Iron & Steel,2026-09-01,2.0,1.0,7.0,4.0,4.0,Small Cap
Pentagon Rubber Ltd,INE0ORS01017,,PENTAGON,Industrials,Industrial Machinery,2026-09-01,Unrated,Unrated,Unrated,Unrated,UNRATED,Small Cap
Pentokey Organy (India) Ltd.,INE702E01015,524210,,Healthcare,Pharmaceuticals Trading,2026-09-01,Unrated,Unrated,Unrated,Unrated,4.0,Small Cap
Perfect-Octave Media Projects Ltd.,INE814L01013,521062,,Consumer Discretionary,Television Broadcasting,2026-09-01,Unrated,Unrated,Unrated,Unrated,4.0,Small Cap
Perfectpac Ltd.,INE759I01024,526435,,Materials,Metal Packaging,2026-09-01,Unrated,Unrated,Unrated,Unrated,5.0,Small Cap
Permanent Magnets Ltd.,INE418E01018,504132,PERMAGNET,Industrials,Electronic Components,2026-09-01,2.0,2.0,6.0,5.0,6.0,Small Cap
Persistent Systems Ltd.,INE262H01021,533179,PERSISTENT,Technology,Software & Services - Diversified,2026-09-01,4.0,9.0,7.0,4.0,5.0,Mid Cap
Pervasive Commodities Ltd.,INE443P01038,517172,,Industrials,Electronic Equipment,2026-09-01,Unrated,Unrated,Unrated,Unrated,UNRATED,Small Cap
Petro Carbon And Chemicals Ltd,INE998U01015,,PCCL,Materials,Petrochemical,2026-09-01,Unrated,Unrated,Unrated,Unrated,10.0,Small Cap
Petronet LNG Ltd.,INE347G01014,532522,PETRONET,Energy & Utilities,Oil & Gas Refining and Marketing,2026-09-01,5.0,10.0,6.0,8.0,4.0,Mid Cap
Pfizer Ltd.,INE182A01018,500680,PFIZER,Healthcare,Branded Medicines,2026-09-01,4.0,10.0,7.0,5.0,3.0,Small Cap
PG Electroplast Ltd.,INE457L01029,533581,PGEL,Industrials,Electronic Components,2026-09-01,2.0,2.0,2.0,5.0,5.0,Small Cap
PG Foils Ltd.,INE078D01012,526747,,Materials,Aluminium,2026-09-01,Unrated,Unrated,Unrated,Unrated,6.0,Small Cap
Phaarmasia Ltd.,INE486I01016,523620,,Healthcare,Branded Medicines,2026-09-01,Unrated,Unrated,Unrated,Unrated,9.0,Small Cap
Phantom Digital Effects Ltd.,INE0MLZ01019,,PHANTOMFX,Consumer Discretionary,Media & Entertainment Conglomerate,2026-09-01,Unrated,Unrated,Unrated,Unrated,1.0,Small Cap
Pharmaids Pharmaceuticals Ltd.,INE117D01018,524572,,Healthcare,Pharmaceuticals - Diversified,2026-09-01,Unrated,Unrated,Unrated,Unrated,3.0,Small Cap
PH Capital Ltd.,INE160F01013,500143,,Financial,Investment Holding Companies,2026-09-01,Unrated,Unrated,Unrated,Unrated,10.0,Small Cap
Phoenix International Ltd.,INE245B01011,526481,PHOENXINTL,Consumer Discretionary,Footwear,2026-09-01,Unrated,Unrated,Unrated,Unrated,4.0,Small Cap
Phoenix Overseas Ltd,INE0FPO01018,,PHOGLOBAL,Diversified,Diversified Trading,2026-09-01,Unrated,Unrated,Unrated,Unrated,3.0,Small Cap
Phoenix Township Ltd.,INE977M01024,537839,,Consumer Discretionary,Hotels & Resorts,2026-09-01,Unrated,Unrated,Unrated,Unrated,2.0,Small Cap
Photon Capital Advisors Ltd.,INE107J01016,509084,,Financial,Investment Services,2026-08-31,Unrated,Unrated,Unrated,Unrated,UNRATED,Small Cap
Photoquip (India) Ltd.,INE813B01016,526588,,Consumer Discretionary,Leisure Products - Diversified,2026-09-01,Unrated,Unrated,Unrated,Unrated,UNRATED,Small Cap
Physicswallah Ltd,INE0LP301011,544609,PWL,Consumer Staples,Education Services,2026-09-01,1.0,2.0,4.0,1.0,8.0,Small Cap
Phyto Chem (India) Ltd.,INE037C01010,524808,,Materials,Pesticides,2026-09-01,Unrated,Unrated,Unrated,Unrated,3.0,Small Cap
PI Industries Ltd.,INE603J01030,523642,PIIND,Materials,Pesticides,2026-09-01,3.0,8.0,5.0,6.0,1.0,Mid Cap
Piccadily Agro Industries Ltd.,INE546C01010,530305,PICCADIL,Consumer Staples,Distilleries,2026-09-01,3.0,6.0,6.0,4.0,8.0,Small Cap
Piccadily Sugar & Allied Industries Ltd.,INE544C01023,507498,PICCADSUG,Consumer Staples,Sugar,2026-09-01,Unrated,Unrated,Unrated,Unrated,6.0,Small Cap
Picturehouse Media Ltd.,INE448B01029,532355,,Consumer Discretionary,Movie & TV Production & Distribution,2026-09-01,Unrated,Unrated,Unrated,Unrated,8.0,Small Cap
Picturepost Studios Ltd,INE0YAL01017,,PPSL,Consumer Discretionary,Entertainment Production,2026-09-01,Unrated,Unrated,Unrated,Unrated,1.0,Small Cap
Pidilite Industries Ltd.,INE318A01026,500331,PIDILITIND,Materials,Adhesives,2026-09-01,3.0,10.0,5.0,4.0,5.0,Large Cap
Pilani Investment And Industries Corporation Ltd.,INE417C01014,539883,PILANIINVS,Financial,Investment Management - Diversified,2026-09-01,2.0,4.0,6.0,4.0,4.0,Small Cap
PIL ITALICA Lifestyle Ltd.,INE600A01035,500327,PILITA,Consumer Discretionary,Home Furnishing & Decor,2026-09-01,Unrated,Unrated,Unrated,Unrated,3.0,Small Cap
Pine Labs Ltd,INE15B701018,544606,PINELABS,Technology,Financial Technology,2026-09-01,1.0,1.0,6.0,2.0,3.0,Small Cap
Pioneer Agro Extracts Ltd.,INE062E01014,519439,,Consumer Staples,Edible Oil,2026-08-31,Unrated,Unrated,Unrated,Unrated,UNRATED,Small Cap
Pioneer Embroideries Ltd.,INE156C01018,514300,PIONEEREMB,Consumer Discretionary,Yarn,2026-09-01,Unrated,Unrated,Unrated,Unrated,2.0,Small Cap
Pioneer Investcorp Ltd.,INE746D01014,507864,,Financial,Financial Services - Diversified,2026-09-01,Unrated,Unrated,Unrated,Unrated,5.0,Small Cap
Piotex Industries Ltd,INE0R4W01015,544178,,Consumer Discretionary,Integrated Textiles,2026-09-01,Unrated,Unrated,Unrated,Unrated,UNRATED,Small Cap
Piramal Finance Ltd.,INE202B01038,544597,PIRAMALFIN,Financial,Mortgage/Housing Finance,2026-09-01,3.0,7.0,3.0,4.0,10.0,Mid Cap
Piramal Pharma Ltd.,INE0DK501011,543635,PPLPHARMA,Healthcare,Pharmaceuticals - Diversified,2026-09-01,2.0,1.0,6.0,2.0,8.0,Small Cap
Pitti Engineering Ltd.,INE450D01021,513519,PITTIENG,Industrials,Electronic Components,2026-09-01,4.0,5.0,7.0,5.0,8.0,Small Cap
Pix Transmissions Ltd.,INE751B01018,500333,PIXTRANS,Industrials,Industrial Services - Diversified,2026-09-01,5.0,10.0,7.0,6.0,9.0,Small Cap
Plada Infotech Services Ltd,INE0PXD01014,,PLADAINFO,Industrials,Business Services - Diversified,2026-09-01,Unrated,Unrated,Unrated,Unrated,UNRATED,Small Cap
Plastiblends India Ltd.,INE083C01022,523648,PLASTIBLEN,Materials,Speciality Chemicals - Diversified,2026-09-01,3.0,1.0,6.0,7.0,9.0,Small Cap
Platinum Industries Ltd,INE0PT501018,544134,PLATIND,Industrials,Other Building Products,2026-09-01,2.0,3.0,2.0,7.0,4.0,Small Cap
PlatinumOne Business Services Ltd.,INE0DTJ01015,543352,,Industrials,Business Services - Diversified,2026-08-26,Unrated,Unrated,Unrated,Unrated,UNRATED,Small Cap
Plaza Wires Ltd,INE0INJ01017,544003,PLAZACABLE,Industrials,Wires & Cables,2026-09-01,Unrated,Unrated,Unrated,Unrated,8.0,Small Cap
PMC Fincorp Ltd.,INE793G01035,534060,,Financial,Financial Services - Diversified,2026-09-01,Unrated,Unrated,Unrated,Unrated,5.0,Small Cap
PM Telelinks Ltd.,INE092C01015,513403,,Industrials,Building Products Trading,2026-08-31,Unrated,Unrated,Unrated,Unrated,UNRATED,Small Cap
PNB Gilts Ltd.,INE859A01011,532366,PNBGILTS,Financial,Brokerage Services,2026-09-01,3.0,5.0,7.0,5.0,5.0,Small Cap
PNB Housing Finance Ltd.,INE572E01012,540173,PNBHOUSING,Financial,Mortgage/Housing Finance,2026-09-01,5.0,9.0,6.0,6.0,9.0,Small Cap
PNC Infratech Ltd.,INE195J01029,539150,PNCINFRA,Industrials,Road & Highway Construction,2026-09-01,3.0,3.0,6.0,6.0,3.0,Small Cap
P N Gadgil Jewellers Ltd,INE953R01016,544256,PNGJL,Consumer Discretionary,Gems & Jewellery,2026-09-01,4.0,7.0,6.0,5.0,8.0,Small Cap
PNGS Gargi Fashion Jewellery Ltd.,INE0NT601018,543709,GARGI,Consumer Discretionary,Gems & Jewellery,2026-09-01,3.0,8.0,7.0,6.0,1.0,Small Cap
PNGS Reva Diamond Jewellery Ltd,INE1RDG01013,544718,PNGSREVA,Consumer Discretionary,Gems & Jewellery,2026-09-01,Unrated,Unrated,Unrated,Unrated,UNRATED,Small Cap
Pocl Enterprises Ltd.,INE035S01028,539195,,Materials,Diversified Chemicals,2026-09-01,3.0,5.0,7.0,4.0,3.0,Small Cap
Poddar Pigments Ltd.,INE371C01013,524570,PODDARMENT,Materials,Coloring Agents,2026-09-01,Unrated,Unrated,Unrated,Unrated,6.0,Small Cap
Pokarna Ltd.,INE637C01025,532486,POKARNA,Materials,Granite Marble & Stones,2026-09-01,2.0,5.0,7.0,3.0,5.0,Small Cap
Polo Queen Industrial & Fintech Ltd.,INE689M01025,540717,,Diversified,Diversified Trading,2026-09-01,Unrated,Unrated,Unrated,Unrated,1.0,Small Cap
Polson Ltd.,INE339F01021,507645,,Materials,Speciality Chemicals - Diversified,2026-08-28,Unrated,Unrated,Unrated,Unrated,UNRATED,Small Cap
Polycab India Ltd.,INE455K01017,542652,POLYCAB,Industrials,Wires & Cables,2026-09-01,5.0,10.0,8.0,4.0,8.0,Large Cap
Polychem Ltd.,INE752B01024,506605,POLYCHEM,Materials,Speciality Chemicals - Diversified,2026-09-01,Unrated,Unrated,Unrated,Unrated,4.0,Small Cap
Polycon International Ltd.,INE262C01014,531397,,Materials,Plastic Materials,2026-09-01,Unrated,Unrated,Unrated,Unrated,5.0,Small Cap
Polylink Polymers (India) Ltd.,INE323D01020,531454,,Materials,Plastic & Resins,2026-09-01,Unrated,Unrated,Unrated,Unrated,7.0,Small Cap
Polymechplast Machines Ltd.,INE809B01014,526043,,Industrials,Industrial Machinery,2026-09-01,Unrated,Unrated,Unrated,Unrated,5.0,Small Cap
Poly Medicure Ltd.,INE205C01021,531768,POLYMED,Healthcare,Medical Devices & Equipment,2026-09-01,3.0,7.0,6.0,4.0,7.0,Small Cap
Polyplex Corporation Ltd.,INE633B01018,524051,POLYPLEX,Materials,Other Packaging Materials,2026-09-01,3.0,2.0,6.0,6.0,9.0,Small Cap
Polysil Irrigation Systems Ltd,INE517M01028,,POLYSIL,Industrials,Irrigation Equipment,2026-09-01,Unrated,Unrated,Unrated,Unrated,1.0,Small Cap
Polyspin Exports Ltd.,INE914G01029,539354,,Materials,Plastic Packaging,2026-09-01,Unrated,Unrated,Unrated,Unrated,5.0,Small Cap
Polytex India Ltd.,INE012F01016,512481,,Financial,NBFC - Diversified,2026-08-31,Unrated,Unrated,Unrated,Unrated,UNRATED,Small Cap
Pondy Oxides & Chemicals Ltd.,INE063E01061,532626,POCL,Materials,Lead Ore,2026-09-01,1.0,1.0,3.0,4.0,2.0,Small Cap
Ponni Sugars (Erode) Ltd.,INE838E01017,532460,PONNIERODE,Consumer Staples,Sugar,2026-09-01,Unrated,Unrated,Unrated,Unrated,10.0,Small Cap
Poojaa Precision Engg Ltd.,INE288301026,544844,,Industrials,Industrial Construction,2026-09-01,5.0,10.0,8.0,6.0,UNRATED,
Pooja Entertainment & Films Ltd.,INE147C01017,532011,,Consumer Discretionary,Movie & TV Production & Distribution,2026-09-01,1.0,1.0,3.0,2.0,7.0,Small Cap
Poojawestern Metaliks Ltd.,INE973X01012,540727,,Materials,Metal Tanks & Fabrications,2026-09-01,Unrated,Unrated,Unrated,Unrated,1.0,Small Cap
Poona Dal & Oil Industries Ltd.,INE809E01018,519359,,Consumer Staples,Edible Oil,2026-08-31,Unrated,Unrated,Unrated,Unrated,6.0,Small Cap
Poonawalla Fincorp Ltd.,INE511C01022,524000,POONAWALLA,Financial,NBFC - Diversified,2026-09-01,3.0,5.0,7.0,4.0,5.0,Mid Cap
Popees Cares Ltd.,INE149B01015,530565,SSLFINANCE,Technology,Software & Services - Diversified,2026-08-31,Unrated,Unrated,Unrated,Unrated,UNRATED,Small Cap
Popular Estate Management Ltd.,INE370C01015,531870,,Industrials,Construction & Engineering - Diversified,2026-09-01,Unrated,Unrated,Unrated,Unrated,5.0,Small Cap
Popular Foundations Ltd,INE0PZB01013,544259,,Industrials,Construction & Engineering - Diversified,2026-09-01,Unrated,Unrated,Unrated,Unrated,5.0,Small Cap
Popular Vehicles And Services Ltd,INE772T01024,544144,PVSL,Consumer Discretionary,Automobile Dealerships,2026-09-01,2.0,1.0,6.0,3.0,7.0,Small Cap
Porwal Auto Components Ltd.,INE386I01018,532933,,Consumer Discretionary,Auto Ancillaries,2026-09-01,Unrated,Unrated,Unrated,Unrated,5.0,Small Cap
Positron Energy Ltd,INE0S3H01017,,POSITRON,Energy & Utilities,Oil & Gas Services,2026-09-01,Unrated,Unrated,Unrated,Unrated,4.0,Small Cap
Power Finance Corporation Ltd.,INE134E01011,532810,PFC,Financial,NBFC - Diversified,2026-09-01,5.0,10.0,7.0,8.0,2.0,Large Cap
Power Grid Corporation Of India Ltd.,INE752E01010,532898,POWERGRID,Energy & Utilities,Electricity Distribution,2026-09-01,3.0,5.0,6.0,7.0,2.0,Large Cap
Powerica Ltd,INE921L01032,544744,POWERICA,Industrials,Motors & Generators,2026-09-01,4.0,8.0,6.0,5.0,UNRATED,Small Cap
Power & Instrumentation (Gujarat) Ltd.,INE557Z01018,543912,PIGL,Industrials,Other Industrial Services,2026-09-01,Unrated,Unrated,Unrated,Unrated,4.0,Small Cap
Power Mech Projects Ltd.,INE211R01019,539302,POWERMECH,Industrials,Construction & Engineering - Diversified,2026-09-01,4.0,6.0,7.0,6.0,7.0,Small Cap
PPAP Automotive Ltd.,INE095I01015,532934,PPAP,Consumer Discretionary,Automotive Accessories,2026-09-01,2.0,1.0,7.0,3.0,8.0,Small Cap
Prabha Energy Ltd,INE0I0M01023,544379,PRABHA,Energy & Utilities,Oil & Gas Exploration and Production,2026-09-01,1.0,1.0,6.0,2.0,6.0,Small Cap
Prabhhans Industries Ltd.,INE428P01013,530361,,Consumer Discretionary,Miscellaneous Textiles,2026-09-01,Unrated,Unrated,Unrated,Unrated,5.0,Small Cap
Pradeep Metals Ltd.,INE770A01010,513532,,Materials,Other Metal Products,2026-09-01,4.0,6.0,7.0,4.0,10.0,Small Cap
Prag Bosimi Synthetics Ltd.,INE962B01011,500192,PRAGBOSIMI,Consumer Discretionary,Yarn,2026-09-01,Unrated,Unrated,Unrated,Unrated,7.0,Small Cap
Praj Industries Ltd.,INE074A01025,522205,PRAJIND,Industrials,Chemical Machinery,2026-09-01,4.0,6.0,6.0,5.0,6.0,Small Cap
Prajay Engineers Syndicate Ltd.,INE505C01016,531746,PRAENG,Real Estate,Real Estate Development,2026-09-01,Unrated,Unrated,Unrated,Unrated,5.0,Small Cap
Prakash Industries Ltd.,INE603A01013,506022,PRAKASH,Materials,Aluminium Products,2026-09-01,3.0,5.0,5.0,7.0,5.0,Small Cap
Prakash Pipes Ltd.,INE050001010,542684,PPL,Industrials,Plastic Tubes & Pipes,2026-09-01,5.0,9.0,7.0,8.0,8.0,Small Cap
Prakash Steelage Ltd.,INE696K01024,533239,PRAKASHSTL,Materials,Iron & Steel,2026-09-01,Unrated,Unrated,Unrated,Unrated,3.0,Small Cap
Prakash Woollen & Synthetic Mills Ltd.,INE523I01016,531437,,Consumer Discretionary,Home Furnishing & Decor,2026-09-01,Unrated,Unrated,Unrated,Unrated,5.0,Small Cap
Pramara Promotions Ltd,INE0O7A01017,,PRAMARA,Industrials,Advertising Agency,2026-09-01,Unrated,Unrated,Unrated,Unrated,1.0,Small Cap
Pramodini Medicare Ltd.,INE2JG601017,,PRAMODINI,Healthcare,Hospitals & Clinics,2026-09-01,5.0,9.0,10.0,7.0,UNRATED,
Pranik Logistics Ltd,INE0VJG01014,,PRANIK,Industrials,Warehousing,2026-09-01,Unrated,Unrated,Unrated,Unrated,UNRATED,Small Cap
Praruh Technologies Ltd,INE0TI501017,544538,,Technology,Software & Services - Diversified,2026-09-01,5.0,6.0,8.0,8.0,UNRATED,Small Cap
Prashant India Ltd.,INE100E01012,519014,,Consumer Discretionary,Miscellaneous Textiles,2026-08-26,Unrated,Unrated,Unrated,Unrated,UNRATED,Small Cap
Prataap Snacks Ltd.,INE393P01035,540724,DIAMONDYD,Consumer Staples,Snacks & Food Confectionery,2026-09-01,2.0,2.0,5.0,2.0,8.0,Small Cap
Pratham EPC Projects Ltd,INE0QA601016,,PRATHAM,Industrials,Energy & Power Projects,2026-09-01,Unrated,Unrated,Unrated,Unrated,4.0,Small Cap
Pratik Panels Ltd.,INE206C01029,526490,,Materials,Wood & Wood Products,2026-09-01,Unrated,Unrated,Unrated,Unrated,1.0,Small Cap
Pratiksha Chemicals Ltd.,INE530D01012,531257,,Materials,Coloring Agents,2026-09-01,Unrated,Unrated,Unrated,Unrated,2.0,Small Cap
Praveg Communications (India) Ltd.,INE722B01019,531637,,Industrials,Event Management,2026-09-01,3.0,7.0,6.0,3.0,4.0,Small Cap
Praxis Home Retail Ltd.,INE546Y01022,540901,PRAXIS,Consumer Discretionary,Home Furnitures,2026-09-01,Unrated,Unrated,Unrated,Unrated,1.0,Small Cap
Precision Camshafts Ltd.,INE484I01029,539636,PRECAM,Consumer Discretionary,Auto Ancillaries,2026-09-01,3.0,4.0,6.0,6.0,4.0,Small Cap
Precision Containeurs Ltd.,INE191C01015,523874,,Materials,Containers & Packaging - Diversified,2026-09-01,Unrated,Unrated,Unrated,Unrated,5.0,Small Cap
Precision Electronics Ltd.,INE143C01024,517258,,Technology,Telecom Services - Diversified,2026-09-01,1.0,1.0,4.0,2.0,7.0,Small Cap
Precision Metaliks Ltd.,INE0HKW01018,,PRECISION,Consumer Discretionary,Auto Ancillaries,2026-09-01,Unrated,Unrated,Unrated,Unrated,1.0,Small Cap
Precision Wires India Ltd.,INE372C01037,523539,PRECWIRE,Industrials,Wires & Cables,2026-09-01,3.0,5.0,8.0,2.0,10.0,Small Cap
Precot Ltd.,INE283A01014,521184,PRECOT,Consumer Discretionary,Integrated Textiles,2026-09-01,3.0,2.0,7.0,4.0,9.0,Small Cap
Premco Global Ltd.,INE001E01012,530331,,Consumer Discretionary,Miscellaneous Textiles,2026-09-01,Unrated,Unrated,Unrated,Unrated,4.0,Small Cap
Premier Ltd.,INE342A01018,500540,PREMIER,Industrials,Industrial Machinery,2026-09-01,Unrated,Unrated,Unrated,Unrated,4.0,Small Cap
Premier Capital Services Ltd.,INE946K01023,511016,,Consumer Staples,Dairy Products,2026-09-01,Unrated,Unrated,Unrated,Unrated,1.0,Small Cap
Premier Energies Ltd,INE0BS701011,544238,PREMIERENE,Energy & Utilities,Solar Electric Utilities,2026-09-01,3.0,5.0,8.0,4.0,8.0,Mid Cap
Premier Energy & Infrastructure Ltd.,INE429K01012,533100,,Real Estate,Real Estate - Diversified,2026-09-01,Unrated,Unrated,Unrated,Unrated,4.0,Small Cap
Premier Explosives Ltd.,INE863B01029,526247,PREMEXPLN,Materials,Explosives,2026-09-01,3.0,5.0,6.0,2.0,9.0,Small Cap
Premier Polyfilm Ltd.,INE309M01020,514354,PREMIERPOL,Consumer Discretionary,Home Furnishing & Decor,2026-09-01,4.0,8.0,6.0,4.0,10.0,Small Cap
Premier Roadlines Ltd,INE0CFG01012,,PRLIND,Industrials,Road Logistics,2026-09-01,Unrated,Unrated,Unrated,Unrated,1.0,Small Cap
Premier Synthetics Ltd.,INE940N01012,509835,,Consumer Discretionary,Yarn,2026-09-01,Unrated,Unrated,Unrated,Unrated,5.0,Small Cap
Premium Capital Market & Investment Ltd.,INE555D01019,511660,,Industrials,Business Consultancy,2026-08-31,Unrated,Unrated,Unrated,Unrated,UNRATED,Small Cap
Premium Plast Ltd,INE0M1F01011,,PREMIUM,Consumer Discretionary,Auto Ancillaries,2026-09-01,Unrated,Unrated,Unrated,Unrated,7.0,Small Cap
Prerna Infrabuild Ltd.,INE426H01014,531802,,Real Estate,Real Estate Development,2026-09-01,Unrated,Unrated,Unrated,Unrated,7.0,Small Cap
Presstonic Engineering Ltd,INE0R1601012,,PRESSTONIC,Industrials,Railway Locomotive & Rolling Stock,2026-09-01,Unrated,Unrated,Unrated,Unrated,2.0,Small Cap
Prestige Estates Projects Ltd.,INE811K01011,533274,PRESTIGE,Real Estate,Real Estate Development,2026-09-01,2.0,2.0,6.0,3.0,5.0,Mid Cap
Prevest Denpro Ltd.,INE0GAO01018,543363,,Healthcare,Diagnostic Devices & Equipment,2026-09-01,4.0,9.0,7.0,6.0,2.0,Small Cap
Pricol Ltd.,INE726V01018,540293,PRICOLLTD,Consumer Discretionary,Auto Ancillaries,2026-09-01,4.0,7.0,8.0,3.0,10.0,Small Cap
Prima Industries Ltd.,INE723N01012,531246,,Consumer Staples,Edible Oil,2026-08-31,Unrated,Unrated,Unrated,Unrated,5.0,Small Cap
Prima Agro Ltd.,INE297D01018,519262,,Consumer Staples,Pet & Animal Feed,2026-09-01,Unrated,Unrated,Unrated,Unrated,4.0,Small Cap
Prima Innovation Ltd.,INE13LA01027,544855,,Materials,Plastic Materials,2026-09-01,Unrated,Unrated,Unrated,Unrated,UNRATED,
Prima Plastics Ltd.,INE573B01016,530589,,Consumer Discretionary,Home Furnitures,2026-09-01,Unrated,Unrated,Unrated,Unrated,7.0,Small Cap
Prime Industries Ltd.,INE543F01028,519299,,Real Estate,Real Estate Operations,2026-09-01,Unrated,Unrated,Unrated,Unrated,5.0,Small Cap
Prime Cable Industries Ltd,INE0CQA01020,,PRIMECAB,Industrials,Wires & Cables,2026-09-01,3.0,2.0,10.0,5.0,10.0,Small Cap
Prime Capital Market Ltd.,INE748D01010,535514,,Financial,Investment Services,2026-08-28,Unrated,Unrated,Unrated,Unrated,UNRATED,Small Cap
Prime Focus Ltd.,INE367G01038,532748,PFOCUS,Consumer Discretionary,Media Production Equipment & Services,2026-09-01,1.0,1.0,5.0,2.0,7.0,Small Cap
Prime Fresh Ltd.,INE442V01012,540404,,Consumer Staples,Fruits & Vegetables,2026-09-01,Unrated,Unrated,Unrated,Unrated,1.0,Small Cap
Prime Property Development Corporation Ltd.,INE233C01023,530695,,Real Estate,Real Estate Development,2026-09-01,Unrated,Unrated,Unrated,Unrated,6.0,Small Cap
Prime Securities Ltd.,INE032B01021,500337,PRIMESECU,Financial,Investment Banking,2026-09-01,4.0,10.0,6.0,3.0,7.0,Small Cap
Prime Urban Development India Ltd.,INE419E01024,521149,,Real Estate,Real Estate Development,2026-09-01,Unrated,Unrated,Unrated,Unrated,5.0,Small Cap
Primo Chemicals Ltd.,INE607A01022,506852,PRIMO,Materials,Commodity Chemicals - Diversified,2026-09-01,2.0,1.0,4.0,6.0,6.0,Small Cap
Prince Pipes and Fittings Ltd.,INE689W01016,542907,PRINCEPIPE,Industrials,Plastic Tubes & Pipes,2026-09-01,4.0,6.0,7.0,6.0,7.0,Small Cap
Prism Johnson Ltd.,INE010A01011,500338,PRSMJOHNSN,Materials,Cement,2026-09-01,1.0,1.0,6.0,3.0,2.0,Small Cap
Prism Medico and Pharmacy Ltd.,INE730E01016,512217,,Consumer Staples,Pet & Animal Feed,2026-09-01,Unrated,Unrated,Unrated,Unrated,9.0,Small Cap
Prismx Global Ventures Ltd.,INE286N01028,501314,,Diversified,Diversified Services,2026-09-01,Unrated,Unrated,Unrated,Unrated,4.0,Small Cap
Prithvi Exchange (India) Ltd.,INE621B01021,531688,PRITHVISOF,Financial,Miscellaneous Financial Services,2026-09-01,Unrated,Unrated,Unrated,Unrated,3.0,Small Cap
Priti International Ltd.,INE974Z01015,,PRITI,Consumer Discretionary,Household Durables - Diversified,2026-09-01,Unrated,Unrated,Unrated,Unrated,1.0,Small Cap
Pritika Auto Industries Ltd.,INE583R01029,539359,PRITIKAUTO,Consumer Discretionary,Auto Ancillaries,2026-09-01,Unrated,Unrated,Unrated,Unrated,8.0,Small Cap
Pritika Engineering Components Ltd.,INE0MJQ01020,,PRITIKA,Consumer Discretionary,Auto Ancillaries,2026-09-01,Unrated,Unrated,Unrated,Unrated,UNRATED,Small Cap
Pritish Nandy Communications Ltd.,INE392B01011,532387,PNC,Consumer Discretionary,Movie & TV Production & Distribution,2026-09-01,Unrated,Unrated,Unrated,Unrated,2.0,Small Cap
Privi Speciality Chemicals Ltd.,INE959A01019,530117,PRIVISCL,Materials,Speciality Chemicals - Diversified,2026-09-01,3.0,5.0,8.0,4.0,8.0,Small Cap
Priya Ltd.,INE686C01014,524580,PRIYADYES,Technology,Computer Hardware,2026-08-31,Unrated,Unrated,Unrated,Unrated,UNRATED,Small Cap
Prizor Viztech Ltd,INE0V9N01017,,PRIZOR,Technology,Security & Surveillance,2026-09-01,Unrated,Unrated,Unrated,Unrated,10.0,Small Cap
Pro CLB Global Ltd.,INE438C01010,540703,,Industrials,Business Services - Diversified,2026-09-01,Unrated,Unrated,Unrated,Unrated,3.0,Small Cap
Procter & Gamble Health Ltd.,INE199A01012,500126,PGHL,Healthcare,Branded Medicines,2026-09-01,3.0,7.0,4.0,5.0,8.0,Small Cap
Procter & Gamble Hygiene and Health Care Ltd.,INE179A01014,500459,PGHH,Consumer Staples,Household & Personal Products - Diversified,2026-09-01,3.0,8.0,4.0,5.0,1.0,Mid Cap
Prodocs Solutions Ltd,INE10XK01019,544643,,Industrials,BPO Services,2026-09-01,4.0,4.0,8.0,7.0,UNRATED,Small Cap
Pro Fin Capital Services Ltd.,INE732K01027,511557,,Financial,Financial Services - Diversified,2026-09-01,Unrated,Unrated,Unrated,Unrated,2.0,Small Cap
PRO FX Tech Ltd,INE0VJT01017,,PROFX,Consumer Discretionary,Computer & Electronics Retail,2026-09-01,5.0,7.0,8.0,6.0,7.0,Small Cap
Progrex Ventures Ltd.,INE421E01012,531265,,Consumer Staples,Other Agriculture Products,2026-08-17,Unrated,Unrated,Unrated,Unrated,UNRATED,Small Cap
Prolife Industries Ltd.,INE994V01012,,PROLIFE,Materials,Speciality Chemicals - Diversified,2026-09-01,Unrated,Unrated,Unrated,Unrated,UNRATED,Small Cap
Promact Impex Ltd.,INE818D01011,526494,,Diversified,Diversified Trading,2026-09-01,Unrated,Unrated,Unrated,Unrated,UNRATED,Small Cap
Promax Power Ltd.,INE0I2F01015,543375,,Industrials,Construction & Engineering - Diversified,2026-08-31,Unrated,Unrated,Unrated,Unrated,UNRATED,Small Cap
Propshop Events and Exhibitions Ltd,INE1FFX01018,,PROPSHOP,Industrials,Event Management,2026-09-01,5.0,8.0,7.0,7.0,UNRATED,
Prospect Commodities Ltd.,INE0OKG01017,543814,,Consumer Staples,Plantation Crops,2026-08-31,Unrated,Unrated,Unrated,Unrated,UNRATED,Small Cap
Prostarm Info Systems Ltd,INE0BX301013,544410,PROSTARM,Energy & Utilities,Energy Equipment & Services Diversified,2026-09-01,2.0,1.0,5.0,7.0,3.0,Small Cap
Protean eGov Technologies Ltd,INE004A01022,544021,PROTEAN,Technology,IT Services & Consulting,2026-09-01,3.0,7.0,5.0,6.0,3.0,Small Cap
Proventus Agrocom Ltd,INE0ONE01016,,PROV,Consumer Staples,Other Agriculture Products,2026-09-01,Unrated,Unrated,Unrated,Unrated,10.0,Small Cap
Prozone Intu Properties Ltd.,INE195N01013,534675,PROZONER,Real Estate,Real Estate Lease & Renting,2026-09-01,1.0,2.0,5.0,2.0,4.0,Small Cap
Prudent Corporate Advisory Services Ltd.,INE00F201020,543527,PRUDENT,Financial,Brokerage Services,2026-09-01,5.0,10.0,8.0,3.0,9.0,Small Cap
Prudential Sugar Corporation Ltd.,INE024D01016,500342,PRUDMOULI,Consumer Staples,Sugar,2026-09-01,Unrated,Unrated,Unrated,Unrated,2.0,Small Cap
PS IT Infrastructure & Services Ltd.,INE953M01033,505502,,Financial,Investment Services,2026-09-01,Unrated,Unrated,Unrated,Unrated,9.0,Small Cap
PSP Projects Ltd.,INE488V01015,540544,PSPPROJECT,Industrials,Construction & Engineering - Diversified,2026-09-01,3.0,1.0,7.0,5.0,8.0,Small Cap
P S Raj Steels Ltd,INE0XUS01020,,PSRAJ,Industrials,Steel Tubes & Pipes,2026-09-01,Unrated,Unrated,Unrated,Unrated,UNRATED,Small Cap
PTC Industries Ltd.,INE596F01018,539006,PTCIL,Materials,Stainless Steel,2026-09-01,1.0,1.0,4.0,2.0,7.0,Small Cap
PTC India Ltd.,INE877F01012,532524,PTC,Energy & Utilities,Power Generation - Diversified,2026-09-01,3.0,2.0,5.0,8.0,4.0,Small Cap
PTC India Financial Services Ltd.,INE560K01014,533344,PFS,Financial,NBFC - Diversified,2026-09-01,3.0,7.0,3.0,8.0,2.0,Small Cap
PTL Enterprises Ltd.,INE034D01049,509220,PTL,Industrials,Other Industrial Services,2026-09-01,5.0,9.0,6.0,8.0,6.0,Small Cap
Pudumjee Paper Products Ltd.,INE865T01018,539785,PDMJEPAPER,Materials,Paper & Paper Products,2026-09-01,5.0,9.0,7.0,7.0,6.0,Small Cap
Pulsar International Ltd.,INE183U01022,512591,,Diversified,Diversified Trading,2026-09-01,Unrated,Unrated,Unrated,Unrated,1.0,Small Cap
Pulz Electronics Ltd.,INE335X01014,,PULZ,Industrials,Electronic Equipment,2026-09-01,Unrated,Unrated,Unrated,Unrated,2.0,Small Cap
Pune E - Stock Broking Ltd,INE510U01018,544141,,Financial,Brokerage Services,2026-09-01,Unrated,Unrated,Unrated,Unrated,8.0,Small Cap
Punjab Chemicals & Crop Protection Ltd.,INE277B01014,506618,PUNJABCHEM,Materials,Pesticides,2026-09-01,4.0,6.0,7.0,5.0,6.0,Small Cap
Punjab Communications Ltd.,INE609A01010,500346,PUNJCOMMU,Technology,Technology Equipment & Parts,2026-09-01,Unrated,Unrated,Unrated,Unrated,5.0,Small Cap
Punjab National Bank,INE160A01022,532461,PNB,Financial,Banks - Diversified,2026-09-01,4.0,5.0,7.0,8.0,4.0,Large Cap
Punjab & Sind Bank,INE608A01012,533295,PSB,Financial,Corporate Banks,2026-09-01,3.0,5.0,6.0,7.0,2.0,Small Cap
Puravankara Ltd.,INE323I01011,532891,PURVA,Real Estate,Real Estate Development,2026-09-01,1.0,1.0,4.0,2.0,4.0,Small Cap
Purohit Construction Ltd.,INE147J01012,538993,,Industrials,Construction & Engineering - Diversified,2026-08-28,Unrated,Unrated,Unrated,Unrated,UNRATED,Small Cap
Purple Finance Ltd.,INE0CYK01015,544191,,Financial,Microfinancing,2026-09-01,3.0,1.0,4.0,7.0,9.0,Small Cap
Purple United Sales Ltd,INE0P5R01014,,PURPLEUTED,Consumer Discretionary,Apparel & Accessories Retail,2026-09-01,Unrated,Unrated,Unrated,Unrated,7.0,Small Cap
Purple Wave Infocom Ltd,INE0VDK01019,544627,,Technology,Technology Hardware - Diversified,2026-09-01,5.0,7.0,10.0,8.0,10.0,Small Cap
Purv Flexipack Ltd,INE0R6C01012,,PURVFLEXI,Materials,Plastic Packaging,2026-09-01,Unrated,Unrated,Unrated,Unrated,3.0,Small Cap
Pushpa Jewellers Ltd,INE154801018,,PUSHPA,Consumer Discretionary,Gems & Jewellery,2026-09-01,5.0,6.0,9.0,6.0,8.0,Small Cap
PVP Ventures Ltd.,INE362A01016,517556,PVP,Real Estate,Real Estate Development,2026-09-01,2.0,1.0,6.0,3.0,10.0,Small Cap
PVR Inox Ltd.,INE191H01014,532689,PVRINOX,Consumer Discretionary,Media & Entertainment Conglomerate,2026-09-01,4.0,3.0,8.0,6.0,8.0,Small Cap
PVV Infra Ltd.,INE428B01021,536659,,Industrials,Construction & Engineering - Diversified,2026-09-01,Unrated,Unrated,Unrated,Unrated,3.0,Small Cap
Pyramid Technoplast Ltd,INE0MIS01010,543969,PYRAMID,Materials,Other Packaging Materials,2026-09-01,3.0,1.0,7.0,5.0,7.0,Small Cap
Qgo Finance Ltd.,INE837C01013,538646,,Financial,NBFC - Diversified,2026-09-01,Unrated,Unrated,Unrated,Unrated,6.0,Small Cap
Q-Line Biotech Ltd,INE1G2W01011,,QLINE,Healthcare,Medical Devices & Equipment,2026-09-01,Unrated,Unrated,Unrated,Unrated,UNRATED,Small Cap
QMS Medical Allied Services Ltd.,INE0FMW01018,,QMSMEDI,Healthcare,Medical Devices & Equipment,2026-09-01,Unrated,Unrated,Unrated,Unrated,10.0,Small Cap
Q&T Foods Ltd.,INE13G401012,544872,,Consumer Staples,Bakery Product,2026-09-01,5.0,8.0,10.0,7.0,UNRATED,
Quadpro ITeS Ltd.,INE0GOJ01027,,QUADPRO,Technology,Software & Services - Diversified,2026-09-01,Unrated,Unrated,Unrated,Unrated,UNRATED,Small Cap
Quadrant Televentures Ltd.,INE527B01020,511116,,Technology,Telecom Services - Diversified,2026-08-31,Unrated,Unrated,Unrated,Unrated,UNRATED,Small Cap
Quadrant Future Tek Ltd,INE0LRY01011,544336,QUADFUTURE,Industrials,Wires & Cables,2026-09-01,2.0,1.0,3.0,4.0,8.0,Small Cap
Qualitek Labs Ltd,INE0Q1R01012,544091,,Industrials,Industrial Services - Diversified,2026-09-01,Unrated,Unrated,Unrated,Unrated,9.0,Small Cap
Quality Foils (India) Ltd.,INE0O1M01015,,QFIL,Materials,Iron & Steel,2026-09-01,Unrated,Unrated,Unrated,Unrated,UNRATED,Small Cap
Quality Power Electrical Equipments Ltd,INE0SII01026,544367,QPOWER,Industrials,Transformers & Transmission Equipment,2026-09-01,3.0,5.0,4.0,3.0,9.0,Small Cap
Quality RO Industries Ltd.,INE0KAF01018,543460,,Industrials,Valves and Fittings,2026-09-01,Unrated,Unrated,Unrated,Unrated,UNRATED,Small Cap
Quantum Digital Vision (India) Ltd.,INE373C01019,530281,,Consumer Discretionary,Media Production Equipment & Services,2026-09-01,Unrated,Unrated,Unrated,Unrated,10.0,Small Cap
Quess Corp Ltd.,INE615P01015,539978,QUESS,Industrials,Business Services - Diversified,2026-09-01,4.0,6.0,6.0,6.0,10.0,Small Cap
Quest Capital Markets Ltd.,INE418C01012,500069,,Financial,NBFC - Diversified,2026-09-01,Unrated,Unrated,Unrated,Unrated,4.0,Small Cap
Quest Flow Controls Ltd.,INE0OYE01013,543982,,Industrials,Valves and Fittings,2026-09-01,Unrated,Unrated,Unrated,Unrated,4.0,Small Cap
Quest Laboratories Ltd,INE0TNW01017,,QUESTLAB,Healthcare,Pharmaceuticals - Diversified,2026-09-01,Unrated,Unrated,Unrated,Unrated,3.0,Small Cap
Quest Softech (India) Ltd.,INE989J01017,535719,,Technology,Software & Services - Diversified,2026-09-01,Unrated,Unrated,Unrated,Unrated,8.0,Small Cap
Quick Heal Technologies Ltd.,INE306L01010,539678,QUICKHEAL,Technology,Software,2026-09-01,1.0,3.0,3.0,3.0,2.0,Small Cap
Quicktouch Technologies Ltd.,INE0K4D01020,,QUICKTOUCH,Technology,Software,2026-09-01,Unrated,Unrated,Unrated,Unrated,UNRATED,Small Cap
Quint Digital Media Ltd.,INE641R01017,539515,,Consumer Discretionary,Media & Entertainment Conglomerate,2026-09-01,Unrated,Unrated,Unrated,Unrated,5.0,Small Cap
QVC Exports Ltd,INE0KZF01015,,QVCEL,Materials,Diversified Mining,2026-09-01,Unrated,Unrated,Unrated,Unrated,6.0,Small Cap
Raaj Medisafe India Ltd.,INE548H01015,524502,,Healthcare,Medical Devices & Equipment,2026-09-01,Unrated,Unrated,Unrated,Unrated,UNRATED,Small Cap
Raasi Refractories Ltd.,INE858D01017,502271,,Industrials,Refractories,2026-08-31,Unrated,Unrated,Unrated,Unrated,UNRATED,Small Cap
Race Eco Chain Ltd.,INE084Q01012,537785,RACE,Industrials,Waste Management,2026-09-01,Unrated,Unrated,Unrated,Unrated,2.0,Small Cap
Rachana Infrastructure Ltd.,INE02OY01016,,RILINFRA,Industrials,Construction & Engineering - Diversified,2026-09-01,Unrated,Unrated,Unrated,Unrated,7.0,Small Cap
Rachit Prints Ltd,INE0ZN101011,544503,,Consumer Discretionary,Fabric Dyeing & Finishing,2026-09-01,4.0,6.0,6.0,6.0,9.0,Small Cap
RACL Geartech Ltd.,INE704B01017,520073,RACLGEAR,Consumer Discretionary,Auto Ancillaries,2026-09-01,3.0,4.0,8.0,4.0,8.0,Small Cap
Radaan Mediaworks India Ltd.,INE874F01027,590070,RADAAN,Consumer Discretionary,Media & Entertainment Conglomerate,2026-09-01,Unrated,Unrated,Unrated,Unrated,5.0,Small Cap
Radhe Developers (India) Ltd.,INE986B01044,531273,,Real Estate,Real Estate Development,2026-09-01,Unrated,Unrated,Unrated,Unrated,2.0,Small Cap
Radhika Jeweltech Ltd.,INE583V01021,540125,RADHIKAJWE,Consumer Discretionary,Gems & Jewellery,2026-09-01,3.0,2.0,8.0,6.0,5.0,Small Cap
Radiant Cash Management Services Ltd.,INE855R01021,543732,RADIANTCMS,Industrials,Road Transport,2026-09-01,3.0,5.0,5.0,9.0,3.0,Small Cap
Radico Khaitan Ltd.,INE944F01028,532497,RADICO,Consumer Staples,Distilleries,2026-09-01,4.0,7.0,8.0,2.0,10.0,Mid Cap
Radiowalla Network Ltd,INE430U01019,,RADIOWALLA,Industrials,Other Business Services,2026-09-01,Unrated,Unrated,Unrated,Unrated,1.0,Small Cap
Radix Industries (India) Ltd.,INE576N01014,531412,,Consumer Staples,Hair Accessories,2026-09-01,Unrated,Unrated,Unrated,Unrated,2.0,Small Cap
Raghav Productivity Enhancers Ltd.,INE912T01018,539837,RPEL,Industrials,Refractories,2026-09-01,3.0,8.0,6.0,1.0,10.0,Small Cap
Raghunath International Ltd.,INE753B01014,526813,,Real Estate,Real Estate Development,2026-09-01,Unrated,Unrated,Unrated,Unrated,5.0,Small Cap
Raghuvir Synthetics Ltd.,INE969C01022,514316,,Consumer Discretionary,Miscellaneous Textiles,2026-09-01,1.0,2.0,3.0,3.0,3.0,Small Cap
Railtel Corporation Of India Ltd.,INE0DD101019,543265,RAILTEL,Technology,Telecom Services - Diversified,2026-09-01,3.0,6.0,7.0,6.0,3.0,Small Cap
Rail Vikas Nigam Ltd.,INE415G01027,542649,RVNL,Industrials,Railway Construction,2026-09-01,1.0,1.0,5.0,5.0,1.0,Mid Cap
Rain Industries Ltd.,INE855B01025,500339,RAIN,Materials,Carbon Black,2026-09-01,3.0,1.0,6.0,6.0,9.0,Small Cap
Rainbow Children's Medicare Ltd.,INE961O01016,543524,RAINBOW,Healthcare,Hospitals & Clinics,2026-09-01,5.0,10.0,7.0,4.0,7.0,Small Cap
Rainbow Foundations Ltd.,INE230F01014,531694,,Real Estate,Real Estate Development,2026-09-01,Unrated,Unrated,Unrated,Unrated,1.0,Small Cap
Raja Bahadur International Ltd.,INE491N01016,503127,,Real Estate,Real Estate - Diversified,2026-08-31,Unrated,Unrated,Unrated,Unrated,UNRATED,Small Cap
Rajapalayam Mills Ltd.,INE296E01026,532503,RAJPALAYAM,Consumer Discretionary,Yarn,2026-09-01,1.0,1.0,6.0,2.0,6.0,Small Cap
Rajasthan Cylinders & Containers Ltd.,INE929D01016,538707,,Energy & Utilities,Oil & Gas Storage,2026-09-01,Unrated,Unrated,Unrated,Unrated,5.0,Small Cap
Rajasthan Gases Ltd.,INE184D01026,526873,,Energy & Utilities,Oil & Gas Transportation,2026-09-01,4.0,9.0,5.0,3.0,9.0,Small Cap
Rajasthan Petro Synthetics Ltd.,INE374C01017,506975,RAJASPETRO,Industrials,Other Business Services,2026-08-31,Unrated,Unrated,Unrated,Unrated,UNRATED,Small Cap
Shree Rajasthan Syntex Ltd.,INE796C01011,503837,SHRERAJSYN,Consumer Discretionary,Yarn,2026-09-01,Unrated,Unrated,Unrated,Unrated,UNRATED,Small Cap
Rajasthan Tube Manufacturing Company Ltd.,INE497E01020,530253,,Materials,Iron & Steel,2026-09-01,Unrated,Unrated,Unrated,Unrated,1.0,Small Cap
Rajdarshan Industries Ltd.,INE610C01014,526662,ARENTERP,Materials,Diversified Mining,2026-09-01,Unrated,Unrated,Unrated,Unrated,5.0,Small Cap
Rajesh Exports Ltd.,INE343B01030,531500,RAJESHEXPO,Consumer Discretionary,Gems & Jewellery,2026-09-01,2.0,3.0,7.0,6.0,1.0,Small Cap
Rajesh Power Services Ltd,INE0VN801010,544291,,Energy & Utilities,Electricity Distribution,2026-09-01,Unrated,Unrated,Unrated,Unrated,2.0,Small Cap
Rajeshwari Cans Ltd.,INE0CQ101015,543285,,Materials,Other Packaging Materials,2026-09-01,Unrated,Unrated,Unrated,Unrated,1.0,Small Cap
Rajgor Castor Derivatives Ltd,INE0BZQ01011,,RCDL,Consumer Staples,Other Agriculture Products,2026-09-01,Unrated,Unrated,Unrated,Unrated,6.0,Small Cap
Rajkamal Synthetics Ltd.,INE376L01013,514028,,Consumer Discretionary,Synthetic Fabrics,2026-09-01,Unrated,Unrated,Unrated,Unrated,1.0,Small Cap
Rajnandini Fashion India Ltd,INE1GM501015,544771,,Consumer Discretionary,Apparel & Accessories Retail,2026-09-01,5.0,7.0,8.0,8.0,UNRATED,Small Cap
Rajnandini Metal Ltd.,INE00KV01022,,RAJMET,Materials,Copper Ore,2026-09-01,Unrated,Unrated,Unrated,Unrated,2.0,Small Cap
Sheetal Diamonds Ltd.,INE786J01033,530525,,Consumer Discretionary,Gems & Jewellery,2026-09-01,Unrated,Unrated,Unrated,Unrated,1.0,Small Cap
Rajnish Wellness Ltd.,INE685Z01033,541601,,Consumer Staples,Household & Personal Products - Diversified,2026-09-01,Unrated,Unrated,Unrated,Unrated,2.0,Small Cap
Raj Oil Mills Ltd.,INE294G01026,533093,ROML,Consumer Staples,Edible Oil,2026-09-01,Unrated,Unrated,Unrated,Unrated,6.0,Small Cap
Rajoo Engineers Ltd.,INE535F01024,522257,RAJOOENG,Industrials,Industrial Machinery,2026-09-01,4.0,9.0,6.0,7.0,1.0,Small Cap
Raj Packaging Industries Ltd.,INE639C01013,530111,,Materials,Plastic Packaging,2026-09-01,Unrated,Unrated,Unrated,Unrated,6.0,Small Cap
Rajputana Industries Ltd,INE0PCU01012,,RAJINDLTD,Materials,Metals - Diversified,2026-09-01,Unrated,Unrated,Unrated,Unrated,UNRATED,Small Cap
Rajputana Biodiesel Ltd,INE0VHU01019,,RBDL,Energy & Utilities,Oil & Gas Exploration and Production,2026-09-01,Unrated,Unrated,Unrated,Unrated,UNRATED,Small Cap
Rajputana Investment & Finance Ltd.,INE751R01014,539090,,Financial,NBFC - Diversified,2026-09-01,Unrated,Unrated,Unrated,Unrated,3.0,Small Cap
Rajputana Stainless Ltd.,INE313L01016,544731,RSL,Materials,Iron Ore,2026-09-01,4.0,7.0,8.0,6.0,UNRATED,Small Cap
Rajratan Global Wire Ltd.,INE451D01029,517522,RAJRATAN,Materials,Steel Wires,2026-09-01,4.0,6.0,6.0,5.0,9.0,Small Cap
Raj Rayon Industries Ltd.,INE533D01032,530699,RAJRILTD,Consumer Discretionary,Yarn,2026-09-01,1.0,2.0,6.0,3.0,4.0,Small Cap
Rajshree Polypack Ltd.,INE760W01023,,RPPL,Materials,Plastic Packaging,2026-09-01,Unrated,Unrated,Unrated,Unrated,9.0,Small Cap
Rajshree Sugars & Chemicals Ltd.,INE562B01019,500354,RAJSREESUG,Consumer Staples,Sugar,2026-09-01,Unrated,Unrated,Unrated,Unrated,8.0,Small Cap
Raj Television Network Ltd.,INE952H01027,532826,RAJTV,Consumer Discretionary,Television Broadcasting,2026-09-01,Unrated,Unrated,Unrated,Unrated,1.0,Small Cap
Rallis India Ltd.,INE613A01020,500355,RALLIS,Materials,Pesticides,2026-09-01,2.0,5.0,6.0,6.0,1.0,Small Cap
Shree Rama Multi-Tech Ltd.,INE879A01019,532310,SHREERAMA,Materials,Containers & Packaging - Diversified,2026-09-01,2.0,2.0,8.0,6.0,3.0,Small Cap
Rama Paper Mills Ltd.,INE425E01013,500357,,Materials,Paper & Paper Products,2026-09-01,Unrated,Unrated,Unrated,Unrated,6.0,Small Cap
Rama Petrochemicals Ltd.,INE783A01013,500358,RAMAPETRO,Materials,Chemical Trading,2026-08-31,Unrated,Unrated,Unrated,Unrated,UNRATED,Small Cap
Rama Phosphates Ltd.,INE809A01032,524037,RAMAPHO,Materials,Fertilisers,2026-09-01,2.0,1.0,5.0,4.0,4.0,Small Cap
Rama Steel Tubes Ltd.,INE230R01035,539309,RAMASTEEL,Materials,Iron & Steel,2026-09-01,1.0,1.0,5.0,5.0,1.0,Small Cap
Rama Telecom Ltd,INE14W901010,,RTL,Technology,Telecom Services - Diversified,2026-09-01,4.0,5.0,6.0,6.0,8.0,Small Cap
Rama Vision Ltd.,INE763B01013,523289,RAMAVISION,Consumer Staples,Household & Personal Products Trading,2026-09-01,Unrated,Unrated,Unrated,Unrated,9.0,Small Cap
Ramchandra Leasing & Finance Ltd.,INE516P01015,538540,,Financial,NBFC - Diversified,2026-09-01,Unrated,Unrated,Unrated,Unrated,10.0,Small Cap
Ramco Industries Ltd.,INE614A01028,532369,RAMCOIND,Industrials,Other Building Products,2026-09-01,4.0,4.0,7.0,6.0,8.0,Small Cap
Ramco Systems Ltd.,INE246B01019,532370,RAMCOSYS,Technology,Software & Services - Diversified,2026-09-01,3.0,4.0,5.0,4.0,8.0,Small Cap
Ramdevbaba Solvent Ltd,INE0RJH01010,,RBS,Consumer Staples,Edible Oil,2026-09-01,Unrated,Unrated,Unrated,Unrated,6.0,Small Cap
Ramgopal Polytex Ltd.,INE410D01017,514223,RAMGOPOLY,Consumer Discretionary,Textiles & Leather Trading,2026-09-01,Unrated,Unrated,Unrated,Unrated,10.0,Small Cap
Ram Info Ltd.,INE357B01022,530951,,Technology,Software & Services - Diversified,2026-09-01,Unrated,Unrated,Unrated,Unrated,1.0,Small Cap
Ramkrishna Forgings Ltd.,INE399G01023,532527,RKFORGE,Materials,Stainless Steel,2026-09-01,3.0,1.0,7.0,4.0,9.0,Small Cap
Ramky Infrastructure Ltd.,INE874I01013,533262,RAMKY,Industrials,Construction & Engineering - Diversified,2026-09-01,3.0,3.0,6.0,8.0,1.0,Small Cap
Ram Ratna Wires Ltd.,INE207E01023,522281,RAMRAT,Industrials,Wires & Cables,2026-09-01,2.0,1.0,5.0,3.0,8.0,Small Cap
Ramsons Projects Ltd.,INE609D01014,530925,,Financial,NBFC - Diversified,2026-09-01,Unrated,Unrated,Unrated,Unrated,4.0,Small Cap
Rana Sugars Ltd.,INE625B01014,507490,RANASUG,Consumer Staples,Sugar,2026-09-01,Unrated,Unrated,Unrated,Unrated,9.0,Small Cap
Rander Corporation Ltd.,INE821D01031,531228,,Financial,Brokerage Services,2026-09-01,Unrated,Unrated,Unrated,Unrated,8.0,Small Cap
Rane Holdings Ltd.,INE384A01010,505800,RANEHOLDIN,Consumer Discretionary,Auto Ancillaries,2026-09-01,3.0,3.0,7.0,6.0,8.0,Small Cap
Rane (Madras) Ltd.,INE050H01012,532661,RML,Consumer Discretionary,Auto Ancillaries,2026-09-01,3.0,1.0,7.0,6.0,9.0,Small Cap
Ranjeet Mechatronics Ltd.,INE01A501027,541945,,Industrials,Motors & Generators,2026-09-01,Unrated,Unrated,Unrated,Unrated,UNRATED,Small Cap
Ranjit Securities Ltd.,INE863D01017,531572,,Financial,Miscellaneous Financial Services,2026-09-01,Unrated,Unrated,Unrated,Unrated,UNRATED,Small Cap
Rap Corp Ltd.,INE483D01014,531583,,Real Estate,Real Estate Development,2026-09-01,Unrated,Unrated,Unrated,Unrated,8.0,Small Cap
Rapicut Carbides Ltd.,INE350D01015,500360,,Industrials,Other Machinery,2026-09-01,Unrated,Unrated,Unrated,Unrated,10.0,Small Cap
Rapid Fleet Management Services Ltd,INE0QX901013,,RAPIDFLEET,Industrials,Road Logistics,2026-09-01,Unrated,Unrated,Unrated,Unrated,UNRATED,Small Cap
Rapid Investments Ltd.,INE154M01012,501351,,Financial,Miscellaneous Financial Services,2026-09-01,Unrated,Unrated,Unrated,Unrated,UNRATED,Small Cap
Rapid Multimodal Logistics Ltd,INE0QA901010,544237,,Industrials,Multimodal Logistics,2026-08-31,Unrated,Unrated,Unrated,Unrated,UNRATED,Small Cap
Rappid Valves (India) Ltd,INE0MVO01012,,RAPPID,Industrials,Valves and Fittings,2026-09-01,Unrated,Unrated,Unrated,Unrated,7.0,Small Cap
Rasandik Engineering Industries India Ltd.,INE682D01011,522207,,Consumer Discretionary,Automotive Body,2026-09-01,Unrated,Unrated,Unrated,Unrated,5.0,Small Cap
Rashi Peripherals Ltd,INE0J1F01024,544119,RPTECH,Consumer Discretionary,Online and Direct Retailing,2026-09-01,3.0,1.0,7.0,6.0,10.0,Small Cap
Rashtriya Chemicals and Fertilizers Ltd.,INE027A01015,524230,RCF,Materials,Fertilisers,2026-09-01,3.0,1.0,7.0,7.0,4.0,Small Cap
Rasi Electrodes Ltd.,INE822D01021,531233,,Industrials,Welding Machinery,2026-09-01,Unrated,Unrated,Unrated,Unrated,3.0,Small Cap
Ras Resorts & Apart Hotels Ltd.,INE651D01016,507966,,Consumer Discretionary,Hotels & Resorts,2026-08-31,Unrated,Unrated,Unrated,Unrated,8.0,Small Cap
RateGain Travel Technologies Ltd.,INE0CLI01024,543417,RATEGAIN,Technology,Software,2026-09-01,4.0,3.0,9.0,5.0,10.0,Small Cap
Rathi Bars Ltd.,INE575I01016,532918,,Materials,Iron & Steel,2026-09-01,Unrated,Unrated,Unrated,Unrated,1.0,Small Cap
Rathi Steel & Power Ltd.,INE336C01016,504903,,Materials,Iron & Steel,2026-09-01,Unrated,Unrated,Unrated,Unrated,7.0,Small Cap
Ratnabhumi Developers Ltd.,INE821Y01011,540796,,Real Estate,Real Estate Lease & Renting,2026-08-18,Unrated,Unrated,Unrated,Unrated,UNRATED,Small Cap
Ratnamani Metals & Tubes Ltd.,INE703B01027,520111,RATNAMANI,Materials,Stainless Steel,2026-09-01,3.0,5.0,6.0,5.0,5.0,Small Cap
Ratnaveer Precision Engineering Ltd,INE05CZ01011,543978,RATNAVEER,Materials,Stainless Steel,2026-09-01,4.0,3.0,7.0,6.0,10.0,Small Cap
RattanIndia Enterprises Ltd.,INE834M01019,534597,RTNINDIA,Consumer Discretionary,Online and Direct Retailing,2026-09-01,1.0,3.0,6.0,3.0,3.0,Small Cap
RattanIndia Power Ltd.,INE399K01017,533122,RTNPOWER,Energy & Utilities,Power Generation - Diversified,2026-09-01,2.0,4.0,6.0,5.0,3.0,Small Cap
Raunaq EPC International Ltd.,INE523K01012,537840,,Industrials,Construction & Engineering - Diversified,2026-08-24,Unrated,Unrated,Unrated,Unrated,UNRATED,Small Cap
Ravalgaon Sugar Farm Ltd.,INE615A01025,507300,RAVALSUGAR,Consumer Staples,Cocoa Products & Confectionery,2026-09-01,Unrated,Unrated,Unrated,Unrated,6.0,Small Cap
Ravelcare Ltd,INE0W4D01018,544629,,Consumer Staples,Personal Hygiene,2026-08-31,5.0,8.0,7.0,8.0,1.0,Small Cap
Ravi Kumar Distilleries Ltd.,INE722J01012,533294,RKDL,Consumer Staples,Distilleries,2026-09-01,Unrated,Unrated,Unrated,Unrated,3.0,Small Cap
Ravileela Granites Ltd.,INE427E01027,526095,,Materials,Granite Marble & Stones,2026-09-01,Unrated,Unrated,Unrated,Unrated,9.0,Small Cap
Ravinder Heights Ltd.,INE09E501017,543251,RVHL,Real Estate,Real Estate Lease & Renting,2026-09-01,Unrated,Unrated,Unrated,Unrated,6.0,Small Cap
Ravindra Energy Ltd.,INE206N01018,504341,RELTD,Energy & Utilities,Renewable Energy Equipment & Services,2026-09-01,2.0,3.0,6.0,2.0,8.0,Small Cap
RAW Edge Industrial Solutions Ltd.,INE960Z01014,541634,,Materials,Other Minerals,2026-09-01,Unrated,Unrated,Unrated,Unrated,4.0,Small Cap
Sree Rayalaseema Hi-Strength Hypo Ltd.,INE917H01012,532842,SRHHYPOLTD,Materials,Commodity Chemicals - Diversified,2026-09-01,5.0,9.0,6.0,8.0,5.0,Small Cap
Raymond Ltd.,INE301A01014,500330,RAYMOND,Consumer Discretionary,Miscellaneous Textiles,2026-09-01,3.0,1.0,5.0,5.0,9.0,Small Cap
Raymond Lifestyle Ltd.,INE02ID01020,544240,RAYMONDLSL,Consumer Discretionary,Apparels & Footwear - Diversified,2026-09-01,2.0,3.0,6.0,7.0,1.0,Small Cap
Raymond Realty Ltd.,INE1SY401010,544420,RAYMONDREL,Real Estate,Real Estate Development,2026-09-01,2.0,2.0,4.0,4.0,8.0,Small Cap
R&B Denims Ltd.,INE012Q01039,538119,RNBDENIMS,Consumer Discretionary,Readymade Garment,2026-09-01,3.0,3.0,5.0,8.0,1.0,Small Cap
RBL Bank Ltd.,INE976G01028,540065,RBLBANK,Financial,Banks - Diversified,2026-09-01,3.0,4.0,6.0,3.0,9.0,Small Cap
RBM Infracon Ltd.,INE0NA301016,,RBMINFRA,Industrials,Construction & Engineering - Diversified,2026-09-01,Unrated,Unrated,Unrated,Unrated,2.0,Small Cap
RBZ Jewellers Ltd,INE0PEQ01016,544060,RBZJEWEL,Consumer Discretionary,Gems & Jewellery,2026-09-01,3.0,2.0,7.0,6.0,7.0,Small Cap
RCI Industries & Technologies Ltd.,INE140B01014,537254,,Industrials,Electronic Components,2026-09-01,Unrated,Unrated,Unrated,Unrated,UNRATED,Small Cap
RDB Rasayans Ltd.,INE123M01017,533608,,Materials,Containers & Packaging - Diversified,2026-09-01,Unrated,Unrated,Unrated,Unrated,7.0,Small Cap
RDB Real Estate Constructions Ltd.,INE0AK901016,544346,,Industrials,Residential Building Construction,2026-09-01,Unrated,Unrated,Unrated,Unrated,2.0,Small Cap
RDB Realty And Infrastructure Ltd.,INE245L01028,533285,,Real Estate,Real Estate Services,2026-09-01,1.0,1.0,4.0,3.0,1.0,Small Cap
Readymix Construction Machinery Ltd,INE10QL01011,,READYMIX,Industrials,Industrial Machinery,2026-09-01,Unrated,Unrated,Unrated,Unrated,6.0,Small Cap
Real Eco-Energy Ltd.,INE055E01034,530053,,Real Estate,Real Estate Development,2026-09-01,Unrated,Unrated,Unrated,Unrated,6.0,Small Cap
Real Touch Finance Ltd.,INE840I01014,538611,,Financial,NBFC - Diversified,2026-09-01,Unrated,Unrated,Unrated,Unrated,6.0,Small Cap
REC Ltd.,INE020B01018,532955,RECLTD,Financial,Commercial Financing,2026-09-01,5.0,10.0,6.0,8.0,3.0,Mid Cap
Recode Studios Ltd,INE2B6701015,544755,,Consumer Staples,Cosmetics & Perfumes,2026-09-01,4.0,6.0,10.0,6.0,UNRATED,Small Cap
Redington Ltd.,INE891D01026,532805,REDINGTON,Technology,Technology Hardware Trading,2026-09-01,3.0,5.0,6.0,5.0,8.0,Small Cap
Redtape Ltd.,INE0LXT01019,543957,REDTAPE,Consumer Discretionary,Apparels & Footwear - Diversified,2026-09-01,3.0,5.0,4.0,6.0,6.0,Small Cap
Reetech International Ltd.,INE0MKO01015,543617,,Materials,Coal & Lignite,2026-08-31,Unrated,Unrated,Unrated,Unrated,UNRATED,Small Cap
Refex Industries Ltd.,INE056I01025,532884,REFEX,Materials,Industrial Gases,2026-09-01,3.0,1.0,5.0,6.0,7.0,Small Cap
Refex Renewables & Infrastructure Ltd.,INE332F01018,531260,,Industrials,Construction & Engineering - Diversified,2026-08-31,Unrated,Unrated,Unrated,Unrated,UNRATED,Small Cap
Refractory Shapes Ltd,INE0TNX01015,,REFRACTORY,Industrials,Refractories,2026-09-01,Unrated,Unrated,Unrated,Unrated,UNRATED,Small Cap
Regaal Resources Ltd,INE0MHO01029,544485,REGAAL,Consumer Staples,Starch and Food Extracts,2026-09-01,2.0,1.0,4.0,5.0,8.0,Small Cap
Regal Entertainment & Consultants Ltd.,INE101E01010,531033,,Financial,NBFC - Diversified,2026-09-01,Unrated,Unrated,Unrated,Unrated,9.0,Small Cap
Regency Ceramics Ltd.,INE277C01012,515018,REGENCERAM,Industrials,Ceramic Tiles and Sanitaryware,2026-09-01,Unrated,Unrated,Unrated,Unrated,3.0,Small Cap
Regency Fincorp Ltd.,INE964R01013,540175,,Financial,NBFC - Diversified,2026-09-01,2.0,2.0,4.0,3.0,9.0,Small Cap
Regent Enterprises Ltd.,INE769D01016,512624,,Consumer Staples,Edible Oil,2026-09-01,Unrated,Unrated,Unrated,Unrated,5.0,Small Cap
Regis Industries Ltd.,INE745R01024,543208,,Financial,NBFC - Diversified,2026-09-01,Unrated,Unrated,Unrated,Unrated,2.0,Small Cap
Rekvina Laboratories Ltd.,INE092O01028,526075,,Healthcare,Pharmaceuticals - Diversified,2026-09-01,Unrated,Unrated,Unrated,Unrated,10.0,Small Cap
Relaxo Footwears Ltd.,INE131B01039,530517,RELAXO,Consumer Discretionary,Footwear,2026-09-01,4.0,8.0,6.0,5.0,6.0,Small Cap
Reliable Data Services Ltd.,INE375Y01018,544207,RELIABLE,Technology,IT Services & Consulting,2026-09-01,Unrated,Unrated,Unrated,Unrated,7.0,Small Cap
Reliable Ventures India Ltd.,INE419H01019,532124,,Consumer Discretionary,Hotels & Resorts,2026-09-01,Unrated,Unrated,Unrated,Unrated,8.0,Small Cap
Reliance Chemotex Industries Ltd.,INE750D01016,503162,RELCHEMQ,Consumer Discretionary,Yarn,2026-09-01,Unrated,Unrated,Unrated,Unrated,3.0,Small Cap
Reliance Communications Ltd.,INE330H01018,532712,RCOM,Technology,Telecom Services - Diversified,2026-09-01,Unrated,Unrated,Unrated,Unrated,1.0,Small Cap
Reliance Home Finance Ltd.,INE217K01011,540709,RHFL,Financial,Mortgage/Housing Finance,2026-09-01,Unrated,Unrated,Unrated,Unrated,1.0,Small Cap
Reliance Industries Ltd.,INE002A01018,500325,RELIANCE,Energy & Utilities,Oil & Gas Refining and Marketing,2026-09-01,3.0,6.0,6.0,5.0,2.0,Large Cap
Reliance Industrial Infrastructure Ltd.,INE046A01015,523445,RIIL,Industrials,Industrial Construction,2026-09-01,2.0,4.0,4.0,4.0,6.0,Small Cap
Reliance Infrastructure Ltd.,INE036A01016,500390,RELINFRA,Industrials,Construction & Engineering - Diversified,2026-09-01,Unrated,Unrated,Unrated,Unrated,UNRATED,Small Cap
Reliance Naval and Engineering Ltd.,INE542F01020,533107,SWANDEF,Industrials,Defence & Aerospace Diversified,2026-09-01,2.0,1.0,6.0,1.0,10.0,Small Cap
Reliance Power Ltd.,INE614G01033,532939,RPOWER,Energy & Utilities,Power Generation - Diversified,2026-09-01,2.0,2.0,5.0,5.0,2.0,Small Cap
Relicab Cable Manufacturing Ltd.,INE773T01014,539760,,Industrials,Wires & Cables,2026-09-01,Unrated,Unrated,Unrated,Unrated,3.0,Small Cap
Relic Technologies Ltd.,INE452B01013,511712,,Financial,Financial Services - Diversified,2026-09-01,Unrated,Unrated,Unrated,Unrated,5.0,Small Cap
Religare Enterprises Ltd.,INE621H01010,532915,RELIGARE,Financial,Life Insurance,2026-09-01,Unrated,Unrated,Unrated,Unrated,6.0,Small Cap
Remedium Lifecare Ltd.,INE549S01036,539561,,Healthcare,Branded Medicines,2026-09-01,Unrated,Unrated,Unrated,Unrated,1.0,Small Cap
Remi Edelstahl Tubulars Ltd.,INE158G01015,513043,,Materials,Stainless Steel,2026-09-01,Unrated,Unrated,Unrated,Unrated,10.0,Small Cap
Remsons Industries Ltd.,INE474C01023,530919,REMSONSIND,Consumer Discretionary,Auto Ancillaries,2026-09-01,2.0,3.0,5.0,7.0,2.0,Small Cap
Remus Pharmaceuticals Ltd,INE0O5T01011,,REMUS,Healthcare,Pharmaceuticals - Diversified,2026-09-01,Unrated,Unrated,Unrated,Unrated,8.0,Small Cap
Renaissance Global Ltd.,INE722H01024,532923,RGL,Consumer Discretionary,Gems & Jewellery,2026-09-01,3.0,1.0,5.0,6.0,7.0,Small Cap
Renol Polychem Ltd,INE0VZX01015,,RNPL,Materials,Coloring Agents,2026-09-01,2.0,3.0,2.0,6.0,2.0,Small Cap
Shree Renuka Sugars Ltd.,INE087H01022,532670,RENUKA,Consumer Staples,Sugar,2026-09-01,Unrated,Unrated,Unrated,Unrated,5.0,Small Cap
Repco Home Finance Ltd.,INE612J01015,535322,REPCOHOME,Financial,Mortgage/Housing Finance,2026-09-01,5.0,10.0,7.0,8.0,4.0,Small Cap
Repono Ltd,INE15WN01014,544463,,Industrials,Warehousing,2026-09-01,5.0,6.0,9.0,6.0,8.0,Small Cap
Repro India Ltd.,INE461B01014,532687,REPRO,Industrials,Printing,2026-09-01,1.0,1.0,4.0,2.0,2.0,Small Cap
ResGen Ltd.,INE0NYN01016,543805,,Industrials,Waste Management,2026-09-01,Unrated,Unrated,Unrated,Unrated,1.0,Small Cap
Resonance Specialties Ltd.,INE486D01017,524218,,Materials,Speciality Chemicals - Diversified,2026-09-01,Unrated,Unrated,Unrated,Unrated,10.0,Small Cap
Resourceful Automobile Ltd,INE0SK201011,544236,,Consumer Discretionary,Automobile Dealerships,2026-08-26,Unrated,Unrated,Unrated,Unrated,UNRATED,Small Cap
Response Informatics Ltd.,INE401B01010,538273,,Technology,Software & Services - Diversified,2026-09-01,Unrated,Unrated,Unrated,Unrated,3.0,Small Cap
Responsive Industries Ltd.,INE688D01026,505509,RESPONIND,Materials,Granite Marble & Stones,2026-09-01,1.0,1.0,5.0,4.0,4.0,Small Cap
Restaurant Brands Asia Ltd.,INE07T201019,543248,RBA,Consumer Discretionary,Quick Service Restaurants,2026-09-01,2.0,2.0,7.0,2.0,10.0,Small Cap
Restile Ceramics Ltd.,INE298E01022,515085,,Industrials,Ceramic Tiles and Sanitaryware,2026-09-01,Unrated,Unrated,Unrated,Unrated,5.0,Small Cap
Retaggio Industries Ltd,INE0KWJ01014,,,Consumer Discretionary,Gems & Jewellery,2026-09-01,Unrated,Unrated,Unrated,Unrated,UNRATED,Small Cap
Retina Paints Ltd.,INE0NTC01019,543902,,Materials,Paints & Varnishes,2026-09-01,Unrated,Unrated,Unrated,Unrated,2.0,Small Cap
Revathi Equipment India Ltd.,INE0DAB01012,544246,RVTH,Industrials,Electronic Components,2026-09-01,Unrated,Unrated,Unrated,Unrated,7.0,Small Cap
Rexnord Electronics & Controls Ltd.,INE687C01012,531888,,Industrials,Electronic Components,2026-09-01,Unrated,Unrated,Unrated,Unrated,8.0,Small Cap
REX Pipes and Cables Industries Ltd.,INE00D001018,,REXPIPES,Industrials,Plastic Tubes & Pipes,2026-09-01,Unrated,Unrated,Unrated,Unrated,UNRATED,Small Cap
Rexpro Enterprises Ltd,INE113601012,,REXPRO,Industrials,Business Services - Diversified,2026-09-01,Unrated,Unrated,Unrated,Unrated,2.0,Small Cap
Rex Sealing And Packaging Industries Ltd.,INE0MFT01014,543744,,Materials,Adhesives,2026-08-21,Unrated,Unrated,Unrated,Unrated,UNRATED,Small Cap
RFBL Flexi Pack Ltd.,INE0V2V01015,,RFBL,Materials,Paper Packaging,2026-09-01,3.0,3.0,6.0,7.0,UNRATED,Small Cap
RGF Capital Markets Ltd.,INE684D01025,539669,,Financial,Commercial Financing,2026-09-01,Unrated,Unrated,Unrated,Unrated,10.0,Small Cap
Rhetan TMT Ltd.,INE0KKN01029,543590,RHETAN,Materials,Iron & Steel,2026-09-01,2.0,1.0,5.0,3.0,6.0,Small Cap
RHI Magnesita India Ltd.,INE743M01012,534076,RHIM,Materials,Miscellaneous Construction Materials,2026-09-01,3.0,6.0,7.0,6.0,3.0,Small Cap
Riba Textiles Ltd.,INE811H01017,531952,,Consumer Discretionary,Home Furnishing & Decor,2026-09-01,Unrated,Unrated,Unrated,Unrated,6.0,Small Cap
Richa Info Systems Ltd.,INE0J1P01015,,RICHA,Technology,Technology Hardware - Diversified,2026-09-01,Unrated,Unrated,Unrated,Unrated,9.0,Small Cap
Richfield Financial Services Ltd.,INE201C01012,539435,,Financial,Miscellaneous Financial Services,2026-09-01,Unrated,Unrated,Unrated,Unrated,UNRATED,Small Cap
Richirich Inventures Ltd.,INE102C01020,519230,,Financial,Other Financial Institutions,2026-09-01,Unrated,Unrated,Unrated,Unrated,2.0,Small Cap
Rich Universe Network Ltd.,INE652D01014,530271,,Financial,Miscellaneous Financial Services,2026-09-01,Unrated,Unrated,Unrated,Unrated,8.0,Small Cap
Rico Auto Industries Ltd.,INE209B01025,520008,RICOAUTO,Consumer Discretionary,Auto Ancillaries,2026-09-01,3.0,2.0,8.0,3.0,8.0,Small Cap
Riddhi Corporate Services Ltd.,INE325X01015,540590,,Industrials,BPO Services,2026-09-01,Unrated,Unrated,Unrated,Unrated,4.0,Small Cap
Riddhi Display Equipments Ltd,INE1DKT01011,544640,,Consumer Discretionary,Kitchenware & Appliances,2026-09-01,3.0,4.0,6.0,7.0,UNRATED,Small Cap
Riddhi Siddhi Gluco Biols Ltd.,INE249D01019,524480,,Diversified,Diversified Trading,2026-09-01,3.0,5.0,3.0,5.0,9.0,Small Cap
Riddhi Steel & Tube Ltd.,INE367U01013,540082,,Materials,Commodity Chemicals - Diversified,2026-08-17,Unrated,Unrated,Unrated,Unrated,UNRATED,Small Cap
Rikhav Securities Ltd,INE0CFH01028,544340,,Financial,Brokerage Services,2026-08-31,Unrated,Unrated,Unrated,Unrated,4.0,Small Cap
RISA International Ltd.,INE001O01029,530251,,Consumer Discretionary,Apparel & Footwear Trading,2026-09-01,Unrated,Unrated,Unrated,Unrated,4.0,Small Cap
Rishabh Instruments Ltd,INE0N2P01017,543977,RISHABH,Industrials,Electronic Equipment,2026-09-01,4.0,7.0,7.0,4.0,10.0,Small Cap
Rishabh Digha Steel & Allied Products Ltd.,INE864D01015,531539,,Materials,Iron & Steel,2026-09-01,Unrated,Unrated,Unrated,Unrated,7.0,Small Cap
Rishab Special Yarns Ltd.,INE351D01013,514177,,Consumer Discretionary,Yarn,2026-09-01,Unrated,Unrated,Unrated,Unrated,UNRATED,Small Cap
Rishi Laser Ltd.,INE988D01012,526861,,Industrials,Electrical Machinery,2026-09-01,Unrated,Unrated,Unrated,Unrated,7.0,Small Cap
Rishiroop Ltd.,INE582D01013,526492,,Materials,Plastic & Resins,2026-09-01,Unrated,Unrated,Unrated,Unrated,7.0,Small Cap
Rishi Techtex Ltd.,INE989D01010,523021,RISHIPACK,Consumer Discretionary,Synthetic Fabrics,2026-09-01,Unrated,Unrated,Unrated,Unrated,5.0,Small Cap
Rita Finance and Leasing Ltd.,INE018S01016,543256,,Financial,NBFC - Diversified,2026-09-01,Unrated,Unrated,Unrated,Unrated,2.0,Small Cap
Ritco Logistics Ltd.,INE01EG01016,542383,RITCO,Industrials,Multimodal Logistics,2026-09-01,3.0,1.0,6.0,5.0,9.0,Small Cap
Rites Ltd.,INE320J01015,541556,RITES,Industrials,Construction & Engineering - Diversified,2026-09-01,4.0,9.0,5.0,7.0,5.0,Small Cap
Ritesh International Ltd.,INE534D01014,519097,,Materials,Commodity Chemicals - Diversified,2026-09-01,Unrated,Unrated,Unrated,Unrated,9.0,Small Cap
Rite Zone Chemcon India Ltd.,INE0MRA01019,,RITEZONE,Materials,Commodity Chemicals - Diversified,2026-09-01,Unrated,Unrated,Unrated,Unrated,UNRATED,Small Cap
Rithwik Facility Management Services Ltd.,INE819Y01015,540843,,Industrials,Professional Services,2026-08-06,Unrated,Unrated,Unrated,Unrated,UNRATED,Small Cap
Riyaasat Lifestyle Ltd,INE0KYI01012,544804,,Consumer Discretionary,Apparel & Accessories Retail,2026-09-01,5.0,10.0,7.0,7.0,UNRATED,Small Cap
RJ Shah & Company Ltd.,INE712Z01019,509845,,Industrials,Construction & Engineering - Diversified,2026-08-18,Unrated,Unrated,Unrated,Unrated,UNRATED,Small Cap
RKD Agri & Retail Ltd.,INE552N01023,511169,,Financial,NBFC - Diversified,2026-09-01,Unrated,Unrated,Unrated,Unrated,UNRATED,Small Cap
RKEC Projects Ltd.,INE786W01010,,RKEC,Industrials,Construction & Engineering - Diversified,2026-09-01,Unrated,Unrated,Unrated,Unrated,1.0,Small Cap
R K Swamy Ltd,INE0NQ801033,544136,RKSWAMY,Industrials,Market Research and Consulting,2026-09-01,4.0,7.0,7.0,7.0,3.0,Small Cap
RLF Ltd.,INE629C01014,512618,,Consumer Discretionary,Fabric Dyeing & Finishing,2026-09-01,Unrated,Unrated,Unrated,Unrated,5.0,Small Cap
RMC Switchgears Ltd.,INE655V01019,540358,RMC,Industrials,Switching Equipment,2026-09-01,Unrated,Unrated,Unrated,Unrated,1.0,Small Cap
RM Drip and Sprinklers System Ltd.,INE219Y01026,544456,RMDRIP,Industrials,Irrigation Equipment,2026-09-01,1.0,1.0,5.0,3.0,1.0,Small Cap
RNFI Services Ltd,INE0SA001017,,RNFI,Technology,Financial Technology,2026-09-01,3.0,6.0,3.0,5.0,5.0,Small Cap
Rnit Ai Solutions Ltd.,INE335Q01026,517286,AUTOPALIND,Consumer Discretionary,Auto Ancillaries,2026-09-01,Unrated,Unrated,Unrated,Unrated,10.0,Small Cap
Robust Hotels Ltd.,INE508K01013,543901,RHL,Consumer Discretionary,Hotels & Resorts,2026-09-01,Unrated,Unrated,Unrated,Unrated,2.0,Small Cap
Rockingdeals Circular Economy Ltd,INE0PTR01012,,ROCKINGDCE,Industrials,Business Services - Diversified,2026-09-01,Unrated,Unrated,Unrated,Unrated,6.0,Small Cap
Rodium Realty Ltd.,INE513E01024,531822,,Real Estate,Real Estate Development,2026-09-01,Unrated,Unrated,Unrated,Unrated,4.0,Small Cap
RO Jewels Ltd.,INE0BDU01028,543171,,Consumer Discretionary,Gems & Jewellery,2026-09-01,Unrated,Unrated,Unrated,Unrated,5.0,Small Cap
Rolcon Engineering Company Ltd.,INE775R01013,505807,,Materials,Ferro Alloys,2026-09-01,Unrated,Unrated,Unrated,Unrated,UNRATED,Small Cap
Rolex Rings Ltd,INE645S01024,543325,ROLEXRINGS,Industrials,Ball Bearings,2026-09-01,5.0,8.0,5.0,6.0,9.0,Small Cap
Rollatainers Ltd.,INE927A01040,502448,ROLLT,Materials,Metal Packaging,2026-09-01,Unrated,Unrated,Unrated,Unrated,10.0,Small Cap
Roni Households Ltd.,INE02AP01013,542145,,Materials,Plastic Materials,2026-09-01,Unrated,Unrated,Unrated,Unrated,1.0,Small Cap
Roopa Industries Ltd.,INE443C01010,530991,,Materials,Diversified Chemicals,2026-09-01,Unrated,Unrated,Unrated,Unrated,6.0,Small Cap
Roselabs Finance Ltd.,INE475C01012,531324,,Real Estate,Real Estate Development,2026-09-01,Unrated,Unrated,Unrated,Unrated,5.0,Small Cap
Rose Merc. Ltd.,INE649C01012,512115,,Diversified,Diversified Trading,2026-09-01,Unrated,Unrated,Unrated,Unrated,4.0,Small Cap
Rossari Biotech Ltd.,INE02A801020,543213,ROSSARI,Materials,Speciality Chemicals - Diversified,2026-09-01,3.0,5.0,6.0,6.0,4.0,Small Cap
Rossell India Ltd.,INE847C01020,533168,ROSSELLIND,Consumer Staples,Tea & Coffee,2026-09-01,Unrated,Unrated,Unrated,Unrated,8.0,Small Cap
Rossell Techsys Ltd.,INE0OJW01016,544294,ROSSTECH,Industrials,Defence & Aerospace Diversified,2026-09-01,2.0,1.0,3.0,2.0,9.0,Small Cap
Rotographics (India) Ltd.,INE364S01014,539922,,Diversified,Diversified Trading,2026-09-01,Unrated,Unrated,Unrated,Unrated,UNRATED,Small Cap
Roto Pumps Ltd.,INE535D01037,517500,ROTO,Industrials,Pumps & Compressors,2026-09-01,3.0,7.0,4.0,5.0,6.0,Small Cap
Route Mobile Ltd.,INE450U01017,543228,ROUTE,Technology,Telecom Services - Diversified,2026-09-01,3.0,6.0,7.0,6.0,3.0,Small Cap
ROX Hi-Tech Ltd,INE0PDJ01013,,ROXHITECH,Technology,IT Services & Consulting,2026-09-01,Unrated,Unrated,Unrated,Unrated,9.0,Small Cap
Royal Arc Electrodes Ltd,INE0EO401019,,ROYALARC,Industrials,Electrodes,2026-09-01,Unrated,Unrated,Unrated,Unrated,UNRATED,Small Cap
Royal Cushion Vinyl Products Ltd.,INE618A01011,526193,ROYALCUSHN,Industrials,Other Building Products,2026-09-01,Unrated,Unrated,Unrated,Unrated,2.0,Small Cap
Royale Manor Hotels & Industries Ltd.,INE008C01011,526640,,Consumer Discretionary,Hotels & Resorts,2026-09-01,Unrated,Unrated,Unrated,Unrated,3.0,Small Cap
Royal India Corporation Ltd.,INE510H01015,512047,,Financial,Brokerage Services,2026-09-01,Unrated,Unrated,Unrated,Unrated,7.0,Small Cap
Royal Orchid Hotels Ltd.,INE283H01019,532699,ROHLTD,Consumer Discretionary,Hotels & Resorts,2026-09-01,3.0,6.0,6.0,6.0,2.0,Small Cap
Royal Sense Ltd,INE0QQG01019,544143,,Healthcare,Medical Supplies,2026-09-01,Unrated,Unrated,Unrated,Unrated,1.0,Small Cap
RPG Life Sciences Ltd.,INE105J01010,532983,RPGLIFE,Healthcare,API / Generic Pharmaceuticals,2026-09-01,4.0,9.0,6.0,4.0,9.0,Small Cap
R.P.P. Infra Projects Ltd.,INE324L01013,533284,RPPINFRA,Industrials,Construction & Engineering - Diversified,2026-09-01,2.0,1.0,4.0,7.0,1.0,Small Cap
RPSG Ventures Ltd.,INE425Y01011,542333,RPSGVENT,Industrials,BPO Services,2026-09-01,2.0,1.0,6.0,3.0,8.0,Small Cap
RR Financial Consultants Ltd.,INE229D01011,511626,,Financial,Financial Services - Diversified,2026-09-01,Unrated,Unrated,Unrated,Unrated,3.0,Small Cap
RRIL Ltd.,INE951M01037,531307,,Consumer Discretionary,Yarn,2026-09-01,Unrated,Unrated,Unrated,Unrated,6.0,Small Cap
R R Kabel Ltd,INE777K01022,543981,RRKABEL,Industrials,Wires & Cables,2026-09-01,4.0,9.0,7.0,2.0,10.0,Small Cap
RR Metalmakers India Ltd.,INE117K01013,531667,,Industrials,Other Building Products,2026-09-01,Unrated,Unrated,Unrated,Unrated,10.0,Small Cap
RRP Defense Ltd.,INE535P01015,530929,,Consumer Discretionary,Apparel & Footwear Trading,2026-08-31,Unrated,Unrated,Unrated,Unrated,UNRATED,Small Cap
RRP Semiconductor Ltd.,INE713N01013,504346,,Financial,Investment Holding Companies,2026-08-31,Unrated,Unrated,Unrated,Unrated,UNRATED,Small Cap
RSC International Ltd.,INE015F01019,530179,,Consumer Discretionary,Synthetic Fabrics,2026-09-01,Unrated,Unrated,Unrated,Unrated,10.0,Small Cap
RSD Finance Ltd.,INE616F01022,539875,,Financial,NBFC - Diversified,2026-09-01,Unrated,Unrated,Unrated,Unrated,UNRATED,Small Cap
RS Software (India) Ltd.,INE165B01029,517447,RSSOFTWARE,Technology,Software & Services - Diversified,2026-09-01,Unrated,Unrated,Unrated,Unrated,2.0,Small Cap
RSWM Ltd.,INE611A01016,500350,RSWM,Consumer Discretionary,Yarn,2026-09-01,2.0,1.0,6.0,4.0,9.0,Small Cap
R Systems International Ltd.,INE411H01032,532735,RSYSTEMS,Technology,IT Services & Consulting,2026-09-01,4.0,9.0,7.0,8.0,1.0,Small Cap
RTCL Ltd.,INE754B01012,531552,,Real Estate,Real Estate Development,2026-09-01,Unrated,Unrated,Unrated,Unrated,3.0,Small Cap
RT Exports Ltd.,INE581D01015,512565,,Consumer Staples,Crop Farming,2026-09-01,Unrated,Unrated,Unrated,Unrated,UNRATED,Small Cap
RTS Power Corporation Ltd.,INE005C01017,531215,,Industrials,Transformers & Transmission Equipment,2026-09-01,Unrated,Unrated,Unrated,Unrated,2.0,Small Cap
Rubfila International Ltd.,INE642C01025,500367,RUBFILA,Materials,Rubber & Rubber Products,2026-09-01,4.0,5.0,6.0,7.0,6.0,Small Cap
Rubicon Research Ltd,INE506V01022,544578,RUBICON,Healthcare,Pharmaceuticals - Diversified,2026-09-01,3.0,5.0,9.0,1.0,10.0,Small Cap
Rubra Medicaments Ltd.,INE396H01019,531099,,Healthcare,Pharmaceuticals Trading,2026-09-01,Unrated,Unrated,Unrated,Unrated,2.0,Small Cap
Ruchi Infrastructure Ltd.,INE413B01023,509020,RUCHINFRA,Diversified,Diversified Services,2026-09-01,Unrated,Unrated,Unrated,Unrated,5.0,Small Cap
Ruchira Papers Ltd.,INE803H01014,532785,RUCHIRA,Materials,Paper & Paper Products,2026-09-01,4.0,6.0,6.0,8.0,3.0,Small Cap
Rudrabhishek Enterprises Ltd.,INE364Z01019,,REPL,Industrials,Business Consultancy,2026-09-01,Unrated,Unrated,Unrated,Unrated,1.0,Small Cap
Himachal Fibres Ltd.,INE723D01021,514010,,Consumer Discretionary,Yarn,2026-09-01,Unrated,Unrated,Unrated,Unrated,3.0,Small Cap
Rudra Gas Enterprise Ltd,INE0OYK01010,544121,,Energy & Utilities,Natural Gas Utilities,2026-09-01,Unrated,Unrated,Unrated,Unrated,UNRATED,Small Cap
Rudra Global Infra Products Ltd.,INE027T01023,539226,,Materials,Iron & Steel,2026-09-01,Unrated,Unrated,Unrated,Unrated,7.0,Small Cap
Rukmani Devi Garg Agro Impex Ltd,INE0S5T01017,544552,,Consumer Staples,Food Wholesale & Distributors,2026-08-26,4.0,4.0,6.0,8.0,UNRATED,Small Cap
Rulka Electricals Ltd,INE0R7301013,,RULKA,Industrials,Other Industrial Services,2026-09-01,Unrated,Unrated,Unrated,Unrated,7.0,Small Cap
Rungta Irrigation Ltd.,INE347C01013,530449,,Industrials,Irrigation Equipment,2026-09-01,Unrated,Unrated,Unrated,Unrated,4.0,Small Cap
Rupa & Company Ltd.,INE895B01021,533552,RUPA,Consumer Discretionary,Integrated Textiles,2026-09-01,3.0,1.0,6.0,7.0,6.0,Small Cap
Ruparel Food Products Ltd.,INE239B01014,511740,,Financial,Mortgage/Housing Finance,2026-09-01,Unrated,Unrated,Unrated,Unrated,2.0,Small Cap
Rushil Decor Ltd.,INE573K01025,533470,RUSHIL,Materials,Wood & Wood Products,2026-09-01,3.0,3.0,5.0,7.0,4.0,Small Cap
Ruttonsha International Rectifier Ltd.,INE302D01024,517035,RIR,Technology,Semiconductor Equipment,2026-09-01,2.0,5.0,6.0,2.0,4.0,Small Cap
Saakshi Medtech And Panels Ltd,INE0PSK01027,,SAAKSHI,Healthcare,Medical Devices & Equipment,2026-09-01,Unrated,Unrated,Unrated,Unrated,10.0,Small Cap
Saatvik Green Energy Ltd,INE13B501022,544526,SAATVIK,Energy & Utilities,Renewable Energy Equipment & Services,2026-09-01,3.0,2.0,7.0,7.0,2.0,Small Cap
SAB Industries Ltd.,INE137M01017,539112,,Industrials,Construction & Engineering - Diversified,2026-09-01,Unrated,Unrated,Unrated,Unrated,UNRATED,Small Cap
Sabar Flex India Ltd.,INE0DZ101013,,SABAR,Materials,Other Packaging Materials,2026-09-01,Unrated,Unrated,Unrated,Unrated,UNRATED,Small Cap
SAB Events & Governance Now Media Ltd.,INE860T01019,540081,SABEVENTS,Consumer Discretionary,Digital Publishing,2026-08-04,Unrated,Unrated,Unrated,Unrated,UNRATED,Small Cap
Saboo Sodium Chloro Ltd.,INE440C01016,530461,,Consumer Staples,Food Processing - Diversified,2026-09-01,Unrated,Unrated,Unrated,Unrated,4.0,Small Cap
Sabrimala Industries India Ltd.,INE400R01018,540132,,Materials,Plastic Materials,2026-09-01,Unrated,Unrated,Unrated,Unrated,7.0,Small Cap
Sacheerome Ltd,INE1ARD01016,,SACHEEROME,Consumer Staples,Household & Personal Products - Diversified,2026-09-01,5.0,10.0,9.0,6.0,9.0,Small Cap
Sacheta Metals Ltd.,INE433G01020,531869,,Consumer Discretionary,Household Appliances,2026-09-01,Unrated,Unrated,Unrated,Unrated,5.0,Small Cap
Sadbhav Engineering Ltd.,INE226H01026,532710,SADBHAV,Industrials,Construction & Engineering - Diversified,2026-09-01,Unrated,Unrated,Unrated,Unrated,4.0,Small Cap
Sadbhav Infrastructure Project Ltd.,INE764L01010,539346,SADBHIN,Industrials,Road & Highway Construction,2026-09-01,Unrated,Unrated,Unrated,Unrated,2.0,Small Cap
Sadhana Nitro Chem Ltd.,INE888C01040,506642,SADHNANIQ,Materials,Commodity Chemicals - Diversified,2026-09-01,2.0,1.0,7.0,4.0,4.0,Small Cap
Sadhav Shipping Ltd,INE0K5H01010,,SADHAV,Industrials,Marine Logistics,2026-09-01,Unrated,Unrated,Unrated,Unrated,7.0,Small Cap
Safari Industries (India) Ltd.,INE429E01023,523025,SAFARI,Consumer Discretionary,Baggage and Luggage,2026-09-01,3.0,7.0,7.0,5.0,2.0,Small Cap
Safa Systems & Technologies Ltd.,INE0JNA01014,543461,,Technology,Technology Hardware Trading,2026-08-31,Unrated,Unrated,Unrated,Unrated,UNRATED,Small Cap
Safecure Services Ltd,INE0SVZ01015,544596,,Technology,Security & Surveillance,2026-09-01,3.0,3.0,6.0,7.0,1.0,Small Cap
Safe Enterprises Retail Fixtures Ltd,INE17D601016,,SAFEENTP,Industrials,Fitting & Fixtures,2026-09-01,Unrated,Unrated,Unrated,Unrated,7.0,Small Cap
Safety Controls & Devices Ltd,INE0UMH01018,544746,,Industrials,Electronic Equipment,2026-09-01,4.0,5.0,8.0,6.0,UNRATED,Small Cap
Saffron Industries Ltd.,INE474D01013,531436,,Materials,Paper & Paper Products,2026-09-01,Unrated,Unrated,Unrated,Unrated,4.0,Small Cap
Sagar Cements Ltd.,INE229C01021,502090,SAGCEM,Materials,Cement,2026-09-01,1.0,1.0,5.0,5.0,2.0,Small Cap
Sagardeep Alloys Ltd.,INE976T01013,,SAGARDEEP,Materials,Ferro Alloys,2026-09-01,Unrated,Unrated,Unrated,Unrated,5.0,Small Cap
Sagarsoft (India) Ltd.,INE184B01012,540143,,Technology,Software & Services - Diversified,2026-09-01,Unrated,Unrated,Unrated,Unrated,6.0,Small Cap
Sagility Ltd.,INE0W2G01015,544282,SAGILITY,Industrials,Other Business Services,2026-09-01,4.0,7.0,9.0,6.0,3.0,Small Cap
Sahaj Solar Ltd,INE0P4701011,,SAHAJSOLAR,Energy & Utilities,Solar Electric Utilities,2026-09-01,Unrated,Unrated,Unrated,Unrated,1.0,Small Cap
Sahana System Ltd,INE0LEX01011,,SAHANA,Technology,IT Services & Consulting,2026-09-01,Unrated,Unrated,Unrated,Unrated,3.0,Small Cap
Sahara Housingfina Corporation Ltd.,INE135C01012,511533,,Financial,Mortgage/Housing Finance,2026-09-01,Unrated,Unrated,Unrated,Unrated,6.0,Small Cap
Sahara Maritime Ltd,INE0PSJ01011,544056,,Industrials,Marine Logistics,2026-08-31,Unrated,Unrated,Unrated,Unrated,UNRATED,Small Cap
Sahasra Electronic Solutions Ltd,INE0RBQ01018,,SAHASRA,Technology,Technology Hardware - Diversified,2026-09-01,Unrated,Unrated,Unrated,Unrated,8.0,Small Cap
Sahyadri Industries Ltd.,INE280H01015,532841,SAHYADRI,Materials,Basic Materials - Diversified,2026-09-01,Unrated,Unrated,Unrated,Unrated,9.0,Small Cap
Sai Capital Ltd.,INE531X01018,531931,,Financial,Investment Services,2026-09-01,Unrated,Unrated,Unrated,Unrated,3.0,Small Cap
Steel Authority Of India Ltd.,INE114A01011,500113,SAIL,Materials,Iron & Steel,2026-09-01,3.0,2.0,8.0,5.0,7.0,Mid Cap
Sailani Tours N Travels Ltd.,INE0KHQ01010,543541,,Consumer Discretionary,Travel & Tourism,2026-08-24,Unrated,Unrated,Unrated,Unrated,UNRATED,Small Cap
Sai Life Sciences Ltd,INE570L01029,,SAILIFE,Healthcare,Life Sciences,2026-09-01,5.0,9.0,9.0,3.0,10.0,Small Cap
Sainik Finance & Industries Ltd.,INE584B01013,530265,,Financial,NBFC - Diversified,2026-09-01,Unrated,Unrated,Unrated,Unrated,4.0,Small Cap
Saint-Gobain Sekurit India Ltd.,INE068B01017,515043,,Consumer Discretionary,Automotive Accessories,2026-09-01,5.0,10.0,7.0,6.0,9.0,Small Cap
Sai Parenteral’s Ltd,INE0H9F01037,544742,SAIPARENT,Healthcare,API / Generic Pharmaceuticals,2026-09-01,Unrated,Unrated,Unrated,Unrated,UNRATED,Small Cap
Sai Silks (Kalamandir) Ltd,INE438K01021,543989,KALAMANDIR,Consumer Discretionary,Apparel & Accessories Retail,2026-09-01,4.0,7.0,8.0,8.0,1.0,Small Cap
Sai Swami Metals And Alloys Ltd,INE0QXT01018,544170,,Materials,Stainless Steel,2026-09-01,Unrated,Unrated,Unrated,Unrated,UNRATED,Small Cap
Saj Hotels Ltd,INE00MT01022,,SAJHOTELS,Consumer Discretionary,Hotels & Resorts,2026-09-01,Unrated,Unrated,Unrated,Unrated,5.0,Small Cap
Sakar Healthcare Ltd.,INE732S01012,,SAKAR,Healthcare,Branded Medicines,2026-09-01,3.0,6.0,7.0,2.0,10.0,Small Cap
Saksoft Ltd.,INE667G01023,590051,SAKSOFT,Technology,IT Services & Consulting,2026-09-01,5.0,10.0,6.0,7.0,6.0,Small Cap
Sakthi Finance Ltd.,INE302E01014,511066,SAKTHIFIN,Financial,Asset Management Companies,2026-09-01,Unrated,Unrated,Unrated,Unrated,4.0,Small Cap
Sakthi Sugars Ltd.,INE623A01011,507315,SAKHTISUG,Consumer Staples,Sugar,2026-09-01,Unrated,Unrated,Unrated,Unrated,7.0,Small Cap
Sakuma Exports Ltd.,INE190H01024,532713,SAKUMA,Consumer Staples,Food Wholesale & Distributors,2026-09-01,Unrated,Unrated,Unrated,Unrated,3.0,Small Cap
Salasar Exteriors & Contour Ltd.,INE00Y701026,,SECL,Industrials,Construction & Engineering - Diversified,2026-08-31,Unrated,Unrated,Unrated,Unrated,UNRATED,Small Cap
Salasar Techno Engineering Ltd.,INE170V01027,540642,SALASAR,Industrials,Industrial Construction,2026-09-01,1.0,1.0,3.0,6.0,2.0,Small Cap
Sal Automotive Ltd.,INE724G01014,539353,,Consumer Discretionary,Auto Ancillaries,2026-09-01,Unrated,Unrated,Unrated,Unrated,5.0,Small Cap
Salem Erode Investments Ltd.,INE894E01028,540181,,Financial,NBFC - Diversified,2026-09-01,Unrated,Unrated,Unrated,Unrated,7.0,Small Cap
Salguti Industries Ltd.,INE159C01012,526554,,Consumer Discretionary,Miscellaneous Textiles,2026-09-01,Unrated,Unrated,Unrated,Unrated,UNRATED,Small Cap
Salona Cotspin Ltd.,INE498E01010,590056,SALONA,Consumer Discretionary,Yarn,2026-09-01,Unrated,Unrated,Unrated,Unrated,7.0,Small Cap
Salora International Ltd.,INE924A01013,500370,SALORAINTL,Consumer Discretionary,Household Appliances,2026-09-01,Unrated,Unrated,Unrated,Unrated,3.0,Small Cap
SAL Steel Ltd.,INE658G01014,532604,SALSTEEL,Materials,Iron & Steel,2026-09-01,2.0,1.0,4.0,2.0,10.0,Small Cap
Salzer Electronics Ltd.,INE457F01013,517059,SALZERELEC,Industrials,Switching Equipment,2026-09-01,2.0,1.0,6.0,5.0,3.0,Small Cap
Sam Industries Ltd.,INE653D01012,532005,SAMINDUS,Real Estate,Real Estate Development,2026-08-31,Unrated,Unrated,Unrated,Unrated,4.0,Small Cap
Samay Project Services Ltd,INE124101010,,SAMAY,Industrials,Industrial Construction,2026-09-01,4.0,5.0,6.0,7.0,UNRATED,Small Cap
Sambandam Spinning Mills Ltd.,INE304D01012,521240,SAMBANDAM,Consumer Discretionary,Yarn,2026-09-01,Unrated,Unrated,Unrated,Unrated,8.0,Small Cap
Sambhaav Media Ltd.,INE699B01027,511630,SAMBHAAV,Consumer Discretionary,Publishing - Diversified,2026-09-01,Unrated,Unrated,Unrated,Unrated,4.0,Small Cap
Sambhv Steel Tubes Ltd,INE12NJ01018,544430,SAMBHV,Industrials,Steel Tubes & Pipes,2026-09-01,4.0,7.0,8.0,5.0,8.0,Small Cap
Sameera Agro And Infra Ltd,INE0PZA01015,,SAIFL,Industrials,Construction & Engineering - Diversified,2026-09-01,Unrated,Unrated,Unrated,Unrated,1.0,Small Cap
SAMHI Hotels Ltd,INE08U801020,543984,SAMHI,Consumer Discretionary,Hotels & Resorts,2026-09-01,3.0,5.0,7.0,6.0,4.0,Small Cap
Samkrg Pistons & Rings Ltd.,INE706B01012,520075,,Consumer Discretionary,Auto Ancillaries,2026-09-01,Unrated,Unrated,Unrated,Unrated,5.0,Small Cap
Sammaan Capital Ltd.,INE148I01020,535789,SAMMAANCAP,Financial,Mortgage/Housing Finance,2026-09-01,4.0,9.0,2.0,7.0,6.0,Small Cap
Samor Reality Ltd.,INE0GD201014,543376,,Real Estate,Real Estate Development,2026-09-01,Unrated,Unrated,Unrated,Unrated,9.0,Small Cap
Sampark India Logistics Ltd,INE147701010,544810,,Industrials,Multimodal Logistics,2026-09-01,3.0,1.0,9.0,6.0,UNRATED,Small Cap
Sampat Aluminium Ltd,INE10XS01012,544520,,Materials,Aluminium Products,2026-09-01,3.0,3.0,6.0,6.0,UNRATED,Small Cap
Sampre Nutritions Ltd.,INE375C01014,530617,,Consumer Staples,Cocoa Products & Confectionery,2026-09-01,Unrated,Unrated,Unrated,Unrated,1.0,Small Cap
Samrat Forgings Ltd.,INE412J01010,543229,,Materials,Castings & Forgings,2026-09-01,Unrated,Unrated,Unrated,Unrated,6.0,Small Cap
Samrat Pharmachem Ltd.,INE103E01016,530125,,Materials,Commodity Chemicals - Diversified,2026-09-01,Unrated,Unrated,Unrated,Unrated,6.0,Small Cap
Samsrita Labs Ltd.,INE579N01018,539267,,Healthcare,Home Healthcare Services,2026-09-01,Unrated,Unrated,Unrated,Unrated,2.0,Small Cap
Samtel India Ltd.,INE538C01017,500371,SAMTELTD,Industrials,Electronic Components,2026-09-01,Unrated,Unrated,Unrated,Unrated,10.0,Small Cap
Samtex Fashions Ltd.,INE931D01020,521206,,Consumer Discretionary,Readymade Garment,2026-09-01,Unrated,Unrated,Unrated,Unrated,4.0,Small Cap
Samvardhana Motherson International Ltd.,INE775A01035,517334,MOTHERSON,Consumer Discretionary,Automotive Accessories,2026-09-01,3.0,4.0,6.0,3.0,10.0,Large Cap
Samyak International Ltd.,INE607G01011,530025,,Materials,Petrochemical,2026-09-01,Unrated,Unrated,Unrated,Unrated,4.0,Small Cap
Sanathan Textiles Ltd,INE0JPD01013,544314,SANATHAN,Consumer Discretionary,Integrated Textiles,2026-09-01,3.0,4.0,5.0,5.0,7.0,Small Cap
Sanathnagar Enterprises Ltd.,INE367E01033,509423,BAKELHYLAM,Real Estate,Real Estate Development,2026-09-01,Unrated,Unrated,Unrated,Unrated,6.0,Small Cap
Sanblue Corporation Ltd.,INE602D01027,521222,,Consumer Discretionary,Synthetic Fabrics,2026-08-28,Unrated,Unrated,Unrated,Unrated,1.0,Small Cap
Sanchay Finvest Ltd.,INE654D01010,511563,,Financial,Investment Services,2026-08-26,Unrated,Unrated,Unrated,Unrated,UNRATED,Small Cap
Sancode Technologies Ltd.,INE0P7001013,543897,,Industrials,Business Consultancy,2026-09-01,Unrated,Unrated,Unrated,Unrated,UNRATED,Small Cap
Sanco Trans Ltd.,INE391G01012,523116,,Industrials,Multimodal Logistics,2026-09-01,Unrated,Unrated,Unrated,Unrated,UNRATED,Small Cap
Sandhar Technologies Ltd.,INE278H01035,541163,SANDHAR,Consumer Discretionary,Auto Ancillaries,2026-09-01,3.0,3.0,7.0,4.0,9.0,Small Cap
Sandu Pharmaceuticals Ltd.,INE751D01014,524703,,Healthcare,Alternative Medicine,2026-09-01,Unrated,Unrated,Unrated,Unrated,6.0,Small Cap
Sandur Manganese & Iron Ores Ltd.,INE149K01016,504918,SANDUMA,Materials,Iron Ore,2026-09-01,3.0,6.0,2.0,7.0,7.0,Small Cap
Sangal Papers Ltd.,INE384D01022,516096,,Materials,Paper & Paper Products,2026-09-01,Unrated,Unrated,Unrated,Unrated,6.0,Small Cap
Sangam Finserv Ltd.,INE475D01010,538714,,Financial,NBFC - Diversified,2026-09-01,Unrated,Unrated,Unrated,Unrated,7.0,Small Cap
Sangam (India) Ltd.,INE495C01010,514234,SANGAMIND,Consumer Discretionary,Yarn,2026-09-01,3.0,1.0,7.0,5.0,9.0,Small Cap
Sangani Hospital Ltd,INE0OVI01010,,SANGANI,Healthcare,Hospitals & Clinics,2026-09-01,Unrated,Unrated,Unrated,Unrated,UNRATED,Small Cap
Sanghvi Brands Ltd.,INE204Y01010,540782,,Consumer Discretionary,Hotels & Resorts,2026-08-24,Unrated,Unrated,Unrated,Unrated,UNRATED,Small Cap
Sanghvi Movers Ltd.,INE989A01032,530073,SANGHVIMOV,Industrials,Equipment Rental,2026-09-01,4.0,6.0,7.0,5.0,10.0,Small Cap
Sanginita Chemicals Ltd.,INE753W01010,,SANGINITA,Materials,Commodity Chemicals - Diversified,2026-09-01,Unrated,Unrated,Unrated,Unrated,10.0,Small Cap
Sanjivani Paranteral Ltd.,INE860D01013,531569,,Healthcare,Branded Medicines,2026-09-01,Unrated,Unrated,Unrated,Unrated,6.0,Small Cap
Sanmit Infra Ltd.,INE799C01031,532435,,Energy & Utilities,Oil & Gas Services,2026-09-01,Unrated,Unrated,Unrated,Unrated,UNRATED,Small Cap
Sanmitra Commercial Ltd.,INE896J01014,512062,,Financial,Miscellaneous Financial Services,2026-09-01,Unrated,Unrated,Unrated,Unrated,10.0,Small Cap
Sanofi Consumer Healthcare India Ltd.,INE0UOS01011,544250,SANOFICONR,Healthcare,Pharma Research & Development,2026-09-01,3.0,10.0,3.0,5.0,6.0,Small Cap
Sanofi India Ltd.,INE058A01010,500674,SANOFI,Healthcare,Branded Medicines,2026-09-01,3.0,10.0,5.0,6.0,1.0,Small Cap
Sanrhea Technical Textiles Ltd.,INE589J01015,514280,,Consumer Discretionary,Synthetic Fabrics,2026-09-01,Unrated,Unrated,Unrated,Unrated,7.0,Small Cap
Sansera Engineering Ltd.,INE953O01021,543358,SANSERA,Consumer Discretionary,Auto Ancillaries,2026-09-01,3.0,7.0,7.0,2.0,10.0,Small Cap
Sanstar Ltd,INE08NE01025,544217,SANSTAR,Consumer Staples,Starch and Food Extracts,2026-09-01,2.0,4.0,3.0,3.0,9.0,Small Cap
Santosh Fine-Fab Ltd.,INE612D01018,530035,,Consumer Discretionary,Synthetic Fabrics,2026-08-10,Unrated,Unrated,Unrated,Unrated,UNRATED,Small Cap
Sanwaria Consumer Ltd.,INE890C01046,519260,SANWARIA,Consumer Staples,Crop Farming,2026-09-01,Unrated,Unrated,Unrated,Unrated,1.0,Small Cap
Sapphire Foods India Ltd.,INE806T01020,543397,SAPPHIRE,Consumer Discretionary,Quick Service Restaurants,2026-09-01,2.0,4.0,7.0,3.0,6.0,Small Cap
Saptak Chem And Business Ltd.,INE467X01015,506906,,Materials,Speciality Chemicals - Diversified,2026-08-31,Unrated,Unrated,Unrated,Unrated,UNRATED,Small Cap
Saptarishi Agro Industries Ltd.,INE233P01017,519238,,Consumer Staples,Farming - Diversified,2026-09-01,Unrated,Unrated,Unrated,Unrated,1.0,Small Cap
Saraswati Commercial (India) Ltd.,INE967G01019,512020,,Financial,Investment Management - Diversified,2026-09-01,5.0,8.0,7.0,7.0,6.0,Small Cap
Saraswati Saree Depot Ltd,INE0PQ101010,544230,SSDL,Consumer Discretionary,Wholesale Distributors,2026-09-01,Unrated,Unrated,Unrated,Unrated,2.0,Small Cap
Sar Auto Products Ltd.,INE002E01010,538992,,Consumer Discretionary,Auto Ancillaries,2026-09-01,2.0,2.0,6.0,1.0,10.0,Small Cap
Sarda Energy & Minerals Ltd.,INE385C01021,504614,SARDAEN,Materials,Ferro Alloys,2026-09-01,4.0,8.0,5.0,7.0,3.0,Small Cap
Sarda Papers Ltd.,INE385D01029,516032,,Materials,Paper & Paper Products,2026-09-01,Unrated,Unrated,Unrated,Unrated,1.0,Small Cap
Sarda Proteins Ltd.,INE995U01011,519242,,Consumer Staples,Edible Oil,2026-08-31,Unrated,Unrated,Unrated,Unrated,UNRATED,Small Cap
Saregama India Ltd.,INE979A01025,532163,SAREGAMA,Consumer Discretionary,Music Production & Distribution,2026-09-01,4.0,8.0,5.0,4.0,9.0,Small Cap
Sarla Performance Fibers Ltd.,INE453D01025,526885,SARLAPOLY,Consumer Discretionary,Yarn,2026-09-01,3.0,2.0,6.0,5.0,8.0,Small Cap
Saroja Pharma Industries India Ltd,INE0PCL01011,,SAROJA,Materials,Chemical Trading,2026-09-01,Unrated,Unrated,Unrated,Unrated,UNRATED,Small Cap
SAR Televenture Ltd,INE0PUC01020,,SARTELE,Technology,Wireless Telecom Services,2026-09-01,Unrated,Unrated,Unrated,Unrated,1.0,Small Cap
Sarthak Industries Ltd.,INE074H01012,531930,SARTHAKIND,Energy & Utilities,Oil & Gas Storage,2026-09-01,Unrated,Unrated,Unrated,Unrated,4.0,Small Cap
Sarthak Global Ltd.,INE075H01019,530993,,Financial,Miscellaneous Financial Services,2026-09-01,Unrated,Unrated,Unrated,Unrated,UNRATED,Small Cap
Sarthak Metals Ltd.,INE017W01010,540393,SMLT,Materials,Aluminium,2026-09-01,Unrated,Unrated,Unrated,Unrated,3.0,Small Cap
Sarup Industries Ltd.,INE305D01019,514412,,Consumer Discretionary,Footwear,2026-08-26,Unrated,Unrated,Unrated,Unrated,6.0,Small Cap
Sarveshwar Foods Ltd.,INE324X01026,543688,SARVESHWAR,Consumer Staples,Crop Farming,2026-09-01,2.0,1.0,5.0,6.0,2.0,Small Cap
Sarvottam Finvest Ltd.,INE822Q01015,539124,,Financial,NBFC - Diversified,2026-09-01,Unrated,Unrated,Unrated,Unrated,5.0,Small Cap
Sashwat Technocrats Ltd.,INE789D01014,506313,,Real Estate,Real Estate Services,2026-08-31,Unrated,Unrated,Unrated,Unrated,UNRATED,Small Cap
Sasken Technologies Ltd.,INE231F01020,532663,SASKEN,Technology,Software,2026-09-01,3.0,5.0,6.0,4.0,9.0,Small Cap
Sastasundar Ventures Ltd.,INE019J01013,533259,SASTASUNDR,Healthcare,Medical Diagnostics Services,2026-09-01,2.0,4.0,5.0,3.0,7.0,Small Cap
S A Tech Software India Ltd,INE0BSN01013,,SATECH,Technology,IT Services & Consulting,2026-09-01,Unrated,Unrated,Unrated,Unrated,2.0,Small Cap
Sathlokhar Synergys E&C Global Ltd,INE0RFP01011,,SSEGL,Industrials,Construction & Engineering - Diversified,2026-09-01,Unrated,Unrated,Unrated,Unrated,5.0,Small Cap
Satia Industries Ltd.,INE170E01023,539201,SATIA,Materials,Paper & Paper Products,2026-09-01,3.0,6.0,6.0,8.0,3.0,Small Cap
Satin Creditcare Network Ltd.,INE836B01017,539404,SATIN,Financial,Microfinancing,2026-09-01,5.0,7.0,6.0,7.0,10.0,Small Cap
Sati Poly Plast Ltd,INE0RPM01017,,SATIPOLY,Materials,Plastic Packaging,2026-09-01,Unrated,Unrated,Unrated,Unrated,2.0,Small Cap
Sat Kartar Life Ltd,INE0NB801022,,SATKARTAR,Healthcare,Alternative Medicine,2026-09-01,Unrated,Unrated,Unrated,Unrated,3.0,Small Cap
Sattrix Information Security Ltd,INE0QUV01010,544189,,Technology,IT Services & Consulting,2026-09-01,Unrated,Unrated,Unrated,Unrated,8.0,Small Cap
Sattva Engineering Construction Ltd,INE14DW01018,,SATTVAENGG,Industrials,Water & Sewage Construction,2026-09-01,4.0,5.0,6.0,6.0,9.0,Small Cap
Saumya Consultants Ltd.,INE563C01015,539218,,Financial,Investment Management - Diversified,2026-09-01,Unrated,Unrated,Unrated,Unrated,UNRATED,Small Cap
Saurashtra Cement Ltd.,INE626A01014,502175,SAURASHCEM,Materials,Cement,2026-09-01,2.0,4.0,4.0,6.0,2.0,Small Cap
Savani Financials Ltd.,INE304E01010,511577,,Financial,NBFC - Diversified,2026-09-01,Unrated,Unrated,Unrated,Unrated,6.0,Small Cap
Saven Technologies Ltd.,INE856B01023,532404,,Technology,IT Services & Consulting,2026-09-01,Unrated,Unrated,Unrated,Unrated,2.0,Small Cap
Savera Industries Ltd.,INE104E01014,512634,SAVERA,Consumer Discretionary,Hotels & Resorts,2026-09-01,Unrated,Unrated,Unrated,Unrated,7.0,Small Cap
Savita Oil Technologies Ltd.,INE035D01020,524667,SOTL,Materials,Lubricants & Grease,2026-09-01,4.0,4.0,6.0,6.0,10.0,Small Cap
Savy Infra And Logistics Ltd,INE0UCN01017,,SAVY,Industrials,Construction & Engineering - Diversified,2026-09-01,4.0,7.0,6.0,6.0,5.0,Small Cap
Sawaca Business Machines Ltd.,INE248B01023,531893,,Industrials,Capital Goods Trading,2026-09-01,Unrated,Unrated,Unrated,Unrated,3.0,Small Cap
Sawaliya Food Products Ltd,INE10VS01016,,SAWALIYA,Consumer Staples,Fruit & Vegetable Processing,2026-09-01,4.0,3.0,7.0,7.0,5.0,Small Cap
Sayaji Industries Ltd.,INE327G01032,540728,,Consumer Staples,Other Agriculture Products,2026-09-01,2.0,1.0,4.0,2.0,9.0,Small Cap
Sayaji Hotel (Pune) Ltd.,INE07G501017,544090,,Consumer Discretionary,Hotels & Resorts,2026-09-01,Unrated,Unrated,Unrated,Unrated,7.0,Small Cap
Sayaji Hotels Ltd.,INE318C01014,523710,SAYAJIHOTL,Consumer Discretionary,Hotels & Resorts,2026-09-01,2.0,2.0,6.0,3.0,8.0,Small Cap
Sayaji Hotels (Indore) Ltd.,INE0MGS01014,544080,,Consumer Discretionary,Hotels & Resorts,2026-09-01,Unrated,Unrated,Unrated,Unrated,UNRATED,Small Cap
SBC Exports Ltd.,INE04AK01028,542725,SBC,Consumer Discretionary,Readymade Garment,2026-09-01,2.0,1.0,5.0,3.0,10.0,Small Cap
SBEC Sugar Ltd.,INE948G01019,532102,,Consumer Staples,Sugar,2026-09-01,Unrated,Unrated,Unrated,Unrated,10.0,Small Cap
SBEC Systems (India) Ltd.,INE689V01018,517360,,Industrials,Business Consultancy,2026-09-01,Unrated,Unrated,Unrated,Unrated,7.0,Small Cap
SBFC Finance Ltd.,INE423Y01016,543959,SBFC,Financial,Commercial Financing,2026-09-01,3.0,3.0,8.0,6.0,5.0,Small Cap
State Bank Of India,INE062A01020,500112,SBIN,Financial,Banks - Diversified,2026-09-01,4.0,6.0,8.0,7.0,5.0,Large Cap
SBI Cards And Payment Services Ltd.,INE018E01016,543066,SBICARD,Financial,NBFC - Diversified,2026-09-01,4.0,9.0,8.0,6.0,1.0,Mid Cap
SBI Funds Management Ltd.,INE640G01020,544829,SBIFUNDS,Financial,Asset Management Companies,2026-09-01,3.0,10.0,8.0,1.0,UNRATED,Large Cap
SBI Life Insurance Company Ltd.,INE123W01016,540719,SBILIFE,Financial,Life Insurance,2026-09-01,Unrated,Unrated,Unrated,Unrated,2.0,Large Cap
SC Agrotech Ltd.,INE895E01017,526081,,Consumer Staples,Other Agriculture Products,2026-09-01,Unrated,Unrated,Unrated,Unrated,8.0,Small Cap
Scanpoint Geomatics Ltd.,INE967B01028,526544,,Technology,Software & Services - Diversified,2026-09-01,Unrated,Unrated,Unrated,Unrated,3.0,Small Cap
Scan Projects Ltd.,INE393D01015,531797,,Industrials,Industrial Machinery,2026-09-01,Unrated,Unrated,Unrated,Unrated,9.0,Small Cap
Scan Steels Ltd.,INE099G01011,511672,,Materials,Iron & Steel,2026-09-01,4.0,5.0,6.0,6.0,10.0,Small Cap
Scarnose International Ltd.,INE0IXR01019,543537,,Consumer Discretionary,Textiles & Leather Trading,2026-08-21,Unrated,Unrated,Unrated,Unrated,UNRATED,Small Cap
Schaeffler India Ltd.,INE513A01022,505790,SCHAEFFLER,Industrials,Ball Bearings,2026-09-01,4.0,9.0,8.0,4.0,5.0,Mid Cap
S Chand And Company Ltd.,INE807K01035,540497,SCHAND,Consumer Discretionary,Book Publishing,2026-09-01,3.0,4.0,7.0,9.0,2.0,Small Cap
Schneider Electric Infrastructure Ltd.,INE839M01018,534139,SCHNEIDER,Energy & Utilities,Electricity Distribution,2026-09-01,3.0,5.0,7.0,2.0,8.0,Small Cap
Schneider Electric President Systems Ltd.,INE155D01018,544786,,Industrials,Industrial Machinery,2026-09-01,Unrated,Unrated,Unrated,Unrated,UNRATED,Small Cap
Scintilla Commercial & Credit Ltd.,INE892C01018,538857,,Financial,NBFC - Diversified,2026-09-01,Unrated,Unrated,Unrated,Unrated,UNRATED,Small Cap
Scoda Tubes Ltd,INE090501011,544411,SCODATUBES,Industrials,Steel Tubes & Pipes,2026-09-01,2.0,1.0,4.0,6.0,4.0,Small Cap
Scoobee Day Garments (India) Ltd.,INE962E01015,531234,,Consumer Discretionary,Readymade Garment,2026-09-01,Unrated,Unrated,Unrated,Unrated,3.0,Small Cap
S D Retail Ltd,INE0X6F01017,,SDREAMS,Consumer Discretionary,Apparel & Accessories Retail,2026-09-01,Unrated,Unrated,Unrated,Unrated,4.0,Small Cap
Sealmatic India Ltd.,INE0O4601016,543782,,Diversified,Diversified Others,2026-09-01,Unrated,Unrated,Unrated,Unrated,6.0,Small Cap
Seamec Ltd.,INE497B01018,526807,SEAMECLTD,Industrials,Marine Logistics,2026-09-01,4.0,6.0,6.0,5.0,9.0,Small Cap
Seasons Textiles Ltd.,INE707B01010,514264,,Consumer Discretionary,Yarn,2026-09-01,Unrated,Unrated,Unrated,Unrated,6.0,Small Cap
Secmark Consultancy Ltd.,INE0BTM01013,543234,SECMARK,Industrials,Business Consultancy,2026-09-01,Unrated,Unrated,Unrated,Unrated,7.0,Small Cap
Securekloud Technologies Ltd.,INE650K01021,512161,SECURKLOUD,Technology,Software,2026-09-01,Unrated,Unrated,Unrated,Unrated,4.0,Small Cap
SEDEMAC Mechatronics Ltd,INE00XB01019,544723,SEDEMAC,Industrials,Electronic Components,2026-09-01,3.0,9.0,7.0,1.0,UNRATED,Small Cap
Seemax Resources Ltd,INE1EVO01017,544813,,Industrials,Industrial Machinery,2026-08-28,5.0,9.0,7.0,6.0,UNRATED,Small Cap
Sejal Glass Ltd.,INE955I01044,532993,SEJALLTD,Materials,Glass & Glassware,2026-09-01,3.0,1.0,9.0,6.0,7.0,Small Cap
Sellowrap Industries Ltd,INE0IJF01013,,SELLOWRAP,Consumer Discretionary,Auto Ancillaries,2026-09-01,4.0,4.0,10.0,6.0,UNRATED,Small Cap
SEL Manufacturing Company Ltd.,INE105I01020,532886,SELMC,Consumer Discretionary,Home Furnishing & Decor,2026-09-01,Unrated,Unrated,Unrated,Unrated,5.0,Small Cap
Semac Construction Ltd.,INE617A01013,505368,SEMAC,Industrials,Industrial Machinery,2026-09-01,Unrated,Unrated,Unrated,Unrated,6.0,Small Cap
Senco Gold Ltd,INE602W01027,543936,SENCO,Consumer Discretionary,Gems & Jewellery,2026-09-01,4.0,7.0,5.0,6.0,7.0,Small Cap
Senores Pharmaceuticals Ltd,INE0RB801010,544319,SENORES,Healthcare,API / Generic Pharmaceuticals,2026-09-01,2.0,1.0,3.0,4.0,10.0,Small Cap
Senthil Infotek Ltd.,INE564B01015,531980,,Technology,IT Services & Consulting,2026-08-31,Unrated,Unrated,Unrated,Unrated,UNRATED,Small Cap
SEPC Ltd.,INE964H01014,532945,SEPC,Industrials,Construction & Engineering - Diversified,2026-09-01,1.0,1.0,5.0,2.0,1.0,Small Cap
Sequent Scientific Ltd.,INE807F01027,512529,SEQUENT,Healthcare,Veterinary Drugs,2026-09-01,3.0,4.0,6.0,4.0,9.0,Small Cap
SER Industries Ltd.,INE358F01013,507984,,Industrials,Road Transport,2026-08-31,Unrated,Unrated,Unrated,Unrated,UNRATED,Small Cap
Sera Investments & Finance India Ltd.,INE017I01027,512399,,Financial,NBFC - Diversified,2026-09-01,Unrated,Unrated,Unrated,Unrated,8.0,Small Cap
Service Care Ltd,INE0P1Q01015,,SERVICE,Industrials,Staffing Services & HR,2026-09-01,Unrated,Unrated,Unrated,Unrated,8.0,Small Cap
Servotech Industries Ltd.,INE185D01015,531944,,Diversified,Diversified Manufacturing,2026-09-01,Unrated,Unrated,Unrated,Unrated,7.0,Small Cap
Servotech Power Systems Ltd.,INE782X01033,,SAME,Energy & Utilities,Power Charging Stations,2026-09-01,Unrated,Unrated,Unrated,Unrated,UNRATED,Small Cap
Seshaasai Technologies Ltd,INE04VU01023,544533,STYL,Industrials,Payment Services,2026-09-01,5.0,8.0,7.0,6.0,10.0,Small Cap
Seshasayee Paper and Boards Ltd.,INE630A01024,502450,SESHAPAPER,Materials,Paper & Paper Products,2026-09-01,3.0,6.0,7.0,7.0,2.0,Small Cap
Setco Automotive Ltd.,INE878E01021,505075,SETCO,Consumer Discretionary,Auto Ancillaries,2026-09-01,Unrated,Unrated,Unrated,Unrated,8.0,Small Cap
Setubandhan Infrastructure Ltd.,INE023M01027,533605,SETUINFRA,Industrials,Construction & Engineering - Diversified,2026-09-01,Unrated,Unrated,Unrated,Unrated,5.0,Small Cap
S.E. Power Ltd.,INE735M01018,534598,SAMPANN,Consumer Discretionary,Tyres & Tubes,2026-09-01,Unrated,Unrated,Unrated,Unrated,4.0,Small Cap
Seya Industries Ltd.,INE573R01012,524324,SEYAIND,Materials,Speciality Chemicals - Diversified,2026-09-01,Unrated,Unrated,Unrated,Unrated,2.0,Small Cap
SG Finserve Ltd.,INE618R01015,539199,SGFIN,Financial,Investment Management - Diversified,2026-09-01,4.0,5.0,6.0,4.0,10.0,Small Cap
SG Mart Ltd.,INE385F01024,512329,SGMART,Energy & Utilities,Power Generation - Diversified,2026-09-01,3.0,3.0,4.0,4.0,10.0,Small Cap
SGN Telecoms Ltd.,INE266C01023,531812,,Industrials,Wires & Cables,2026-09-01,Unrated,Unrated,Unrated,Unrated,5.0,Small Cap
Shadowfax Technologies Ltd,INE12UN01015,544685,SHADOWFAX,Industrials,Road Logistics,2026-09-01,3.0,5.0,8.0,4.0,10.0,Small Cap
Shah Alloys Ltd.,INE640C01011,513436,SHAHALLOYS,Materials,Iron & Steel,2026-09-01,Unrated,Unrated,Unrated,Unrated,9.0,Small Cap
Shah Foods Ltd.,INE455D01012,519031,,Consumer Staples,Bakery Product,2026-09-01,Unrated,Unrated,Unrated,Unrated,UNRATED,Small Cap
Shahi Shipping Ltd.,INE825D01016,526508,,Industrials,Marine Logistics,2026-09-01,Unrated,Unrated,Unrated,Unrated,2.0,Small Cap
Shahlon Silk Industries Ltd.,INE052001026,542862,,Consumer Discretionary,Yarn,2026-09-01,Unrated,Unrated,Unrated,Unrated,7.0,Small Cap
Shaily Engineering Plastics Ltd.,INE151G01028,501423,SHAILY,Materials,Basic Materials - Diversified,2026-09-01,3.0,7.0,6.0,1.0,9.0,Small Cap
Shaival Reality Ltd.,INE262S01010,,SHAIVAL,Energy & Utilities,Oil & Gas Transportation,2026-09-01,Unrated,Unrated,Unrated,Unrated,UNRATED,Small Cap
Shakti Press Ltd.,INE794C01016,526841,,Industrials,Printing,2026-09-01,Unrated,Unrated,Unrated,Unrated,1.0,Small Cap
Shakti Pumps (India) Ltd.,INE908D01010,531431,SHAKTIPUMP,Industrials,Pumps & Compressors,2026-09-01,3.0,5.0,5.0,6.0,2.0,Small Cap
Shalby Ltd.,INE597J01018,540797,SHALBY,Healthcare,Hospitals & Clinics,2026-09-01,2.0,1.0,6.0,4.0,4.0,Small Cap
Shalibhadra Finance Ltd.,INE861D01011,511754,SAHLIBHFI,Financial,NBFC - Diversified,2026-09-01,Unrated,Unrated,Unrated,Unrated,2.0,Small Cap
Shalimar Paints Ltd.,INE849C01026,509874,SHALPAINTS,Materials,Paints & Varnishes,2026-09-01,1.0,1.0,5.0,1.0,9.0,Small Cap
Shalimar Productions Ltd.,INE435E01020,512499,,Consumer Discretionary,Movie & TV Production & Distribution,2026-09-01,Unrated,Unrated,Unrated,Unrated,1.0,Small Cap
Shalimar Wires Industries Ltd.,INE655D01025,532455,,Industrials,Industrial Machinery,2026-09-01,Unrated,Unrated,Unrated,Unrated,6.0,Small Cap
Sham Foam Ltd,INE0Z9N01013,544869,,Consumer Discretionary,Home Furnishing & Decor,2026-09-01,5.0,8.0,9.0,7.0,UNRATED,
Shamrock Industrial Company Ltd.,INE022F01015,531240,,Healthcare,API / Generic Pharmaceuticals,2026-08-31,Unrated,Unrated,Unrated,Unrated,UNRATED,Small Cap
Shangar Decor Ltd.,INE118R01032,540259,,Industrials,Event Management,2026-09-01,Unrated,Unrated,Unrated,Unrated,4.0,Small Cap
Shankara Building Products Ltd.,INE274V01019,540425,SHANKARA,Consumer Discretionary,Home Improvement Retail & Services,2026-09-01,Unrated,Unrated,Unrated,Unrated,6.0,Small Cap
Shankara Buildpro Ltd.,INE24OJ01011,544517,BUILDPRO,Consumer Discretionary,Household Durables Trading,2026-09-01,3.0,2.0,3.0,6.0,10.0,Small Cap
Shankar Lal Rampal Dye-Chem Ltd.,INE01NE01012,542232,SRD,Materials,Coloring Agents,2026-09-01,Unrated,Unrated,Unrated,Unrated,1.0,Small Cap
Shankesh Jewellers Ltd,INE1WFC01025,544882,SHANKESH,Consumer Discretionary,Gems & Jewellery,2026-09-01,5.0,5.0,9.0,7.0,UNRATED,
Shanmuga Hospital Ltd,INE0TD301017,544365,,Healthcare,Hospitals & Clinics,2026-08-28,Unrated,Unrated,Unrated,Unrated,UNRATED,Small Cap
Shantai Industries Ltd.,INE408F01024,512297,,Industrials,Textile Machinery,2026-08-31,Unrated,Unrated,Unrated,Unrated,UNRATED,Small Cap
Shanthala FMCG Products Ltd,INE0Q9Q01017,,SHANTHALA,Consumer Discretionary,Online and Direct Retailing,2026-09-01,Unrated,Unrated,Unrated,Unrated,2.0,Small Cap
Shanthi Gears Ltd.,INE631A01022,522034,SHANTIGEAR,Industrials,Other Machinery,2026-09-01,3.0,7.0,6.0,4.0,5.0,Small Cap
Shanti Educational Initiatives Ltd.,INE440T01028,539921,,Consumer Staples,Education Services,2026-09-01,2.0,4.0,6.0,2.0,9.0,Small Cap
Shanti Gold International Ltd,INE06ZD01017,544459,SHANTIGOLD,Consumer Discretionary,Gems & Jewellery,2026-09-01,2.0,1.0,3.0,6.0,8.0,Small Cap
Shantiguru Industries Ltd.,INE892L01019,534708,,Diversified,Diversified Trading,2026-09-01,Unrated,Unrated,Unrated,Unrated,UNRATED,Small Cap
Shanti Overseas (India) Ltd.,INE933X01016,,SHANTI,Consumer Staples,Other Agriculture Products,2026-09-01,Unrated,Unrated,Unrated,Unrated,3.0,Small Cap
Shanti Spintex Ltd,INE0QZQ01019,544059,,Consumer Discretionary,Organic Fabrics,2026-09-01,Unrated,Unrated,Unrated,Unrated,1.0,Small Cap
Sharad Fibres & Yarn Processors Ltd.,INE638N01012,514402,,Consumer Discretionary,Miscellaneous Textiles,2026-09-01,Unrated,Unrated,Unrated,Unrated,3.0,Small Cap
Sharat Industries Ltd.,INE220Z01013,519397,SHARTSEFOD,Consumer Staples,Aquaculture,2026-09-01,2.0,1.0,5.0,3.0,8.0,Small Cap
Sharda Cropchem Ltd.,INE221J01015,538666,SHARDACROP,Materials,Pesticides,2026-09-01,3.0,7.0,7.0,7.0,2.0,Small Cap
Sharda Ispat Ltd.,INE385M01012,513548,,Materials,Iron & Steel,2026-09-01,Unrated,Unrated,Unrated,Unrated,3.0,Small Cap
Sharda Motor Industries Ltd.,INE597I01028,535602,SHARDAMOTR,Consumer Discretionary,Auto Ancillaries,2026-09-01,5.0,9.0,7.0,8.0,5.0,Small Cap
Shardul Securities Ltd.,INE037B01020,512393,SHRIYAMSEC,Financial,Financial Services - Diversified,2026-09-01,4.0,5.0,5.0,6.0,9.0,Small Cap
Share India Securities Ltd.,INE932X01026,540725,SHAREINDIA,Financial,Brokerage Services,2026-09-01,5.0,6.0,6.0,8.0,8.0,Small Cap
Share Samadhan Ltd,INE0LY301010,544251,,Financial,Investment Services,2026-09-01,Unrated,Unrated,Unrated,Unrated,UNRATED,Small Cap
Sharika Enterprises Ltd.,INE669Y01022,540786,,Industrials,Construction & Engineering - Diversified,2026-09-01,Unrated,Unrated,Unrated,Unrated,9.0,Small Cap
Sharma East India Hospitals & Medical Research Ltd.,INE465H01012,524548,,Healthcare,Hospitals & Clinics,2026-09-01,Unrated,Unrated,Unrated,Unrated,4.0,Small Cap
Sharp Chucks And Machines Private Ltd,INE460Q01014,,SCML,Industrials,Machine Tools,2026-09-01,Unrated,Unrated,Unrated,Unrated,3.0,Small Cap
Sharp India Ltd.,INE207B01011,523449,KALYANISHP,Consumer Discretionary,Household Durables - Diversified,2026-08-31,Unrated,Unrated,Unrated,Unrated,UNRATED,Small Cap
Sharp Investments Ltd.,INE909D01026,538212,,Financial,NBFC - Diversified,2026-09-01,Unrated,Unrated,Unrated,Unrated,4.0,Small Cap
Sharpline Broadcast Ltd.,INE647W01014,543341,,Consumer Discretionary,Television Broadcasting,2026-09-01,Unrated,Unrated,Unrated,Unrated,4.0,Small Cap
Sharvaya Metals Ltd,INE0UJF01018,544506,,Materials,Aluminium Products,2026-09-01,5.0,8.0,8.0,6.0,9.0,Small Cap
Shashijit Infraprojects Ltd.,INE700V01021,540147,,Industrials,Construction & Engineering - Diversified,2026-09-01,Unrated,Unrated,Unrated,Unrated,3.0,Small Cap
Shashwat Furnishing Solutions Ltd.,INE0JMN01019,543519,,Consumer Discretionary,Home Furnishing & Decor,2026-09-01,Unrated,Unrated,Unrated,Unrated,UNRATED,Small Cap
Shayona Engineering Ltd,INE0UCL01011,544686,,Industrials,Plastic Tubes & Pipes,2026-09-01,3.0,3.0,6.0,6.0,UNRATED,Small Cap
Sheela Foam Ltd.,INE916U01025,540203,SFL,Consumer Discretionary,Home Furnishing & Decor,2026-09-01,3.0,4.0,7.0,4.0,8.0,Small Cap
Sheel Biotech Ltd,INE0YJV01017,,SHEEL,Consumer Staples,Agriculture & Farming Services,2026-09-01,3.0,1.0,8.0,7.0,10.0,Small Cap
Sheetal Cool Products Ltd.,INE501Y01019,540757,SCPL,Consumer Staples,Dairy Products,2026-09-01,3.0,3.0,7.0,4.0,10.0,Small Cap
Sheetal Universal Ltd,INE04VX01019,,SHEETAL,Consumer Staples,Food Processing - Diversified,2026-09-01,Unrated,Unrated,Unrated,Unrated,10.0,Small Cap
Shekhawati Poly-Yarn Ltd.,INE268L01020,533301,SPYL,Consumer Discretionary,Yarn,2026-09-01,Unrated,Unrated,Unrated,Unrated,8.0,Small Cap
Shelter Pharma Ltd,INE013V01011,543963,,Healthcare,API / Generic Pharmaceuticals,2026-09-01,Unrated,Unrated,Unrated,Unrated,UNRATED,Small Cap
Shemaroo Entertainment Ltd.,INE363M01019,538685,SHEMAROO,Consumer Discretionary,Entertainment Production,2026-09-01,2.0,1.0,5.0,2.0,8.0,Small Cap
Shentracon Chemicals Ltd.,INE0OUS01011,530757,,Materials,Commodity Chemicals - Diversified,2026-09-01,Unrated,Unrated,Unrated,Unrated,UNRATED,Small Cap
Shera Energy Ltd.,INE0MM001019,,SHERA,Materials,Ferro Alloys,2026-09-01,Unrated,Unrated,Unrated,Unrated,9.0,Small Cap
Shervani Industrial Syndicate Ltd.,INE011D01013,526117,,Real Estate,Real Estate Development,2026-09-01,Unrated,Unrated,Unrated,Unrated,4.0,Small Cap
Sheshadri Industries Ltd.,INE193R01019,539111,,Consumer Discretionary,Yarn,2026-09-01,Unrated,Unrated,Unrated,Unrated,6.0,Small Cap
Shetron Ltd.,INE278C01010,526137,SHETRON,Materials,Metal Packaging,2026-09-01,Unrated,Unrated,Unrated,Unrated,5.0,Small Cap
Shigan Quantum Technologies Ltd.,INE03KJ01013,,SHIGAN,Consumer Discretionary,Auto Ancillaries,2026-09-01,Unrated,Unrated,Unrated,Unrated,UNRATED,Small Cap
Shikhar Consultants Ltd.,INE641B01011,526883,,Financial,Leasing and Hire Purchase,2026-08-24,Unrated,Unrated,Unrated,Unrated,UNRATED,Small Cap
Shilchar Technologies Ltd.,INE024F01011,531201,SHILCTECH,Industrials,Transformers & Transmission Equipment,2026-09-01,4.0,8.0,7.0,5.0,6.0,Small Cap
Shilpa Medicare Ltd.,INE790G01031,530549,SHILPAMED,Healthcare,Branded Medicines,2026-09-01,3.0,3.0,6.0,3.0,10.0,Small Cap
Shilp Gravures Ltd.,INE960A01017,513709,,Industrials,Industrial Machinery,2026-09-01,Unrated,Unrated,Unrated,Unrated,4.0,Small Cap
Shine Fashion (India) Ltd.,INE0BLY01023,543244,,Consumer Discretionary,Textiles & Leather Trading,2026-09-01,Unrated,Unrated,Unrated,Unrated,4.0,Small Cap
Shining Tools Ltd,INE0D8001018,544607,,Industrials,Machine Tools,2026-09-01,3.0,4.0,7.0,6.0,10.0,Small Cap
Shipping Corporation Of India Ltd.,INE109A01011,523598,SCI,Industrials,Marine Logistics,2026-09-01,5.0,6.0,7.0,6.0,8.0,Small Cap
Shipping Corporation Of India Land And Assets Ltd.,INE0PB301013,544142,SCILAL,Real Estate,Real Estate - Diversified,2026-09-01,1.0,1.0,3.0,3.0,3.0,Small Cap
Shiprocket Ltd,IN90FOO01019,544871,SHIPROCKET,Technology,Software & Services - Diversified,2026-09-01,2.0,3.0,7.0,3.0,UNRATED,
Shipwaves Online Ltd,INE0O9L01010,544646,,Industrials,Multimodal Logistics,2026-09-01,5.0,8.0,6.0,7.0,1.0,Small Cap
Shish Industries Ltd.,INE145Y01023,540693,,Materials,Plastic Packaging,2026-09-01,1.0,1.0,4.0,2.0,6.0,Small Cap
Shiva Cement Ltd.,INE555C01029,532323,,Materials,Cement,2026-09-01,1.0,1.0,4.0,1.0,2.0,Small Cap
Shiva Global Agro Industries Ltd.,INE960E01019,530433,,Materials,Fertilisers,2026-09-01,Unrated,Unrated,Unrated,Unrated,7.0,Small Cap
Shiva Granito Export Ltd.,INE191V01015,540072,,Materials,Granite Marble & Stones,2026-08-14,Unrated,Unrated,Unrated,Unrated,UNRATED,Small Cap
Shivagrico Implements Ltd.,INE092H01014,522237,,Industrials,Agricultural Machinery,2026-09-01,Unrated,Unrated,Unrated,Unrated,6.0,Small Cap
Shivalic Power Control Ltd,INE0T7B01010,,SPCL,Industrials,Electronic Equipment,2026-09-01,Unrated,Unrated,Unrated,Unrated,2.0,Small Cap
Shivalik Bimetal Controls Ltd.,INE386D01027,513097,SBCL,Industrials,Welding Machinery,2026-09-01,4.0,7.0,6.0,3.0,10.0,Small Cap
Shivalik Rasayan Ltd.,INE788J01021,539148,SHIVALIK,Consumer Discretionary,Movie Exhibition,2026-09-01,2.0,3.0,5.0,4.0,3.0,Small Cap
Shivam Autotech Ltd.,INE637H01024,532776,SHIVAMAUTO,Consumer Discretionary,Auto Ancillaries,2026-09-01,Unrated,Unrated,Unrated,Unrated,2.0,Small Cap
Shivam Chemicals Ltd,INE0SGR01013,544165,,Materials,Diversified Chemicals,2026-09-01,Unrated,Unrated,Unrated,Unrated,UNRATED,Small Cap
Shiva Mills Ltd.,INE644Y01017,540961,SHIVAMILLS,Consumer Discretionary,Yarn,2026-09-01,Unrated,Unrated,Unrated,Unrated,7.0,Small Cap
Shivamshree Business Ltd.,INE857P01021,538520,,Consumer Staples,Food Processing - Diversified,2026-09-01,Unrated,Unrated,Unrated,Unrated,UNRATED,Small Cap
Shivansh Finserve Ltd.,INE728Q01014,539593,,Financial,Miscellaneous Financial Services,2026-09-01,Unrated,Unrated,Unrated,Unrated,10.0,Small Cap
Shivashrit Foods Ltd,INE1DLF01018,,SHIVASHRIT,Consumer Staples,Ready-Made Foods,2026-09-01,4.0,7.0,6.0,6.0,5.0,Small Cap
Shiva Suitings Ltd.,INE02Z901011,521003,,Consumer Discretionary,Integrated Textiles,2026-08-10,Unrated,Unrated,Unrated,Unrated,UNRATED,Small Cap
Shiva Texyarn Ltd.,INE705C01020,511108,SHIVATEX,Consumer Discretionary,Yarn,2026-09-01,Unrated,Unrated,Unrated,Unrated,6.0,Small Cap
Shiv Aum Steels Ltd.,INE719F01016,,SHIVAUM,Materials,Stainless Steel,2026-09-01,Unrated,Unrated,Unrated,Unrated,10.0,Small Cap
Shiv Texchem Ltd,INE0YRO01015,544272,,Materials,Speciality Chemicals Trading,2026-09-01,Unrated,Unrated,Unrated,Unrated,3.0,Small Cap
SH Kelkar And Company Ltd.,INE500L01026,539450,SHK,Materials,Speciality Chemicals - Diversified,2026-09-01,2.0,1.0,6.0,4.0,5.0,Small Cap
Shlokka Dyes Ltd,INE1EUB01016,544582,,Materials,Coloring Agents,2026-09-01,5.0,7.0,10.0,7.0,3.0,Small Cap
Shoora Designs Ltd,INE0OJZ01019,543970,,Consumer Discretionary,Gems & Jewellery,2026-08-27,Unrated,Unrated,Unrated,Unrated,UNRATED,Small Cap
Shoppers Stop Ltd.,INE498B01024,532638,SHOPERSTOP,Consumer Discretionary,Apparel & Accessories Retail,2026-09-01,2.0,1.0,7.0,4.0,7.0,Small Cap
Shraddha Prime Projects Ltd.,INE311M01018,531771,,Real Estate,Real Estate Development,2026-09-01,1.0,1.0,7.0,2.0,4.0,Small Cap
Shradha AI Technologies Ltd.,INE489B01031,543976,,Technology,IT Services & Consulting,2026-09-01,Unrated,Unrated,Unrated,Unrated,2.0,Small Cap
Shradha Infraprojects Ltd.,INE715Y01023,,SHRADHA,Real Estate,Real Estate Development,2026-09-01,Unrated,Unrated,Unrated,Unrated,3.0,Small Cap
Shree Tirupati Balajee FIBC Ltd.,INE238Y01018,,TIRUPATI,Materials,Plastic Packaging,2026-09-01,Unrated,Unrated,Unrated,Unrated,UNRATED,Small Cap
Shree Balaji (Mala) Textiles Ltd,INE1N3Y01016,,,Consumer Discretionary,Apparel & Accessories Retail,2026-09-01,4.0,4.0,5.0,8.0,UNRATED,Small Cap
Shree Ganesh Bio-Tech (India) Ltd.,INE051N01026,539470,,Consumer Staples,Crop Farming,2026-09-01,Unrated,Unrated,Unrated,Unrated,1.0,Small Cap
Shree Cement Ltd.,INE070A01015,500387,SHREECEM,Materials,Cement,2026-09-01,3.0,7.0,6.0,5.0,2.0,Mid Cap
Shree Pushkar Chemicals & Fertilisers Ltd.,INE712K01011,539334,SHREEPUSHK,Materials,Coloring Agents,2026-09-01,3.0,4.0,6.0,5.0,8.0,Small Cap
Shreedhar Spinners Ltd,INE0K3301012,,SHREEDHAR,Consumer Discretionary,Yarn,2026-09-01,3.0,3.0,8.0,6.0,UNRATED,Small Cap
Shree Krishna Infrastructure Ltd.,INE951Z01013,542146,,Real Estate,Real Estate Services,2026-09-01,Unrated,Unrated,Unrated,Unrated,UNRATED,Small Cap
Shreeji Global FMCG Ltd,INE1FL101016,,SHETHJI,Consumer Staples,Food Processing - Diversified,2026-09-01,4.0,5.0,7.0,7.0,10.0,Small Cap
Shreeji Shipping Global Ltd,INE1B6101010,544490,SHREEJISPG,Industrials,Marine Logistics,2026-09-01,Unrated,Unrated,Unrated,Unrated,10.0,Small Cap
Shreeji Translogistics Ltd.,INE402Y01028,540738,,Industrials,Road Logistics,2026-09-01,Unrated,Unrated,Unrated,Unrated,4.0,Small Cap
Shree Karni Fabcom Ltd,INE0S4Y01010,,SHREEKARNI,Consumer Discretionary,Miscellaneous Textiles,2026-09-01,Unrated,Unrated,Unrated,Unrated,3.0,Small Cap
Shree Krishna Paper Mills & Industries Ltd.,INE970C01012,500388,,Materials,Paper & Paper Products,2026-08-31,Unrated,Unrated,Unrated,Unrated,9.0,Small Cap
Shree Vasu Logistics Ltd.,INE00CE01017,,SVLL,Industrials,Air Logistics,2026-09-01,2.0,1.0,6.0,1.0,9.0,Small Cap
Shree Manufacturing Company Ltd.,INE632A01012,503863,,Consumer Discretionary,Synthetic Fabrics,2026-08-28,Unrated,Unrated,Unrated,Unrated,UNRATED,Small Cap
Shree Metalloys Ltd.,INE914B01012,531962,,Materials,Metal Trading,2026-09-01,Unrated,Unrated,Unrated,Unrated,5.0,Small Cap
Shreenath Paper Products Ltd,INE0RXS01018,544372,,Materials,Paper & Paper Products,2026-08-31,Unrated,Unrated,Unrated,Unrated,UNRATED,Small Cap
Shree Rama Newsprint Ltd.,INE278B01020,500356,RAMANEWS,Materials,Paper & Paper Products,2026-09-01,Unrated,Unrated,Unrated,Unrated,6.0,Small Cap
Shree Pacetronix Ltd.,INE847D01010,527005,,Healthcare,Medical Supplies,2026-09-01,Unrated,Unrated,Unrated,Unrated,6.0,Small Cap
Shree Ajit Pulp & Paper Ltd.,INE185C01017,538795,,Materials,Paper & Paper Products,2026-09-01,Unrated,Unrated,Unrated,Unrated,UNRATED,Small Cap
Shree Rajivlochan Oil Extraction Ltd.,INE418K01015,530295,,Consumer Staples,Pet & Animal Feed,2026-08-27,Unrated,Unrated,Unrated,Unrated,UNRATED,Small Cap
Shree Ram Proteins Ltd.,INE008Z01020,,SRPL,Consumer Staples,Edible Oil,2026-08-10,Unrated,Unrated,Unrated,Unrated,UNRATED,Small Cap
Shree Ram Twistex Ltd,INE19GK01015,544716,SRTL,Consumer Discretionary,Yarn,2026-09-01,3.0,5.0,7.0,5.0,UNRATED,Small Cap
Shree Refrigerations Ltd,INE0FMZ01045,544458,,Industrials,Heating & Cooling Systems,2026-09-01,3.0,2.0,8.0,6.0,10.0,Small Cap
Shree Ganesh Remedies Ltd.,INE414Y01015,540737,,Healthcare,Pharmaceuticals - Diversified,2026-09-01,3.0,8.0,6.0,3.0,7.0,Small Cap
Shree Salasar Investments Ltd.,INE315N01017,503635,,Financial,Investment Services,2026-09-01,Unrated,Unrated,Unrated,Unrated,10.0,Small Cap
Shree Securities Ltd.,INE397C01026,538975,,Financial,NBFC - Diversified,2026-09-01,Unrated,Unrated,Unrated,Unrated,4.0,Small Cap
Shree Oswal Seeds and Chemicals Ltd.,INE00IK01029,,OSWALSEEDS,Consumer Staples,Other Agriculture Products,2026-09-01,Unrated,Unrated,Unrated,Unrated,4.0,Small Cap
Shreeshay Engineers Ltd.,INE452Z01012,541112,,Industrials,Residential Building Construction,2026-08-31,Unrated,Unrated,Unrated,Unrated,UNRATED,Small Cap
Shree Precoated Steels Ltd.,INE318K01025,533110,SHPRE,Real Estate,Real Estate - Diversified,2026-09-01,Unrated,Unrated,Unrated,Unrated,6.0,Small Cap
Shree Tirupati Balajee Agro Trading Company Ltd,INE0S2G01011,544249,BALAJEE,Materials,Containers & Packaging - Diversified,2026-09-01,Unrated,Unrated,Unrated,Unrated,2.0,Small Cap
Shreevatsa Finance & Leasing Ltd.,INE981C01019,532007,,Financial,Miscellaneous Financial Services,2026-08-31,Unrated,Unrated,Unrated,Unrated,UNRATED,Small Cap
Shrenik Ltd.,INE632X01030,,SHRENIK,Materials,Paper & Paper Products,2026-09-01,Unrated,Unrated,Unrated,Unrated,1.0,Small Cap
Shreyans Industries Ltd.,INE231C01019,516016,SHREYANIND,Materials,Paper & Paper Products,2026-09-01,Unrated,Unrated,Unrated,Unrated,1.0,Small Cap
Shreyas Intermediates Ltd.,INE115F01017,526335,,Materials,Coloring Agents,2026-09-01,Unrated,Unrated,Unrated,Unrated,UNRATED,Small Cap
Shreyas Shipping & Logistics Ltd.,INE757B01015,520151,TRANSWORLD,Industrials,Marine Logistics,2026-09-01,2.0,3.0,5.0,5.0,6.0,Small Cap
Shri Gang Industries & Allied Products Ltd.,INE241V01018,523309,,Consumer Staples,Distilleries,2026-09-01,Unrated,Unrated,Unrated,Unrated,3.0,Small Cap
Shri Ahimsa Naturals Ltd,INE0DM401012,,SHRIAHIMSA,Consumer Staples,Tea & Coffee,2026-09-01,Unrated,Unrated,Unrated,Unrated,10.0,Small Cap
Shricon Industries Ltd.,INE753D01010,508961,,Financial,Other Financial Institutions,2026-09-01,Unrated,Unrated,Unrated,Unrated,6.0,Small Cap
Shri Dinesh Mills Ltd.,INE204C01024,503804,SHRIDINESH,Consumer Discretionary,Miscellaneous Textiles,2026-09-01,Unrated,Unrated,Unrated,Unrated,10.0,Small Cap
Shri Hare-Krishna Sponge Iron,INE0NON01025,,SHKSIL,Materials,Iron Ore,2026-09-01,5.0,9.0,7.0,7.0,UNRATED,Small Cap
Shri Kanha Stainless Ltd,INE1V4601019,,SHRIKANHA,Materials,Stainless Steel,2026-09-01,4.0,7.0,6.0,6.0,1.0,Small Cap
Shri Keshav Cements & Infra Ltd.,INE260E01014,530977,,Materials,Cement,2026-09-01,Unrated,Unrated,Unrated,Unrated,1.0,Small Cap
Shri Niwas Leasing And Finance Ltd.,INE201F01015,538897,,Financial,NBFC - Diversified,2026-09-01,Unrated,Unrated,Unrated,Unrated,UNRATED,Small Cap
Shringar House of Mangalsutra Ltd,INE1B3L01017,544512,SHRINGARMS,Consumer Discretionary,Gems & Jewellery,2026-09-01,3.0,1.0,7.0,5.0,7.0,Small Cap
Shriram Asset Management Company Ltd.,INE777G01012,531359,,Financial,Asset Management Companies,2026-09-01,1.0,3.0,4.0,3.0,3.0,Small Cap
Shriram Finance Ltd.,INE721A01047,511218,SHRIRAMFIN,Financial,NBFC - Diversified,2026-09-01,5.0,9.0,5.0,5.0,9.0,Large Cap
Shriram Pistons & Rings Ltd,INE526E01018,544344,SHRIPISTON,Consumer Discretionary,Auto Ancillaries,2026-09-01,4.0,7.0,7.0,4.0,9.0,Small Cap
Shriram Properties Ltd.,INE217L01019,543419,SHRIRAMPPS,Real Estate,Real Estate Development,2026-09-01,2.0,1.0,5.0,5.0,5.0,Small Cap
Shri Venkatesh Refineries Ltd.,INE0HLJ01013,543373,,Consumer Staples,Edible Oil,2026-09-01,Unrated,Unrated,Unrated,Unrated,10.0,Small Cap
Shristi Infrastructure Development Corporation Ltd.,INE472C01027,511411,PEERABASAN,Industrials,Construction & Engineering - Diversified,2026-09-01,Unrated,Unrated,Unrated,Unrated,6.0,Small Cap
Shri Techtex Ltd,INE0OMF01015,,SHRITECH,Consumer Discretionary,Synthetic Fabrics,2026-09-01,Unrated,Unrated,Unrated,Unrated,UNRATED,Small Cap
Joonktollee Tea & Industries Ltd.,INE574G01013,538092,,Consumer Staples,Tea & Coffee,2026-09-01,Unrated,Unrated,Unrated,Unrated,5.0,Small Cap
Shubham Polyspin Ltd.,INE01J501010,542019,,Consumer Discretionary,Yarn,2026-09-01,Unrated,Unrated,Unrated,Unrated,2.0,Small Cap
Shubhlaxmi Jewel Art Ltd.,INE01Z401013,,SHUBHLAXMI,Consumer Discretionary,Gems & Jewellery,2026-09-01,Unrated,Unrated,Unrated,Unrated,UNRATED,Small Cap
Shubhshree Biofuels Energy Ltd,INE0UL701015,,SHUBHSHREE,Energy & Utilities,Diversified Utilities,2026-09-01,Unrated,Unrated,Unrated,Unrated,5.0,Small Cap
Shukra Bullions Ltd.,INE561E01015,531506,,Financial,Miscellaneous Financial Services,2026-09-01,Unrated,Unrated,Unrated,Unrated,2.0,Small Cap
Shukra Jewellery Ltd.,INE344E01016,523790,SHUKRADIAM,Consumer Discretionary,Gems & Jewellery,2026-08-31,Unrated,Unrated,Unrated,Unrated,UNRATED,Small Cap
Shukra Pharmaceuticals Ltd.,INE551C01044,524632,SHUKRAPHAR,Healthcare,Pharmaceuticals - Diversified,2026-09-01,3.0,4.0,6.0,4.0,9.0,Small Cap
Shyam Century Ferrous Ltd.,INE979R01011,539252,SHYAMCENT,Materials,Ferro Alloys,2026-09-01,Unrated,Unrated,Unrated,Unrated,4.0,Small Cap
Shyam Dhani Industries Ltd,INE1CRP01016,,SHYAMDHANI,Consumer Staples,Specialised Foods Products,2026-09-01,4.0,6.0,7.0,7.0,1.0,Small Cap
Shyamkamal Investments Ltd.,INE203N01015,505515,,Financial,NBFC - Diversified,2026-09-01,Unrated,Unrated,Unrated,Unrated,5.0,Small Cap
Shyam Metalics And Energy Ltd.,INE810G01011,543299,SHYAMMETL,Materials,Iron & Steel,2026-09-01,4.0,8.0,7.0,4.0,7.0,Small Cap
Shyam Telecom Ltd.,INE635A01023,517411,SHYAMTEL,Technology,Technology Hardware Trading,2026-09-01,Unrated,Unrated,Unrated,Unrated,8.0,Small Cap
Sibar Auto Parts Ltd.,INE441C01014,520141,,Consumer Discretionary,Auto Ancillaries,2026-09-01,Unrated,Unrated,Unrated,Unrated,6.0,Small Cap
Sicagen India Ltd.,INE176J01011,533014,SICAGEN,Diversified,Diversified Trading,2026-09-01,Unrated,Unrated,Unrated,Unrated,6.0,Small Cap
Sical Logistics Ltd.,INE075B01020,520086,SICALLOG,Industrials,Multimodal Logistics,2026-09-01,Unrated,Unrated,Unrated,Unrated,9.0,Small Cap
SI Capital & Financial Services Ltd.,INE417F01017,530907,,Financial,Consumer Financing,2026-09-01,Unrated,Unrated,Unrated,Unrated,UNRATED,Small Cap
Siddheswari Garments Ltd.,INE797C01019,526877,,Financial,Investment Holding Companies,2026-09-01,Unrated,Unrated,Unrated,Unrated,5.0,Small Cap
Siddhi Cotspin Ltd,INE0SVO01019,,SIDDHICOTS,Consumer Discretionary,Yarn,2026-09-01,3.0,1.0,8.0,6.0,1.0,Small Cap
Siddhika Coatings Ltd.,INE0A1E01018,,SIDDHIKA,Materials,Granite Marble & Stones,2026-09-01,Unrated,Unrated,Unrated,Unrated,UNRATED,Small Cap
Siemens Ltd.,INE003A01024,500550,SIEMENS,Diversified,Diversified Manufacturing,2026-09-01,3.0,8.0,2.0,3.0,8.0,Large Cap
Siemens Energy India Ltd.,INE1NPP01017,544390,ENRIN,Energy & Utilities,Energy Equipment & Services Diversified,2026-09-01,Unrated,Unrated,Unrated,Unrated,6.0,Mid Cap
Sigachi Industries Ltd.,INE0D0K01022,543389,SIGACHI,Healthcare,Pharmaceuticals - Diversified,2026-09-01,3.0,6.0,6.0,3.0,8.0,Small Cap
Sigma Solve Ltd.,INE0A0S01028,543917,SIGMA,Technology,Software & Services - Diversified,2026-09-01,5.0,10.0,7.0,7.0,8.0,Small Cap
Signatureglobal (India) Ltd,INE903U01023,543990,SIGNATURE,Industrials,Construction & Engineering - Diversified,2026-09-01,1.0,1.0,7.0,4.0,2.0,Small Cap
Signet Industries Ltd.,INE529F01035,512131,SIGIND,Industrials,Irrigation Equipment,2026-09-01,Unrated,Unrated,Unrated,Unrated,9.0,Small Cap
Signoria Creation Ltd,INE0RDE01010,,SIGNORIA,Consumer Discretionary,Readymade Garment,2026-09-01,Unrated,Unrated,Unrated,Unrated,UNRATED,Small Cap
Signpost India Ltd,INE0KGZ01021,544117,SIGNPOST,Industrials,Advertising & Marketing - Diversified,2026-09-01,2.0,1.0,3.0,4.0,7.0,Small Cap
Sihora Industries Ltd,INE0SFA01011,544585,,Consumer Discretionary,Fashion Accessories,2026-08-28,3.0,5.0,2.0,7.0,UNRATED,Small Cap
Sika Interplant Systems Ltd.,INE438E01032,523606,,Industrials,Defence & Aerospace Diversified,2026-09-01,3.0,9.0,6.0,3.0,6.0,Small Cap
Sikko Industries Ltd.,INE112X01017,,SIKKO,Materials,Fertilisers,2026-09-01,Unrated,Unrated,Unrated,Unrated,8.0,Small Cap
SILGO Retail Ltd.,INE01II01013,,SILGO,Consumer Discretionary,Gems & Jewellery,2026-09-01,Unrated,Unrated,Unrated,Unrated,6.0,Small Cap
Silicon Rental Solutions Ltd.,INE0MNV01014,543615,,Technology,Technology Hardware Trading,2026-09-01,Unrated,Unrated,Unrated,Unrated,5.0,Small Cap
SIL Investments Ltd.,INE923A01015,521194,SILINV,Financial,NBFC - Diversified,2026-09-01,3.0,3.0,6.0,5.0,5.0,Small Cap
Silkflex Polymers (India) Ltd,INE0STN01015,,SILKFLEX,Consumer Discretionary,Fabric Dyeing & Finishing,2026-09-01,Unrated,Unrated,Unrated,Unrated,10.0,Small Cap
Silky Overseas Ltd,INE0SN801015,,SILKY,Consumer Discretionary,Home Furnishing & Decor,2026-09-01,4.0,5.0,6.0,6.0,UNRATED,Small Cap
Silly Monks Entertainment Ltd.,INE203Y01012,,SILLYMONKS,Consumer Discretionary,Media & Entertainment Conglomerate,2026-09-01,Unrated,Unrated,Unrated,Unrated,5.0,Small Cap
Silver Oak (India) Ltd.,INE870J01019,531635,,Consumer Staples,Distilleries,2026-09-01,Unrated,Unrated,Unrated,Unrated,2.0,Small Cap
Silverstorm Parks and Resorts Ltd,INE1EJ401023,,,Consumer Discretionary,Amusement Parks,2026-09-01,5.0,10.0,10.0,7.0,UNRATED,Small Cap
Silver Touch Technologies Ltd.,INE625X01026,543525,SILVERTUC,Technology,IT Services & Consulting,2026-09-01,1.0,1.0,5.0,3.0,3.0,Small Cap
Simandhar Impex Ltd.,INE0VI201010,544662,,Consumer Discretionary,Gems & Jewellery,2026-09-01,Unrated,Unrated,Unrated,Unrated,8.0,Small Cap
Simbhaoli Sugars Ltd.,INE748T01016,539742,SIMBHALS,Consumer Staples,Sugar,2026-09-01,Unrated,Unrated,Unrated,Unrated,2.0,Small Cap
Simca Advertising Ltd,INE1K4J01018,,SIMCA,Industrials,Advertising Agency,2026-09-01,5.0,10.0,10.0,6.0,UNRATED,Small Cap
Simmonds Marshall Ltd.,INE657D01021,507998,,Industrials,Fitting & Fixtures,2026-09-01,Unrated,Unrated,Unrated,Unrated,9.0,Small Cap
Simplex Castings Ltd.,INE658D01011,513472,SIMPLEXCAS,Materials,Iron & Steel,2026-09-01,1.0,2.0,7.0,3.0,3.0,Small Cap
Simplex Infrastructures Ltd.,INE059B01024,523838,SIMPLEXINF,Industrials,Construction & Engineering - Diversified,2026-09-01,2.0,1.0,7.0,2.0,7.0,Small Cap
Simplex Mills Company Ltd.,INE457H01027,533018,,Consumer Discretionary,Textiles & Leather Trading,2026-08-21,Unrated,Unrated,Unrated,Unrated,UNRATED,Small Cap
Simplex Realty Ltd.,INE167H01014,503229,,Real Estate,Real Estate Development,2026-09-01,Unrated,Unrated,Unrated,Unrated,UNRATED,Small Cap
Simran Farms Ltd.,INE354D01017,519566,,Consumer Staples,Poultry Farming,2026-09-01,Unrated,Unrated,Unrated,Unrated,6.0,Small Cap
Sinclairs Hotels Ltd.,INE985A01022,523023,SINCLAIR,Consumer Discretionary,Hotels & Resorts,2026-09-01,4.0,10.0,7.0,5.0,5.0,Small Cap
Sindhu Trade Links Ltd.,INE325D01025,532029,SINDHUTRAD,Industrials,Multimodal Logistics,2026-09-01,2.0,1.0,3.0,5.0,6.0,Small Cap
Sindu Valley Technologies Ltd.,INE809Q01020,505504,,Technology,IT Services & Consulting,2026-09-01,Unrated,Unrated,Unrated,Unrated,5.0,Small Cap
Singer India Ltd.,INE638A01035,505729,SINGERIND,Consumer Discretionary,Kitchenware & Appliances,2026-09-01,4.0,6.0,7.0,5.0,8.0,Small Cap
Sinnar Bidi Udyog Ltd.,INE896E01023,509887,,Consumer Staples,Tobacco Products,2026-08-27,Unrated,Unrated,Unrated,Unrated,UNRATED,Small Cap
Sintercom India Ltd.,INE129Z01016,,SINTERCOM,Consumer Discretionary,Auto Ancillaries,2026-09-01,Unrated,Unrated,Unrated,Unrated,4.0,Small Cap
SIRCA Paints India Ltd.,INE792Z01011,543686,SIRCA,Materials,Paints & Varnishes,2026-09-01,3.0,6.0,6.0,5.0,5.0,Small Cap
Sirohia & Sons Ltd.,INE785O01019,538667,,Materials,Pesticides,2026-08-19,Unrated,Unrated,Unrated,Unrated,UNRATED,Small Cap
SIS Ltd.,INE285J01028,540673,SIS,Industrials,Other Business Services,2026-09-01,3.0,1.0,6.0,6.0,9.0,Small Cap
Sita Enterprises Ltd.,INE579D01019,512589,,Financial,Investment Management - Diversified,2026-09-01,Unrated,Unrated,Unrated,Unrated,4.0,Small Cap
Siti Networks Ltd.,INE965H01011,532795,SITINET,Consumer Discretionary,Cable / DTH Service Providers,2026-09-01,Unrated,Unrated,Unrated,Unrated,1.0,Small Cap
Siyaram Recycling Industries Ltd,INE0QSK01017,544047,,Materials,Metals - Diversified,2026-09-01,Unrated,Unrated,Unrated,Unrated,2.0,Small Cap
Siyaram Silk Mills Ltd.,INE076B01028,503811,SIYSIL,Consumer Discretionary,Apparels & Footwear - Diversified,2026-09-01,4.0,4.0,6.0,8.0,7.0,Small Cap
SJ Corporation Ltd.,INE312B01027,504398,,Consumer Discretionary,Gems & Jewellery,2026-08-31,Unrated,Unrated,Unrated,Unrated,UNRATED,Small Cap
S J Logistics (India) Ltd,INE0F3301020,,SJLOGISTIC,Industrials,Marine Logistics,2026-09-01,Unrated,Unrated,Unrated,Unrated,6.0,Small Cap
SJS Enterprises Ltd.,INE284S01014,543387,SJS,Consumer Discretionary,Auto Ancillaries,2026-09-01,4.0,9.0,8.0,3.0,10.0,Small Cap
SJVN Ltd.,INE002L01015,533206,SJVN,Energy & Utilities,Power Generation - Diversified,2026-09-01,1.0,2.0,6.0,4.0,1.0,Small Cap
SKF India Ltd.,INE640A01023,500472,SKFINDIA,Industrials,Ball Bearings,2026-09-01,3.0,7.0,7.0,6.0,4.0,Small Cap
SKF India (Industrial) Ltd.,INE2J8701016,544572,SKFINDUS,Industrials,Electronic Components,2026-09-01,Unrated,Unrated,Unrated,Unrated,10.0,Small Cap
SKIL Infrastructure Ltd.,INE429F01012,539861,SKIL,Industrials,Construction & Engineering - Diversified,2026-08-31,Unrated,Unrated,Unrated,Unrated,UNRATED,Small Cap
SK International Export Ltd.,INE04ST01013,542728,,Consumer Discretionary,Readymade Garment,2026-08-21,Unrated,Unrated,Unrated,Unrated,UNRATED,Small Cap
Skipper Ltd.,INE439E01022,538562,SKIPPER,Technology,Communication Equipment Trading,2026-09-01,3.0,2.0,8.0,5.0,9.0,Small Cap
SKM Egg Products Export (India) Ltd.,INE411D01023,532143,SKMEGGPROD,Consumer Staples,Poultry Farming,2026-09-01,4.0,6.0,6.0,6.0,8.0,Small Cap
SK Minerals & Additives Ltd,INE13YH01017,544584,,Materials,Speciality Chemicals - Diversified,2026-09-01,3.0,4.0,4.0,5.0,10.0,Small Cap
SKP Bearing Industries Ltd.,INE0KZA01016,,SKP,Industrials,Ball Bearings,2026-09-01,Unrated,Unrated,Unrated,Unrated,1.0,Small Cap
SKP Securities Ltd.,INE709B01016,531169,,Financial,Brokerage Services,2026-09-01,Unrated,Unrated,Unrated,Unrated,6.0,Small Cap
Sky Industries Ltd.,INE765B01018,526479,,Consumer Discretionary,Synthetic Fabrics,2026-09-01,Unrated,Unrated,Unrated,Unrated,7.0,Small Cap
Sky Gold And Diamonds Ltd.,INE01IU01018,541967,SKYGOLD,Consumer Discretionary,Gems & Jewellery,2026-09-01,3.0,4.0,6.0,3.0,10.0,Small Cap
Skyline Millars Ltd.,INE178E01026,505650,,Real Estate,Real Estate Development,2026-09-01,Unrated,Unrated,Unrated,Unrated,2.0,Small Cap
Skyline Ventures India Ltd.,INE055Q01012,538919,,Diversified,Diversified Others,2026-08-31,Unrated,Unrated,Unrated,Unrated,UNRATED,Small Cap
Skytech Infinite Platform Ltd,INE0VFE01017,,SKYTECH,Industrials,Electrical Machinery,2026-09-01,2.0,2.0,5.0,6.0,UNRATED,
Skyways Air Services Ltd,INE0PX301025,544890,SKYWAYS,Industrials,Air Logistics,2026-09-01,2.0,1.0,7.0,4.0,UNRATED,
Slone Infosystems Ltd,INE0SMA01017,,SLONE,Technology,Technology Hardware Trading,2026-09-01,Unrated,Unrated,Unrated,Unrated,3.0,Small Cap
Smarten Power Systems Ltd,INE14GK01016,,SMARTEN,Energy & Utilities,Solar Electric Utilities,2026-09-01,4.0,8.0,4.0,7.0,4.0,Small Cap
Smart Finsec Ltd.,INE766D01020,539494,,Financial,NBFC - Diversified,2026-09-01,Unrated,Unrated,Unrated,Unrated,5.0,Small Cap
Smartlink Holdings Ltd.,INE178C01020,532419,SMARTLINK,Technology,Computer Hardware,2026-09-01,Unrated,Unrated,Unrated,Unrated,10.0,Small Cap
Smartworks Coworking Spaces Ltd,INE0NAZ01010,544447,SMARTWORKS,Industrials,Other Business Services,2026-09-01,2.0,2.0,4.0,2.0,8.0,Small Cap
SM Auto Stamping Ltd.,INE0C4I01011,543065,,Consumer Discretionary,Auto Ancillaries,2026-09-01,Unrated,Unrated,Unrated,Unrated,UNRATED,Small Cap
SMC Global Securities Ltd.,INE103C01036,543263,SMCGLOBAL,Financial,Brokerage Services,2026-09-01,2.0,1.0,4.0,4.0,7.0,Small Cap
SM Gold Ltd.,INE00Q901014,542034,,Consumer Discretionary,Gems & Jewellery,2026-09-01,Unrated,Unrated,Unrated,Unrated,3.0,Small Cap
Smiths & Founders (India) Ltd.,INE728B01032,513418,,Materials,Castings & Forgings,2026-09-01,Unrated,Unrated,Unrated,Unrated,10.0,Small Cap
SML Mahindra Ltd.,INE294B01019,505192,SMLMAH,Consumer Discretionary,Automobile Manufacturers,2026-09-01,2.0,3.0,7.0,2.0,8.0,Small Cap
SMR Jewels Ltd,INE11XK01017,544774,,Consumer Discretionary,Gems & Jewellery,2026-09-01,5.0,9.0,10.0,6.0,UNRATED,Small Cap
Smruthi Organics Ltd.,INE172E01011,540686,,Healthcare,Pharmaceuticals - Diversified,2026-09-01,Unrated,Unrated,Unrated,Unrated,8.0,Small Cap
SMS Lifesciences India Ltd.,INE320X01016,540679,SMSLIFE,Healthcare,API / Generic Pharmaceuticals,2026-09-01,3.0,3.0,7.0,3.0,8.0,Small Cap
SMS Pharmaceuticals Ltd.,INE812G01025,532815,SMSPHARMA,Healthcare,Pharmaceuticals - Diversified,2026-09-01,2.0,2.0,7.0,3.0,8.0,Small Cap
SMT Engineering Ltd.,INE673E01018,538563,,Diversified,Diversified Trading,2026-09-01,Unrated,Unrated,Unrated,Unrated,10.0,Small Cap
SMVD Poly Pack Ltd.,INE702Y01013,,SMVD,Materials,Plastic Packaging,2026-09-01,Unrated,Unrated,Unrated,Unrated,UNRATED,Small Cap
Snehaa Organics Ltd,INE1OIC01018,,SNEHAA,Materials,Commodity Chemicals - Diversified,2026-09-01,5.0,10.0,8.0,6.0,6.0,Small Cap
SNL Bearings Ltd.,INE568F01017,505827,,Industrials,Ball Bearings,2026-09-01,Unrated,Unrated,Unrated,Unrated,7.0,Small Cap
Snowman Logistics Ltd.,INE734N01019,538635,SNOWMAN,Industrials,Road Logistics,2026-09-01,2.0,2.0,6.0,5.0,3.0,Small Cap
Sobha Ltd.,INE671H01015,532784,SOBHA,Real Estate,Real Estate Development,2026-09-01,2.0,4.0,7.0,4.0,2.0,Small Cap
Sobhagya Mercantile Ltd.,INE754D01018,512014,,Financial,Miscellaneous Financial Services,2026-09-01,Unrated,Unrated,Unrated,Unrated,10.0,Small Cap
Sodhani Academy Of Fintech Enablers Ltd,INE0Q3401017,544257,,Consumer Staples,Education Services,2026-09-01,Unrated,Unrated,Unrated,Unrated,UNRATED,Small Cap
Sodhani Capital Ltd,INE0QU501030,544560,,Financial,Investment Services,2026-09-01,5.0,10.0,9.0,7.0,UNRATED,Small Cap
Sofcom Systems Ltd.,INE499Q01012,538923,,Technology,Software & Services - Diversified,2026-09-01,Unrated,Unrated,Unrated,Unrated,2.0,Small Cap
Softrak Venture Investment Ltd.,INE562E01021,531529,,Technology,Software & Services - Diversified,2026-09-01,Unrated,Unrated,Unrated,Unrated,3.0,Small Cap
SoftSol India Ltd. (Buyback),INE002B01016,532344,,Technology,Online Services,2026-09-01,Unrated,Unrated,Unrated,Unrated,4.0,Small Cap
SoftTech Engineers Ltd.,INE728Z01015,543470,SOFTTECH,Technology,Software & Services - Diversified,2026-09-01,3.0,3.0,7.0,3.0,9.0,Small Cap
Solar Industries India Ltd.,INE343H01029,532725,SOLARINDS,Materials,Explosives,2026-09-01,4.0,9.0,7.0,3.0,10.0,Large Cap
Solara Active Pharma Sciences Ltd.,INE624Z01016,541540,SOLARA,Healthcare,API / Generic Pharmaceuticals,2026-09-01,1.0,1.0,5.0,2.0,8.0,Small Cap
Solarium Green Energy Ltd,INE0W0H01017,544354,,Energy & Utilities,Solar Electric Utilities,2026-09-01,Unrated,Unrated,Unrated,Unrated,2.0,Small Cap
Solarworld Energy Solutions Ltd,INE0TY101024,544532,SOLARWORLD,Energy & Utilities,Solar Electric Utilities,2026-09-01,3.0,4.0,8.0,7.0,1.0,Small Cap
Solex Energy Ltd.,INE880Y01017,544862,SOLEX,Energy & Utilities,Solar Electric Utilities,2026-09-01,3.0,3.0,5.0,7.0,3.0,Small Cap
Solid Stone Company Ltd.,INE584G01012,513699,,Materials,Granite Marble & Stones,2026-09-01,Unrated,Unrated,Unrated,Unrated,4.0,Small Cap
Solitaire Machine Tools Ltd.,INE410A01013,522152,,Industrials,Other Machinery,2026-09-01,Unrated,Unrated,Unrated,Unrated,5.0,Small Cap
Solve Plastic Products Ltd,INE0U0201016,,BALCO,Industrials,Plastic Tubes & Pipes,2026-09-01,Unrated,Unrated,Unrated,Unrated,UNRATED,Small Cap
Solvex Edibles Ltd,INE1IIQ01028,544539,,Consumer Staples,Edible Oil,2026-09-01,3.0,2.0,7.0,7.0,1.0,Small Cap
Somany Ceramics Ltd.,INE355A01028,531548,SOMANYCERA,Industrials,Ceramic Tiles and Sanitaryware,2026-09-01,4.0,5.0,7.0,5.0,9.0,Small Cap
Soma Papers & Industries Ltd.,INE737E01011,516038,,Materials,Paper & Paper Products,2026-09-01,Unrated,Unrated,Unrated,Unrated,1.0,Small Cap
Soma Textiles & Industries Ltd.,INE314C01013,521034,SOMATEX,Consumer Discretionary,Synthetic Fabrics,2026-09-01,4.0,5.0,6.0,6.0,4.0,Small Cap
Som Datt Finance Corporation Ltd.,INE754C01010,511571,SOMDUTTFIN,Financial,Asset Management Companies,2026-09-01,Unrated,Unrated,Unrated,Unrated,3.0,Small Cap
Som Distilleries & Breweries Ltd.,INE480C01038,507514,SDBL,Consumer Staples,Alcoholic Beverages - Diversified,2026-09-01,1.0,3.0,4.0,2.0,3.0,Small Cap
Somi Conveyor Beltings Ltd.,INE323J01019,533001,SOMICONVEY,Industrials,Industrial Machinery,2026-09-01,Unrated,Unrated,Unrated,Unrated,3.0,Small Cap
Sona BLW Precision Forgings Ltd.,INE073K01018,543300,SONACOMS,Consumer Discretionary,Auto Ancillaries,2026-09-01,5.0,9.0,7.0,4.0,10.0,Mid Cap
Sona Hi Sona Jewellers (Gujarat) Ltd.,INE06MH01016,,GOLDKART,Consumer Discretionary,Gems & Jewellery,2026-09-01,Unrated,Unrated,Unrated,Unrated,UNRATED,Small Cap
Sonal Adhesives Ltd.,INE344I01017,526901,,Materials,Adhesives,2026-09-01,Unrated,Unrated,Unrated,Unrated,UNRATED,Small Cap
Sonalis Consumer Products Ltd,INE0N5O01013,543924,,Consumer Staples,Snacks & Food Confectionery,2026-09-01,Unrated,Unrated,Unrated,Unrated,2.0,Small Cap
Sonal Mercantile Ltd.,INE321M01017,538943,,Financial,NBFC - Diversified,2026-09-01,Unrated,Unrated,Unrated,Unrated,5.0,Small Cap
Sona Machinery Ltd,INE0Q6H01012,,SONAMAC,Industrials,Agricultural Machinery,2026-09-01,Unrated,Unrated,Unrated,Unrated,3.0,Small Cap
Sonam Clock Ltd.,INE00LM01029,,SONAMLTD,Consumer Discretionary,Watches,2026-09-01,Unrated,Unrated,Unrated,Unrated,9.0,Small Cap
Sonata Software Ltd.,INE269A01021,532221,SONATSOFTW,Technology,Software,2026-09-01,4.0,6.0,5.0,7.0,7.0,Small Cap
Soni Medicare Ltd.,INE848R01018,539378,,Healthcare,Home Healthcare Services,2026-08-24,Unrated,Unrated,Unrated,Unrated,UNRATED,Small Cap
Sonu Infratech Ltd.,INE0JZA01018,,SONUINFRA,Industrials,Construction & Engineering - Diversified,2026-09-01,Unrated,Unrated,Unrated,Unrated,1.0,Small Cap
Sotac Pharmaceuticals Ltd.,INE0O2D01012,,SOTAC,Healthcare,Pharmaceuticals - Diversified,2026-09-01,Unrated,Unrated,Unrated,Unrated,UNRATED,Small Cap
Sotefin Bharat Ltd.,INE12Z301012,544832,,Industrials,Construction & Engineering - Diversified,2026-09-01,3.0,3.0,8.0,6.0,UNRATED,Small Cap
Source Industries (India) Ltd.,INE695C01015,521036,,Consumer Discretionary,Miscellaneous Textiles,2026-09-01,Unrated,Unrated,Unrated,Unrated,10.0,Small Cap
Source Natural Foods and Herbal Supplements Ltd.,INE679C01027,531398,,Healthcare,Alternative Medicine,2026-09-01,Unrated,Unrated,Unrated,Unrated,3.0,Small Cap
South Asian Enterprises Ltd.,INE118B01010,526477,,Industrials,Electrodes,2026-08-26,Unrated,Unrated,Unrated,Unrated,UNRATED,Small Cap
Southern Infoconsultants Ltd.,INE298B01010,540174,,Technology,Software,2026-09-01,Unrated,Unrated,Unrated,Unrated,5.0,Small Cap
Southern Latex Ltd.,INE410M01018,514454,,Consumer Discretionary,Miscellaneous Textiles,2026-09-01,Unrated,Unrated,Unrated,Unrated,7.0,Small Cap
Southern Magnesium & Chemicals Ltd.,INE308N01012,513498,,Materials,Other Minerals,2026-09-01,Unrated,Unrated,Unrated,Unrated,3.0,Small Cap
Southern Petrochemical Industries Corporation Ltd.,INE147A01011,590030,SPIC,Materials,Fertilisers,2026-09-01,3.0,5.0,5.0,7.0,4.0,Small Cap
The South Indian Bank Ltd.,INE683A01023,532218,SOUTHBANK,Financial,Banks - Diversified,2026-09-01,3.0,1.0,4.0,7.0,9.0,Small Cap
South India Paper Mills Ltd.,INE088G01014,516108,SIPAPER,Materials,Paper & Paper Products,2026-09-01,Unrated,Unrated,Unrated,Unrated,9.0,Small Cap
South West Pinnacle Exploration Ltd.,INE980Y01015,543986,SOUTHWEST,Materials,Diversified Mining,2026-09-01,3.0,2.0,8.0,5.0,8.0,Small Cap
Sovereign Diamonds Ltd.,INE959D01013,523826,,Consumer Discretionary,Gems & Jewellery,2026-09-01,Unrated,Unrated,Unrated,Unrated,6.0,Small Cap
SPA Capital Services Ltd.,INE726X01014,542376,,Financial,Investment Services,2026-08-26,Unrated,Unrated,Unrated,Unrated,UNRATED,
Space Incubatrics Technologies Ltd.,INE797Z01010,541890,,Technology,Software & Services - Diversified,2026-09-01,Unrated,Unrated,Unrated,Unrated,5.0,Small Cap
Spacenet Enterprises India Ltd.,INE970N01027,,SPCENET,Technology,Financial Technology,2026-09-01,Unrated,Unrated,Unrated,Unrated,2.0,Small Cap
Spandana Sphoorty Financial Ltd.,INE572J01011,542759,SPANDANA,Financial,Microfinancing,2026-09-01,4.0,6.0,3.0,8.0,6.0,Small Cap
Span Divergent Ltd.,INE004E01016,524727,,Consumer Staples,Food Processing - Diversified,2026-09-01,Unrated,Unrated,Unrated,Unrated,UNRATED,Small Cap
S.P. Apparels Ltd.,INE212I01016,540048,SPAL,Consumer Discretionary,Readymade Garment,2026-09-01,3.0,4.0,5.0,4.0,9.0,Small Cap
Sparc Electrex Ltd.,INE960B01015,531370,,Technology,Software & Services - Diversified,2026-09-01,Unrated,Unrated,Unrated,Unrated,6.0,Small Cap
Sparkle Gold Rock Ltd.,INE618F01010,530037,,Consumer Discretionary,Cotton Farming,2026-09-01,Unrated,Unrated,Unrated,Unrated,1.0,Small Cap
SP Capital Financing Ltd.,INE102F01015,530289,,Financial,Brokerage Services,2026-09-01,Unrated,Unrated,Unrated,Unrated,6.0,Small Cap
SPEB Adhesives Ltd,INE1CW901027,,SPEB,Materials,Adhesives,2026-09-01,5.0,8.0,7.0,7.0,10.0,Small Cap
Speciality Medicines Ltd,INE0R0M01014,544738,,Healthcare,Pharmaceuticals Trading,2026-09-01,4.0,5.0,6.0,7.0,UNRATED,Small Cap
Speciality Restaurants Ltd.,INE247M01014,534425,SPECIALITY,Consumer Discretionary,Restaurants & Bars,2026-09-01,5.0,7.0,8.0,7.0,9.0,Small Cap
Spectrum Electrical Industries Ltd.,INE01EO01010,544386,SPECTRUM,Industrials,Switching Equipment,2026-09-01,3.0,4.0,6.0,3.0,9.0,Small Cap
Spectrum Foods Ltd.,INE547C01018,531982,,Consumer Staples,Specialised Foods Products,2026-09-01,Unrated,Unrated,Unrated,Unrated,7.0,Small Cap
Spectrum Talent Management Ltd,INE0OL001018,,SPECTSTM,Industrials,Staffing Services & HR,2026-09-01,Unrated,Unrated,Unrated,Unrated,3.0,Small Cap
SPEL Semiconductor Ltd.,INE252A01019,517166,SPICELEC,Technology,Semiconductor Equipment,2026-09-01,1.0,1.0,4.0,1.0,7.0,Small Cap
Spencer's Retail Ltd.,INE020801028,542337,SPENCERS,Consumer Staples,Food Retail,2026-09-01,Unrated,Unrated,Unrated,Unrated,3.0,Small Cap
Spenta International Ltd.,INE175C01018,526161,,Consumer Discretionary,Hosiery & Socks,2026-09-01,Unrated,Unrated,Unrated,Unrated,8.0,Small Cap
Spice Islands Apparels Ltd.,INE882D01017,526827,,Consumer Discretionary,Readymade Garment,2026-09-01,Unrated,Unrated,Unrated,Unrated,9.0,Small Cap
SpiceJet Ltd.,INE285B01017,500285,SPICEJET,Industrials,Air Transport,2026-09-01,Unrated,Unrated,Unrated,Unrated,1.0,Small Cap
Spice Lounge Food Works Ltd.,INE631E01024,539895,,Technology,Software & Services - Diversified,2026-09-01,1.0,1.0,5.0,2.0,3.0,Small Cap
Spinaroo Commercial Ltd,INE10XX01012,544392,,Materials,Containers & Packaging - Diversified,2026-09-01,Unrated,Unrated,Unrated,Unrated,UNRATED,Small Cap
SPL Industries Ltd.,INE978G01016,532651,SPLIL,Consumer Discretionary,Readymade Garment,2026-09-01,Unrated,Unrated,Unrated,Unrated,6.0,Small Cap
SPML Infra Ltd.,INE937A01023,500402,SPMLINFRA,Industrials,Construction & Engineering - Diversified,2026-09-01,1.0,1.0,5.0,2.0,5.0,Small Cap
Sportking India Ltd.,INE885H01029,539221,SPORTKING,Consumer Discretionary,Fabric Dyeing & Finishing,2026-09-01,3.0,4.0,6.0,4.0,10.0,Small Cap
SPP Polymer Ltd,INE0QR801013,,SPPPOLY,Materials,Plastic Packaging,2026-09-01,Unrated,Unrated,Unrated,Unrated,2.0,Small Cap
Sprayking Ltd.,INE537U01037,540079,,Industrials,Fitting & Fixtures,2026-09-01,Unrated,Unrated,Unrated,Unrated,2.0,Small Cap
SP Refractories Ltd.,INE0JW501011,,SPRL,Materials,Miscellaneous Construction Materials,2026-09-01,Unrated,Unrated,Unrated,Unrated,UNRATED,Small Cap
Spright Agro Ltd.,INE179O01031,531205,,Consumer Staples,Food Wholesale & Distributors,2026-09-01,Unrated,Unrated,Unrated,Unrated,1.0,Small Cap
SPS International Ltd.,INE758B01013,530177,,Industrials,Printing,2026-08-17,Unrated,Unrated,Unrated,Unrated,UNRATED,Small Cap
Spunweb Nonwoven Ltd,INE19QH01010,,SPUNWEB,Consumer Discretionary,Miscellaneous Textiles,2026-09-01,3.0,3.0,6.0,6.0,3.0,Small Cap
Square Four Projects India Ltd.,INE716K01020,526532,,Real Estate,Real Estate - Diversified,2026-08-31,Unrated,Unrated,Unrated,Unrated,6.0,Small Cap
Sreechem Resins Ltd.,INE377C01010,514248,,Materials,Plastic & Resins,2026-09-01,Unrated,Unrated,Unrated,Unrated,1.0,Small Cap
Sreeleathers Ltd.,INE099F01013,535601,SREEL,Consumer Discretionary,Leather Processing,2026-09-01,5.0,9.0,6.0,7.0,9.0,Small Cap
Srestha Finvest Ltd.,INE606K01049,539217,,Financial,NBFC - Diversified,2026-09-01,Unrated,Unrated,Unrated,Unrated,6.0,Small Cap
SRF Ltd.,INE647A01010,503806,SRF,Materials,Diversified Chemicals,2026-09-01,3.0,7.0,7.0,4.0,3.0,Mid Cap
SRG Fingrow Finance Ltd.,INE326P01019,536710,,Financial,NBFC - Diversified,2026-09-01,Unrated,Unrated,Unrated,Unrated,UNRATED,Small Cap
SRG Housing Finance Ltd.,INE559N01010,534680,SRGHFL,Financial,Mortgage/Housing Finance,2026-09-01,4.0,7.0,7.0,8.0,5.0,Small Cap
Sri Adhikari Brothers Television Network Ltd.,INE416A01051,530943,SABTNL,Consumer Discretionary,Television Broadcasting,2026-09-01,Unrated,Unrated,Unrated,Unrated,3.0,Small Cap
Srichakra Cement Ltd.,INE827D01020,518053,,Materials,Cement,2026-09-01,Unrated,Unrated,Unrated,Unrated,2.0,Small Cap
Srigee DLM Ltd,INE0RJ901010,544399,,Materials,Plastic Materials,2026-09-01,4.0,5.0,8.0,5.0,4.0,Small Cap
Sri KPR Industries Ltd.,INE009C01019,514442,,Industrials,Steel Tubes & Pipes,2026-09-01,Unrated,Unrated,Unrated,Unrated,5.0,Small Cap
Sri Lotus Developers and Realty Ltd,INE0V9Q01010,544469,LOTUSDEV,Industrials,Construction & Engineering - Diversified,2026-09-01,2.0,1.0,3.0,6.0,8.0,Small Cap
Sri Nachammai Cotton Mills Ltd.,INE443E01016,521234,,Consumer Discretionary,Yarn,2026-09-01,Unrated,Unrated,Unrated,Unrated,5.0,Small Cap
Srinibas Pradhan Constructions Ltd,INE0TPJ01019,,SPCON,Industrials,Road & Highway Construction,2026-09-01,4.0,9.0,5.0,6.0,UNRATED,Small Cap
Sri Ramakrishna Mills (Coimbatore) Ltd.,INE306D01017,521178,,Consumer Discretionary,Integrated Textiles,2026-09-01,Unrated,Unrated,Unrated,Unrated,8.0,Small Cap
Srivari Spices and Foods Ltd,INE0ON201012,,SSFL,Consumer Staples,Specialised Foods Products,2026-09-01,Unrated,Unrated,Unrated,Unrated,10.0,Small Cap
Srivasavi Adhesive Tapes Ltd.,INE0NPI01014,,SRIVASAVI,Materials,Adhesives,2026-09-01,Unrated,Unrated,Unrated,Unrated,9.0,Small Cap
SRM Contractors Ltd,INE0R6Z01013,544158,SRM,Industrials,Road & Highway Construction,2026-09-01,3.0,6.0,3.0,6.0,7.0,Small Cap
SRM Energy Ltd.,INE173J01018,523222,,Energy & Utilities,Fossil Fuel Electricity Generation,2026-09-01,Unrated,Unrated,Unrated,Unrated,9.0,Small Cap
SRU Steels Ltd.,INE425C01017,540914,,Materials,Metal Trading,2026-09-01,Unrated,Unrated,Unrated,Unrated,1.0,Small Cap
SSMD Agrotech India Ltd,INE1U2R01013,544621,,Consumer Staples,Food Processing - Diversified,2026-08-28,2.0,4.0,2.0,6.0,UNRATED,Small Cap
SSPDL Ltd.,INE838C01011,530821,,Real Estate,Real Estate Development,2026-09-01,Unrated,Unrated,Unrated,Unrated,4.0,Small Cap
S&S Power Switchgear Ltd.,INE902B01017,517273,S&SPOWER,Industrials,Switching Equipment,2026-09-01,3.0,3.0,5.0,7.0,6.0,Small Cap
S&T Corporation Ltd.,INE110Q01023,514197,,Real Estate,Real Estate Development,2026-09-01,Unrated,Unrated,Unrated,Unrated,7.0,Small Cap
Stallion India Fluorochemicals Ltd,INE0RYC01010,544342,STALLION,Materials,Industrial Gases,2026-09-01,3.0,1.0,7.0,5.0,9.0,Small Cap
Stanbik Agro Ltd,INE16QA01011,,,Consumer Staples,Other Agriculture Products,2026-08-31,4.0,5.0,3.0,8.0,UNRATED,Small Cap
Standard Batteries Ltd.,INE502C01039,504180,STANDRDBAT,Industrials,Storage Batteries,2026-09-01,Unrated,Unrated,Unrated,Unrated,4.0,Small Cap
Standard Capital Markets Ltd.,INE625D01028,511700,,Financial,Consumer Financing,2026-09-01,Unrated,Unrated,Unrated,Unrated,1.0,Small Cap
Standard Engineering Technology Limited,INE0M4D01010,544333,SGLTL,Industrials,Electronic Equipment,2026-09-01,3.0,2.0,8.0,3.0,10.0,Small Cap
Standard Industries Ltd.,INE173A01025,530017,SIL,Consumer Discretionary,Home Furnishing Retail,2026-09-01,Unrated,Unrated,Unrated,Unrated,8.0,Small Cap
Standard Shoe Sole & Mould (India) Ltd.,INE888N01013,523351,,Consumer Discretionary,Footwear,2026-08-31,Unrated,Unrated,Unrated,Unrated,UNRATED,Small Cap
Standard Surfactants Ltd.,INE307D01015,526231,,Consumer Staples,Soaps & Detergents,2026-09-01,Unrated,Unrated,Unrated,Unrated,7.0,Small Cap
Stanley Lifestyles Ltd,INE01A001028,544202,STANLEY,Consumer Discretionary,Home Furnitures,2026-09-01,2.0,6.0,3.0,4.0,1.0,Small Cap
Stanpacks (India) Ltd.,INE457D01018,530931,,Materials,Plastic Packaging,2026-09-01,Unrated,Unrated,Unrated,Unrated,6.0,Small Cap
Stanrose Mafatlal Investments & Finance Ltd.,INE441L01015,506105,,Financial,NBFC - Diversified,2026-08-31,Unrated,Unrated,Unrated,Unrated,7.0,Small Cap
Star Cement Ltd.,INE460H01021,540575,STARCEMENT,Materials,Cement,2026-09-01,2.0,5.0,5.0,5.0,1.0,Small Cap
Starcom Information Technology Ltd.,INE347I01010,531616,,Technology,Software & Services - Diversified,2026-08-10,Unrated,Unrated,Unrated,Unrated,UNRATED,Small Cap
Star Delta Transformers Ltd.,INE541K01014,539255,,Industrials,Transformers & Transmission Equipment,2026-09-01,Unrated,Unrated,Unrated,Unrated,6.0,Small Cap
Star Health and Allied Insurance Company Ltd.,INE575P01011,543412,STARHEALTH,Financial,Diversified Insurance,2026-09-01,Unrated,Unrated,Unrated,Unrated,9.0,Small Cap
Star Housing Finance Ltd.,INE526R01028,539017,,Financial,Mortgage/Housing Finance,2026-09-01,Unrated,Unrated,Unrated,Unrated,1.0,Small Cap
Star Imaging and Path Lab Ltd,INE0YG001013,544482,,Healthcare,Medical Diagnostics Services,2026-09-01,5.0,6.0,8.0,7.0,7.0,Small Cap
Starlineps Enterprises Ltd.,INE594W01042,540492,,Consumer Discretionary,Gems & Jewellery,2026-09-01,4.0,7.0,6.0,6.0,6.0,Small Cap
Starlog Enterprises Ltd.,INE580C01019,520155,ABGHEAVY,Industrials,Marine Port Services,2026-09-01,Unrated,Unrated,Unrated,Unrated,5.0,Small Cap
Star Paper Mills Ltd.,INE733A01018,516022,STARPAPER,Materials,Paper & Paper Products,2026-09-01,Unrated,Unrated,Unrated,Unrated,6.0,Small Cap
Star Source Multi Trade Ltd.,INE320M01019,506365,,Diversified,Diversified Others,2026-09-01,Unrated,Unrated,Unrated,Unrated,4.0,Small Cap
Starteck Finance Ltd.,INE992I01013,512381,STARTECK,Financial,Commercial Financing,2026-09-01,Unrated,Unrated,Unrated,Unrated,3.0,Small Cap
The State Trading Corporation Of India Ltd.,INE655A01013,512531,STCINDIA,Diversified,Diversified Trading,2026-09-01,Unrated,Unrated,Unrated,Unrated,6.0,Small Cap
Steelcast Ltd.,INE124E01038,513517,STEELCAS,Materials,Ferro Alloys,2026-09-01,4.0,7.0,4.0,4.0,10.0,Small Cap
Steel City Securities Ltd.,INE395H01011,,STEELCITY,Financial,Brokerage Services,2026-09-01,Unrated,Unrated,Unrated,Unrated,4.0,Small Cap
Steelco Gujarat Ltd.,INE629B01024,500399,STEELCOGUJ,Materials,Iron & Steel,2026-09-01,Unrated,Unrated,Unrated,Unrated,UNRATED,Small Cap
Steel Exchange India Ltd.,INE503B01021,534748,STEELXIND,Materials,Aluminium Products,2026-09-01,2.0,1.0,4.0,4.0,9.0,Small Cap
Steelman Telecom Ltd.,INE0MSK01016,543622,,Technology,Telecom Services - Diversified,2026-08-27,Unrated,Unrated,Unrated,Unrated,UNRATED,Small Cap
Steel Strips Infrastructures Ltd.,INE205F01016,513173,,Real Estate,Real Estate Services,2026-09-01,Unrated,Unrated,Unrated,Unrated,5.0,Small Cap
Steel Strips Wheels Ltd.,INE802C01033,513262,SSWL,Consumer Discretionary,Automotive Accessories,2026-09-01,4.0,5.0,7.0,5.0,9.0,Small Cap
Shree Steel Wire Ropes Ltd.,INE387D01025,513488,,Materials,Steel Wires,2026-09-01,Unrated,Unrated,Unrated,Unrated,8.0,Small Cap
STEL Holdings Ltd.,INE577L01016,533316,STEL,Financial,Investment Holding Companies,2026-09-01,3.0,7.0,6.0,3.0,9.0,Small Cap
Stellant Securities (India) Ltd.,INE395F01023,526071,,Financial,Investment Holding Companies,2026-09-01,5.0,9.0,8.0,5.0,10.0,Small Cap
Stellar Capital Services Ltd.,INE325P01011,536738,,Financial,Miscellaneous Financial Services,2026-08-04,Unrated,Unrated,Unrated,Unrated,UNRATED,Small Cap
Step Two Corporation Ltd.,INE623D01015,531509,,Financial,NBFC - Diversified,2026-09-01,Unrated,Unrated,Unrated,Unrated,UNRATED,Small Cap
Sterling and Wilson Renewable Energy Ltd.,INE00M201021,542760,SWSOLAR,Industrials,Construction & Engineering - Diversified,2026-09-01,1.0,1.0,5.0,2.0,4.0,Small Cap
Sterling Green Woods Ltd.,INE398F01019,526500,,Real Estate,Real Estate Development,2026-09-01,Unrated,Unrated,Unrated,Unrated,UNRATED,Small Cap
Sterling Powergensys Ltd.,INE067E01013,513575,,Industrials,Industrial Machinery,2026-09-01,Unrated,Unrated,Unrated,Unrated,8.0,Small Cap
Sterling Tools Ltd.,INE334A01023,530759,STERTOOLS,Consumer Discretionary,Auto Ancillaries,2026-09-01,3.0,5.0,6.0,6.0,4.0,Small Cap
Sterlite Technologies Ltd.,INE089C01029,532374,STLTECH,Technology,IT Services & Consulting,2026-09-01,2.0,1.0,7.0,1.0,10.0,Small Cap
STL Global Ltd.,INE353H01010,532730,SGL,Consumer Discretionary,Miscellaneous Textiles,2026-09-01,Unrated,Unrated,Unrated,Unrated,3.0,Small Cap
STL Networks Ltd.,INE1VXE01018,544395,STLNETWORK,Technology,Software & Services - Diversified,2026-09-01,1.0,1.0,2.0,3.0,7.0,Small Cap
Storage Technologies And Automation Ltd,INE0RGM01016,544171,,Industrials,Other Business Services,2026-09-01,Unrated,Unrated,Unrated,Unrated,2.0,Small Cap
Stovec Industries Ltd.,INE755D01015,504959,,Industrials,Industrial Machinery,2026-09-01,2.0,3.0,4.0,5.0,2.0,Small Cap
Stove Kraft Ltd.,INE00IN01015,543260,STOVEKRAFT,Consumer Discretionary,Household Durables - Diversified,2026-09-01,4.0,6.0,7.0,3.0,9.0,Small Cap
Stratmont Industries Ltd.,INE473C01025,530495,,Diversified,Diversified Trading,2026-09-01,Unrated,Unrated,Unrated,Unrated,4.0,Small Cap
Striders Impex Ltd,INE1XWN01017,,STRIDERS,Consumer Discretionary,Toys & Games,2026-09-01,5.0,9.0,9.0,7.0,UNRATED,Small Cap
Strides Pharma Science Ltd.,INE939A01011,532531,STAR,Healthcare,Branded Medicines,2026-09-01,3.0,3.0,7.0,6.0,8.0,Small Cap
String Metaverse Ltd.,INE958L01026,534535,,Materials,Paper & Paper Products,2026-09-01,2.0,8.0,3.0,3.0,3.0,Small Cap
Studds Accessories Ltd.,INE00Q601028,544599,STUDDS,Consumer Discretionary,Auto Ancillaries,2026-09-01,3.0,8.0,7.0,5.0,1.0,Small Cap
Studio LSD Ltd,INE17VO01028,,STUDIOLSD,Consumer Discretionary,Movie & TV Production & Distribution,2026-09-01,5.0,10.0,8.0,7.0,2.0,Small Cap
Stylam Industries Ltd.,INE239C01020,526951,STYLAMIND,Industrials,Other Building Products,2026-09-01,4.0,7.0,8.0,4.0,10.0,Small Cap
Styrenix Performance Materials Ltd.,INE189B01011,506222,STYRENIX,Materials,Plastic Materials,2026-09-01,5.0,8.0,7.0,7.0,6.0,Small Cap
Suba Hotels Ltd,INE0RYR01018,,SUBAHOTELS,Consumer Discretionary,Hotels & Resorts,2026-09-01,5.0,7.0,7.0,7.0,1.0,Small Cap
Subam Papers Ltd,INE0U6201010,544267,,Materials,Paper Packaging,2026-09-01,Unrated,Unrated,Unrated,Unrated,9.0,Small Cap
Subex Ltd.,INE754A01055,532348,SUBEXLTD,Technology,Software,2026-09-01,3.0,1.0,7.0,4.0,9.0,Small Cap
Subhash Silk Mills Ltd.,INE690D01014,530231,,Consumer Discretionary,Silk Textiles,2026-09-01,Unrated,Unrated,Unrated,Unrated,UNRATED,Small Cap
Subros Ltd.,INE287B01021,517168,SUBROS,Consumer Discretionary,Auto Ancillaries,2026-09-01,3.0,5.0,6.0,5.0,5.0,Small Cap
Sudal Industries Ltd.,INE618D01015,506003,,Materials,Aluminium,2026-09-01,Unrated,Unrated,Unrated,Unrated,1.0,Small Cap
Sudarshan Chemical Industries Ltd.,INE659A01023,506655,SUDARSCHEM,Materials,Coloring Agents,2026-09-01,2.0,1.0,7.0,3.0,8.0,Small Cap
Sudarshan Pharma Industries Ltd.,INE00TV01023,543828,,Materials,Speciality Chemicals - Diversified,2026-09-01,3.0,1.0,7.0,4.0,9.0,Small Cap
Sudeep Pharma Ltd,INE0QPI01025,544619,SUDEEPPHRM,Healthcare,API / Generic Pharmaceuticals,2026-09-01,3.0,6.0,5.0,2.0,10.0,Small Cap
Sudev Industries Ltd.,INE670C01026,526530,,Materials,Plastic Materials,2026-09-01,Unrated,Unrated,Unrated,Unrated,9.0,Small Cap
Suditi Industries Ltd.,INE691D01012,521113,SUDITIND,Consumer Discretionary,Readymade Garment,2026-09-01,2.0,4.0,4.0,4.0,7.0,Small Cap
Sugal & Damani Share Brokers Ltd.,INE309D01011,511654,,Financial,Brokerage Services,2026-09-01,Unrated,Unrated,Unrated,Unrated,5.0,Small Cap
Sugs Lloyd Ltd,INE0XX801016,544501,,Industrials,Energy & Power Projects,2026-09-01,5.0,9.0,6.0,6.0,10.0,Small Cap
Sujala Trading & Holdings Ltd.,INE029H01016,539117,,Financial,NBFC - Diversified,2026-09-01,Unrated,Unrated,Unrated,Unrated,1.0,Small Cap
Sukhjit Starch & Chemicals Ltd.,INE450E01029,524542,SUKHJITS,Consumer Staples,Starch and Food Extracts,2026-09-01,2.0,2.0,5.0,6.0,5.0,Small Cap
Sulabh Engineers & Services Ltd.,INE673M01029,508969,,Financial,NBFC - Diversified,2026-09-01,Unrated,Unrated,Unrated,Unrated,7.0,Small Cap
Sula Vineyards Ltd.,INE142Q01026,543711,SULA,Consumer Staples,Wineries,2026-09-01,2.0,4.0,6.0,5.0,1.0,Small Cap
Sumedha Fiscal Services Ltd.,INE886B01012,530419,,Financial,Investment Banking,2026-09-01,Unrated,Unrated,Unrated,Unrated,5.0,Small Cap
Sumeet Industries Ltd.,INE235C01036,514211,SUMEETINDS,Consumer Discretionary,Yarn,2026-09-01,2.0,3.0,7.0,4.0,1.0,Small Cap
Sumeru Industries Ltd.,INE764B01029,530445,,Industrials,Business Consultancy,2026-09-01,Unrated,Unrated,Unrated,Unrated,4.0,Small Cap
Sumitomo Chemical India Ltd.,INE258G01013,542920,SUMICHEM,Materials,Pesticides,2026-09-01,4.0,8.0,6.0,4.0,7.0,Small Cap
Sumit Woods Ltd.,INE748Z01013,,SUMIT,Real Estate,Real Estate Development,2026-09-01,Unrated,Unrated,Unrated,Unrated,6.0,Small Cap
Summit Securities Ltd.,INE519C01017,533306,SUMMITSEC,Financial,Commercial Financing,2026-09-01,2.0,2.0,5.0,5.0,2.0,Small Cap
Sumuka Agro Industries Ltd.,INE311N01016,532070,,Consumer Staples,Snacks & Food Confectionery,2026-09-01,Unrated,Unrated,Unrated,Unrated,1.0,Small Cap
Suncare Traders Ltd.,INE452S01025,539526,,Materials,Construction Materials Trading,2026-09-01,Unrated,Unrated,Unrated,Unrated,1.0,Small Cap
Sundaram - Clayton Ltd,INE0Q3R01026,544066,SUNCLAY,Consumer Discretionary,Auto Ancillaries,2026-09-01,1.0,1.0,5.0,2.0,4.0,Small Cap
Sundaram Brake Linings Ltd.,INE073D01013,590072,SUNDRMBRAK,Consumer Discretionary,Auto Ancillaries,2026-09-01,Unrated,Unrated,Unrated,Unrated,8.0,Small Cap
Sundaram Finance Ltd.,INE660A01013,590071,SUNDARMFIN,Financial,NBFC - Diversified,2026-09-01,4.0,9.0,9.0,6.0,2.0,Mid Cap
Sundaram Multi Pap Ltd.,INE108E01023,533166,SUNDARAM,Materials,Paper & Paper Products,2026-09-01,Unrated,Unrated,Unrated,Unrated,1.0,Small Cap
Sundram Fasteners Ltd.,INE387A01021,500403,SUNDRMFAST,Industrials,Fasteners,2026-09-01,4.0,7.0,7.0,4.0,9.0,Small Cap
Sundrex Oil Company Ltd,INE0CTB01014,,SOCL,Materials,Lubricants & Grease,2026-09-01,3.0,4.0,4.0,6.0,2.0,Small Cap
Sundrop Brands Ltd.,INE209A01019,500215,ATFL,Consumer Staples,Food Processing - Diversified,2026-09-01,2.0,4.0,6.0,4.0,5.0,Small Cap
Sunflag Iron And Steel Company Ltd.,INE947A01014,500404,SUNFLAG,Materials,Iron & Steel,2026-09-01,4.0,5.0,6.0,6.0,9.0,Small Cap
Sungarner Energies Ltd,INE0O3O01017,,SEL,Energy & Utilities,Solar Electric Utilities,2026-09-01,Unrated,Unrated,Unrated,Unrated,9.0,Small Cap
Sungold Media And Entertainment Ltd.,INE266S01011,541799,,Industrials,Advertising & Marketing - Diversified,2026-08-28,Unrated,Unrated,Unrated,Unrated,UNRATED,Small Cap
Sunil Industries Ltd.,INE124M01015,521232,,Consumer Discretionary,Miscellaneous Textiles,2026-08-28,Unrated,Unrated,Unrated,Unrated,UNRATED,Small Cap
Sunil Agro Foods Ltd.,INE224D01012,530953,,Consumer Staples,Flour Milling,2026-09-01,Unrated,Unrated,Unrated,Unrated,UNRATED,Small Cap
Sunil Healthcare Ltd.,INE671C01016,537253,,Healthcare,Pharmaceuticals - Diversified,2026-09-01,Unrated,Unrated,Unrated,Unrated,7.0,Small Cap
Sunita Tools Ltd,INE0Q1S01010,544001,,Industrials,Industrial Machinery,2026-09-01,Unrated,Unrated,Unrated,Unrated,9.0,Small Cap
Sunlite Recycling Industries Ltd,INE0U2N01013,,SUNLITE,Materials,Other Metal Products,2026-09-01,Unrated,Unrated,Unrated,Unrated,10.0,Small Cap
Sun Pharma Advanced Research Company Ltd.,INE232I01014,532872,SPARC,Healthcare,Pharmaceuticals - Diversified,2026-09-01,4.0,3.0,7.0,6.0,9.0,Small Cap
Sun Pharmaceutical Industries Ltd.,INE044A01036,524715,SUNPHARMA,Healthcare,Branded Medicines,2026-09-01,4.0,9.0,6.0,4.0,8.0,Large Cap
Sunraj Diamond Exports Ltd.,INE459D01014,523425,,Consumer Discretionary,Gems & Jewellery,2026-08-31,Unrated,Unrated,Unrated,Unrated,UNRATED,Small Cap
Sunrakshakk Industries India Ltd.,INE671K01027,539300,,Consumer Discretionary,Miscellaneous Textiles,2026-09-01,3.0,6.0,6.0,3.0,10.0,Small Cap
Sunrest Lifescience Ltd,INE0PLZ01012,,SUNREST,Healthcare,API / Generic Pharmaceuticals,2026-09-01,Unrated,Unrated,Unrated,Unrated,UNRATED,Small Cap
Sunrise Efficient Marketing Ltd.,INE0KPY01017,543515,,Industrials,Capital Goods Trading,2026-09-01,Unrated,Unrated,Unrated,Unrated,1.0,Small Cap
Sunshield Chemicals Ltd.,INE199E01014,530845,,Materials,Speciality Chemicals - Diversified,2026-09-01,4.0,8.0,6.0,5.0,9.0,Small Cap
Sunshine Pictures Ltd,INE1B3O01011,544881,SUNSHINE,Consumer Discretionary,Movie & TV Production & Distribution,2026-09-01,3.0,4.0,6.0,6.0,UNRATED,
Sunsky Logistics Ltd,INE10CM01027,544566,,Industrials,Multimodal Logistics,2026-08-31,5.0,8.0,9.0,6.0,UNRATED,Small Cap
Suntech Infra Solutions Ltd,INE0SGZ01016,,SUNTECH,Industrials,Construction & Engineering - Diversified,2026-09-01,3.0,3.0,6.0,6.0,5.0,Small Cap
Sunteck Realty Ltd.,INE805D01034,512179,SUNTECK,Real Estate,Real Estate Development,2026-09-01,2.0,3.0,7.0,5.0,2.0,Small Cap
Sun TV Network Ltd.,INE424H01027,532733,SUNTV,Consumer Discretionary,Television Broadcasting,2026-09-01,4.0,9.0,6.0,7.0,1.0,Small Cap
Super Bakers (India) Ltd.,INE897A01011,530735,,Consumer Staples,Bakery Product,2026-09-01,Unrated,Unrated,Unrated,Unrated,UNRATED,Small Cap
Super Crop Safe Ltd.,INE366G01022,530883,,Materials,Pesticides,2026-09-01,Unrated,Unrated,Unrated,Unrated,9.0,Small Cap
Super Fine Knitters Ltd.,INE459U01018,540269,,Consumer Discretionary,Miscellaneous Textiles,2026-08-26,Unrated,Unrated,Unrated,Unrated,UNRATED,Small Cap
Superhouse Ltd.,INE712B01010,523283,SUPERHOUSE,Consumer Discretionary,Leather Processing,2026-09-01,Unrated,Unrated,Unrated,Unrated,7.0,Small Cap
Superior Industrial Enterprises Ltd.,INE843L01012,519234,,Materials,Paper Packaging,2026-09-01,Unrated,Unrated,Unrated,Unrated,5.0,Small Cap
Super Iron Foundry Ltd,INE16IQ01014,544381,,Materials,Castings & Forgings,2026-09-01,Unrated,Unrated,Unrated,Unrated,5.0,Small Cap
Super Sales India Ltd.,INE091C01017,512527,SUPER,Consumer Discretionary,Yarn,2026-09-01,Unrated,Unrated,Unrated,Unrated,10.0,Small Cap
Supershakti Metaliks Ltd.,INE00SY01011,541701,,Materials,Steel Wires,2026-08-26,Unrated,Unrated,Unrated,Unrated,UNRATED,Small Cap
Super Spinning Mills Ltd.,INE662A01027,521180,SUPERSPIN,Consumer Discretionary,Yarn,2026-09-01,Unrated,Unrated,Unrated,Unrated,2.0,Small Cap
Super Tannery Ltd.,INE460D01038,523842,,Consumer Discretionary,Leather Processing,2026-09-01,Unrated,Unrated,Unrated,Unrated,9.0,Small Cap
Supertech EV Ltd,INE0SC101013,544428,,Consumer Discretionary,Motorcycles & Scooters,2026-09-01,2.0,5.0,2.0,5.0,2.0,Small Cap
Supertex Industries Ltd.,INE881B01054,526133,,Consumer Discretionary,Yarn,2026-09-01,Unrated,Unrated,Unrated,Unrated,5.0,Small Cap
Suprajit Engineering Ltd.,INE399C01030,532509,SUPRAJIT,Consumer Discretionary,Auto Ancillaries,2026-09-01,3.0,3.0,6.0,5.0,9.0,Small Cap
Supra Pacific Management Consultancy Ltd.,INE268T01015,540168,,Financial,NBFC - Diversified,2026-09-01,Unrated,Unrated,Unrated,Unrated,8.0,Small Cap
Supra Trends Ltd.,INE533B01028,511539,,Consumer Discretionary,Apparels & Footwear - Diversified,2026-08-28,Unrated,Unrated,Unrated,Unrated,4.0,Small Cap
Supreme Industries Ltd.,INE195A01028,509930,SUPREMEIND,Materials,Plastic Materials,2026-09-01,3.0,10.0,6.0,4.0,2.0,Mid Cap
Supreme Engineering Ltd.,INE319Z01021,,SUPREMEENG,Materials,Steel Wires,2026-09-01,Unrated,Unrated,Unrated,Unrated,10.0,Small Cap
Supreme Facility Management Ltd,INE0U6N01014,,SFML,Industrials,Business Services - Diversified,2026-09-01,Unrated,Unrated,Unrated,Unrated,3.0,Small Cap
Supreme Holdings & Hospitality (India) Ltd.,INE822E01011,530677,SUPREME,Real Estate,Real Estate Development,2026-09-01,Unrated,Unrated,Unrated,Unrated,1.0,Small Cap
Supreme Infrastructure India Ltd.,INE550H01011,532904,SUPREMEINF,Industrials,Construction & Engineering - Diversified,2026-09-01,Unrated,Unrated,Unrated,Unrated,6.0,Small Cap
Supreme Petrochem Ltd.,INE663A01033,500405,SPLPETRO,Materials,Petrochemical,2026-09-01,3.0,9.0,3.0,5.0,7.0,Small Cap
Supreme Power Equipment Ltd,INE0QHG01026,,SUPREMEPWR,Industrials,Transformers & Transmission Equipment,2026-09-01,Unrated,Unrated,Unrated,Unrated,9.0,Small Cap
Supremex Shine Steels Ltd.,INE175N01023,534733,,Industrials,Air Transport,2026-09-01,Unrated,Unrated,Unrated,Unrated,9.0,Small Cap
Supriya Lifescience Ltd.,INE07RO01027,543434,SUPRIYA,Healthcare,Branded Medicines,2026-09-01,4.0,9.0,7.0,4.0,8.0,Small Cap
Suraj Ltd.,INE713C01016,531638,SURAJLTD,Materials,Stainless Steel,2026-09-01,2.0,2.0,4.0,5.0,3.0,Small Cap
Suraj Industries Ltd.,INE170U01011,526211,,Consumer Staples,Edible Oil,2026-09-01,Unrated,Unrated,Unrated,Unrated,7.0,Small Cap
Suraj Estate Developers Ltd,INE843S01025,544054,SURAJEST,Real Estate,Real Estate Development,2026-09-01,2.0,1.0,6.0,7.0,3.0,Small Cap
Suraj Products Ltd.,INE069E01019,518075,,Materials,Aluminium Products,2026-09-01,Unrated,Unrated,Unrated,Unrated,7.0,Small Cap
Suraksha Diagnostic Ltd,INE877V01027,544293,SURAKSHA,Healthcare,Medical Diagnostics Services,2026-09-01,4.0,9.0,3.0,5.0,8.0,Small Cap
Surana Solar Ltd.,INE272L01022,533298,SURANASOL,Energy & Utilities,Renewable Energy Equipment & Services,2026-09-01,Unrated,Unrated,Unrated,Unrated,6.0,Small Cap
Surana Telecom And Power Ltd.,INE130B01031,517530,SURANAT&P,Energy & Utilities,Renewable Energy Equipment & Services,2026-09-01,Unrated,Unrated,Unrated,Unrated,4.0,Small Cap
Surani Steel Tubes Ltd.,INE01ZJ01015,,SURANI,Industrials,Steel Tubes & Pipes,2026-09-01,Unrated,Unrated,Unrated,Unrated,9.0,Small Cap
Surat Textile Mills Ltd.,INE936A01025,530185,,Consumer Discretionary,Yarn,2026-09-01,Unrated,Unrated,Unrated,Unrated,5.0,Small Cap
Suratwwala Business Group Ltd.,INE05ST01028,543218,SBGLP,Real Estate,Real Estate Development,2026-09-01,1.0,1.0,5.0,4.0,2.0,Small Cap
Surbhi Industries Ltd.,INE899E01019,514260,,Consumer Discretionary,Yarn,2026-09-01,Unrated,Unrated,Unrated,Unrated,7.0,Small Cap
Suryaamba Spinning Mills Ltd.,INE360J01011,533101,,Consumer Discretionary,Yarn,2026-09-01,Unrated,Unrated,Unrated,Unrated,5.0,Small Cap
Suryakrupa Finance Ltd.,INE381N01019,511185,,Industrials,Marine Logistics,2026-08-27,Unrated,Unrated,Unrated,Unrated,UNRATED,Small Cap
Suryalakshmi Cotton Mills Ltd.,INE713B01026,521200,SURYALAXMI,Consumer Discretionary,Yarn,2026-09-01,Unrated,Unrated,Unrated,Unrated,5.0,Small Cap
Suryalata Spinning Mills Ltd.,INE132C01027,514138,,Consumer Discretionary,Fabric Dyeing & Finishing,2026-09-01,Unrated,Unrated,Unrated,Unrated,8.0,Small Cap
Surya Roshni Ltd.,INE335A01020,500336,SURYAROSNI,Industrials,Electronic Equipment,2026-09-01,3.0,5.0,5.0,8.0,4.0,Small Cap
Suryavanshi Spinning Mills Ltd.,INE431C01023,514140,SURYVANSPG,Consumer Discretionary,Yarn,2026-08-24,Unrated,Unrated,Unrated,Unrated,UNRATED,Small Cap
Suryoday Small Finance Bank Ltd.,INE428Q01011,543279,SURYODAY,Financial,Small Finance Banks,2026-09-01,4.0,3.0,7.0,7.0,9.0,Small Cap
Suryo Foods & Industries Ltd.,INE565E01016,519604,,Consumer Staples,Marine Foods,2026-09-01,Unrated,Unrated,Unrated,Unrated,3.0,Small Cap
Susan Electricals India Ltd,INE2L0V01019,544793,,Industrials,Wires & Cables,2026-09-01,4.0,6.0,7.0,6.0,UNRATED,Small Cap
Sutlej Textiles And Industries Ltd.,INE645H01027,532782,SUTLEJTEX,Consumer Discretionary,Miscellaneous Textiles,2026-09-01,2.0,1.0,6.0,3.0,8.0,Small Cap
Suven Life Sciences Ltd.,INE495B01038,530239,SUVEN,Healthcare,API / Generic Pharmaceuticals,2026-09-01,1.0,1.0,4.0,1.0,10.0,Small Cap
Suvidhaa Infoserve Ltd.,INE018401013,543281,SUVIDHAA,Financial,Financial Services - Diversified,2026-09-01,Unrated,Unrated,Unrated,Unrated,1.0,Small Cap
Suvidha Infraestate Corporation Ltd.,INE936N01010,531640,,Real Estate,Real Estate Development,2026-08-24,Unrated,Unrated,Unrated,Unrated,UNRATED,Small Cap
Suvifin Credit Solutions Ltd.,INE729C01020,538647,,Financial,NBFC - Diversified,2026-08-31,Unrated,Unrated,Unrated,Unrated,3.0,Small Cap
Suyog Gurbaxani Funicular Ropeways Ltd.,INE07GA01011,543391,,Industrials,Transportation - Diversified,2026-09-01,Unrated,Unrated,Unrated,Unrated,4.0,Small Cap
Suyog Telematics Ltd.,INE442P01014,537259,SUYOG,Industrials,Communications Network Construction,2026-09-01,4.0,6.0,5.0,7.0,8.0,Small Cap
Suzlon Energy Ltd.,INE040H01021,532667,SUZLON,Industrials,Turbine Manufacturing,2026-09-01,3.0,7.0,7.0,6.0,4.0,Mid Cap
Svam Softwares Ltd.,INE119B01018,523722,,Technology,Software & Services - Diversified,2026-09-01,Unrated,Unrated,Unrated,Unrated,3.0,Small Cap
Svaraj Trading & Agencies Ltd.,INE406N01014,503624,,Financial,Investment Holding Companies,2026-09-01,Unrated,Unrated,Unrated,Unrated,UNRATED,Small Cap
SVC Industries Ltd.,INE038B01010,524488,ATVPETRO,Materials,Diversified Chemicals,2026-09-01,Unrated,Unrated,Unrated,Unrated,6.0,Small Cap
SV Global Mill Ltd.,INE159L01013,535621,,Real Estate,Real Estate - Diversified,2026-09-01,Unrated,Unrated,Unrated,Unrated,6.0,Small Cap
S. V. J. Enterprises Ltd.,INE0JZS01010,543799,,Materials,Paper & Paper Products,2026-09-01,Unrated,Unrated,Unrated,Unrated,UNRATED,Small Cap
SVP Global Textiles Ltd.,INE308E01029,505590,SVPGLOB,Consumer Discretionary,Miscellaneous Textiles,2026-09-01,Unrated,Unrated,Unrated,Unrated,8.0,Small Cap
SVS Ventures Ltd.,INE0MID01012,543745,,Real Estate,Real Estate Development,2026-09-01,Unrated,Unrated,Unrated,Unrated,1.0,Small Cap
Swadeshi Industries & Leasing Ltd.,INE716M01034,506863,,Consumer Discretionary,Miscellaneous Textiles,2026-09-01,Unrated,Unrated,Unrated,Unrated,6.0,Small Cap
Swadeshi Polytex Ltd.,INE243N01029,503816,,Real Estate,Real Estate Lease & Renting,2026-09-01,Unrated,Unrated,Unrated,Unrated,4.0,Small Cap
Swagtam Trading & Services Ltd.,INE150R01019,539406,,Diversified,Diversified Trading,2026-09-01,Unrated,Unrated,Unrated,Unrated,UNRATED,Small Cap
Swan Corp Ltd.,INE665A01038,503310,SWANENERGY,Consumer Discretionary,Miscellaneous Textiles,2026-09-01,1.0,1.0,5.0,3.0,1.0,Small Cap
Swaraj Engines Ltd.,INE277A01016,500407,SWARAJENG,Industrials,Diesel Engines,2026-09-01,4.0,9.0,7.0,6.0,5.0,Small Cap
Swaraj Suiting Ltd.,INE0GMR01016,544861,SWARAJ,Consumer Discretionary,Integrated Textiles,2026-09-01,Unrated,Unrated,Unrated,Unrated,10.0,Small Cap
Swarna Securities Ltd.,INE595G01018,531003,,Financial,Other Financial Institutions,2026-09-01,Unrated,Unrated,Unrated,Unrated,UNRATED,Small Cap
Swarnsarita Jewels India Ltd.,INE967A01012,526365,,Consumer Discretionary,Gems & Jewellery,2026-09-01,Unrated,Unrated,Unrated,Unrated,6.0,Small Cap
Swashthik Plascon Ltd,INE0RDR01012,544035,,Materials,Containers & Packaging - Diversified,2026-08-31,Unrated,Unrated,Unrated,Unrated,4.0,Small Cap
Swasth Foodtech India Ltd,INE0TIR01017,544368,,Consumer Staples,Edible Oil,2026-09-01,Unrated,Unrated,Unrated,Unrated,3.0,Small Cap
Swastika Castal Ltd,INE0PTF01017,544452,,Materials,Castings & Forgings,2026-09-01,3.0,3.0,8.0,6.0,9.0,Small Cap
Swastika Investmart Ltd.,INE691C01022,530585,,Financial,Brokerage Services,2026-09-01,Unrated,Unrated,Unrated,Unrated,10.0,Small Cap
Swastik Pipes Ltd.,INE0DGC01025,,SWASTIK,Industrials,Steel Tubes & Pipes,2026-09-01,Unrated,Unrated,Unrated,Unrated,UNRATED,Small Cap
Swasti Vinayaka Synthetics Ltd.,INE804A01025,510245,,Consumer Discretionary,Synthetic Fabrics,2026-09-01,Unrated,Unrated,Unrated,Unrated,3.0,Small Cap
Swasti Vinayaka Art & Heritage Corporation Ltd.,INE895A01023,512257,,Consumer Discretionary,Miscellaneous Specialty Retail,2026-09-01,Unrated,Unrated,Unrated,Unrated,5.0,Small Cap
Swati Projects Ltd.,INE210F01016,543914,,Financial,NBFC - Diversified,2026-09-01,Unrated,Unrated,Unrated,Unrated,10.0,Small Cap
Swelect Energy Systems Ltd.,INE409B01013,532051,SWELECTES,Industrials,Energy & Power Projects,2026-09-01,3.0,4.0,6.0,5.0,7.0,Small Cap
Swiggy Ltd,INE00H001014,544285,SWIGGY,Technology,Online Services,2026-09-01,1.0,2.0,6.0,2.0,1.0,Mid Cap
SW Investments Ltd.,INE948K01011,503659,,Financial,Investment Services,2026-08-31,Unrated,Unrated,Unrated,Unrated,UNRATED,Small Cap
Swiss Military Consumer Goods Ltd.,INE010C01025,523558,NETWORK,Consumer Discretionary,Online and Direct Retailing,2026-09-01,1.0,1.0,2.0,4.0,4.0,Small Cap
Switching Technologies Gunther Ltd.,INE311D01017,517201,,Industrials,Switching Equipment,2026-09-01,Unrated,Unrated,Unrated,Unrated,9.0,Small Cap
Swojas Energy Foods Ltd.,INE295B01016,530217,,Consumer Staples,Agriculture & Farming Services,2026-09-01,Unrated,Unrated,Unrated,Unrated,1.0,Small Cap
Sylph Technologies Ltd.,INE706F01021,511447,,Technology,Software,2026-09-01,Unrated,Unrated,Unrated,Unrated,1.0,Small Cap
Sylvan Plyboard (India) Ltd,INE01IH01015,,SYLVANPLY,Materials,Wood & Wood Products,2026-09-01,Unrated,Unrated,Unrated,Unrated,UNRATED,Small Cap
Symbiotec Pharmalab Ltd,INE899I01028,544889,SYMBIOTEC,Healthcare,API / Generic Pharmaceuticals,2026-09-01,3.0,5.0,8.0,4.0,UNRATED,
Symbiox Investment & Trading Co Ltd.,INE653R01012,539278,,Financial,Investment Services,2026-09-01,Unrated,Unrated,Unrated,Unrated,6.0,Small Cap
Symphony Ltd.,INE225D01027,517385,SYMPHONY,Consumer Discretionary,Household Appliances,2026-09-01,2.0,5.0,4.0,5.0,1.0,Small Cap
Syncom Formulations (India) Ltd.,INE312C01025,524470,SYNCOMF,Healthcare,Branded Medicines,2026-09-01,3.0,3.0,4.0,5.0,8.0,Small Cap
Synergy Green Industries Ltd.,INE00QT01015,541929,SGIL,Materials,Castings & Forgings,2026-09-01,2.0,1.0,6.0,2.0,8.0,Small Cap
Syngene International Ltd.,INE398R01022,539268,SYNGENE,Healthcare,Pharmaceuticals - Diversified,2026-09-01,2.0,7.0,5.0,4.0,2.0,Small Cap
Synoptics Technologies Ltd,INE0BTR01012,,SYNOPTICS,Technology,IT Services & Consulting,2026-09-01,Unrated,Unrated,Unrated,Unrated,UNRATED,Small Cap
Syrma SGS Technology Ltd.,INE0DYJ01015,543573,SYRMA,Technology,Technology Equipment & Parts,2026-09-01,3.0,4.0,8.0,3.0,10.0,Small Cap
Syschem (India) Ltd.,INE121D01036,531173,,Healthcare,API / Generic Pharmaceuticals,2026-09-01,Unrated,Unrated,Unrated,Unrated,1.0,Small Cap
Systango Technologies Ltd.,INE0O7R01011,,SYSTANGO,Technology,Software & Services - Diversified,2026-09-01,Unrated,Unrated,Unrated,Unrated,4.0,Small Cap
Systematic Industries Ltd,INE1KLZ01011,544541,,Materials,Steel Wires,2026-09-01,3.0,3.0,7.0,5.0,9.0,Small Cap
Systematix Corporate Services Ltd.,INE356B01024,526506,,Financial,Investment Banking,2026-09-01,2.0,7.0,4.0,4.0,1.0,Small Cap
Systematix Securities Ltd.,INE07P301011,531432,,Industrials,Business Consultancy,2026-08-28,Unrated,Unrated,Unrated,Unrated,UNRATED,Small Cap
TAAL Enterprises Ltd.,INE524T01011,539956,,Industrials,Air Transport,2026-09-01,5.0,9.0,6.0,6.0,10.0,Small Cap
Taaza International Ltd.,INE392H01018,537392,,Industrials,Building Products Trading,2026-09-01,Unrated,Unrated,Unrated,Unrated,UNRATED,Small Cap
Tacent Projects Ltd.,INE149D01011,531887,,Consumer Discretionary,Integrated Textiles,2026-08-31,Unrated,Unrated,Unrated,Unrated,UNRATED,Small Cap
TAC Infosec Ltd,INE0SOY01013,,TAC,Technology,Software,2026-09-01,Unrated,Unrated,Unrated,Unrated,5.0,Small Cap
Tai Industries Ltd.,INE358D01018,519483,,Consumer Staples,Food Wholesale & Distributors,2026-09-01,Unrated,Unrated,Unrated,Unrated,4.0,Small Cap
Tainwala Chemicals & Plastics (India) Ltd.,INE123C01018,507785,TAINWALCHM,Materials,Plastic Materials,2026-09-01,Unrated,Unrated,Unrated,Unrated,7.0,Small Cap
Taj GVK Hotels & Resorts Ltd.,INE586B01026,532390,TAJGVK,Consumer Discretionary,Hotels & Resorts,2026-09-01,5.0,8.0,9.0,7.0,5.0,Small Cap
Take Solutions Ltd.,INE142I01023,532890,TAKE,Healthcare,Biotechnology,2026-09-01,2.0,3.0,4.0,1.0,5.0,Small Cap
Takyon Networks Ltd,INE14OX01013,544471,,Technology,Communications & Networking - Diversified,2026-09-01,3.0,1.0,5.0,7.0,1.0,Small Cap
Talbros Automotive Components Ltd.,INE187D01029,505160,TALBROAUTO,Consumer Discretionary,Auto Ancillaries,2026-09-01,4.0,7.0,6.0,5.0,10.0,Small Cap
Talbros Engineering Ltd.,INE717E01013,538987,,Consumer Discretionary,Auto Ancillaries,2026-09-01,3.0,4.0,7.0,6.0,6.0,Small Cap
Tamboli Capital Ltd.,INE864J01012,533170,,Diversified,Diversified Manufacturing,2026-09-01,Unrated,Unrated,Unrated,Unrated,10.0,Small Cap
Tamilnad Mercantile Bank Ltd.,INE668A01016,543596,TMB,Financial,Corporate Banks,2026-09-01,5.0,10.0,7.0,6.0,10.0,Small Cap
Tamil Nadu Newsprint & Papers Ltd.,INE107A01015,531426,TNPL,Materials,Paper & Paper Products,2026-09-01,3.0,1.0,6.0,8.0,6.0,Small Cap
Tamilnadu Petroproducts Ltd.,INE148A01019,500777,TNPETRO,Materials,Commodity Chemicals - Diversified,2026-09-01,5.0,7.0,7.0,6.0,8.0,Small Cap
Tamilnadu Steel Tubes Ltd.,INE176E01012,513540,,Industrials,Steel Tubes & Pipes,2026-08-31,Unrated,Unrated,Unrated,Unrated,UNRATED,Small Cap
Tamilnadu Telecommunications Ltd.,INE141D01018,523419,TNTELE,Technology,Fiber Optic Cable Manufacturing,2026-09-01,Unrated,Unrated,Unrated,Unrated,5.0,Small Cap
Taneja Aerospace & Aviation Ltd.,INE692C01020,522229,TANEJAERO,Industrials,Commercial Aircraft Building,2026-09-01,4.0,9.0,7.0,5.0,6.0,Small Cap
Tanfac Industries Ltd.,INE639B01023,506854,TANFACIND,Materials,Speciality Chemicals - Diversified,2026-09-01,2.0,8.0,6.0,2.0,4.0,Small Cap
Tankup Engineers Ltd,INE0Z7N01017,,TANKUP,Materials,Metal Tanks & Fabrications,2026-09-01,4.0,4.0,8.0,6.0,UNRATED,Small Cap
Tanla Platforms Ltd.,INE483C01032,532790,TANLA,Technology,Satellite Service Operators,2026-09-01,5.0,9.0,6.0,7.0,8.0,Small Cap
Tanvi Foods (India) Ltd.,INE978V01015,540332,,Consumer Staples,Frozen Food,2026-08-27,Unrated,Unrated,Unrated,Unrated,UNRATED,Small Cap
Taparia Tools Ltd.,INE614R01014,505685,,Industrials,Machine Tools,2026-08-27,Unrated,Unrated,Unrated,Unrated,UNRATED,Small Cap
Tapi Fruit Processing Ltd.,INE0M7001010,,TAPIFRUIT,Consumer Staples,Fruit & Vegetable Processing,2026-09-01,Unrated,Unrated,Unrated,Unrated,UNRATED,Small Cap
Tara Chand Infralogistic Solutions Ltd.,INE555Z01020,,TARACHAND,Industrials,Heavy Machinery & Earthmovers,2026-09-01,2.0,5.0,6.0,5.0,2.0,Small Cap
Tarai Foods Ltd.,INE906C01016,519285,,Consumer Staples,Other Agriculture Products,2026-09-01,Unrated,Unrated,Unrated,Unrated,UNRATED,Small Cap
Tarapur Transformers Ltd.,INE747K01017,533203,TARAPUR,Industrials,Transformers & Transmission Equipment,2026-09-01,Unrated,Unrated,Unrated,Unrated,1.0,Small Cap
TARC Ltd.,INE0EK901012,543249,TARC,Real Estate,Real Estate Development,2026-09-01,1.0,1.0,3.0,2.0,2.0,Small Cap
Tarini International Ltd.,INE849M01017,538496,,Industrials,Business Services - Diversified,2026-09-01,Unrated,Unrated,Unrated,Unrated,2.0,Small Cap
Tarmat Ltd.,INE924H01018,532869,TARMAT,Industrials,Construction & Engineering - Diversified,2026-09-01,Unrated,Unrated,Unrated,Unrated,7.0,Small Cap
Tarsons Products Ltd.,INE144Z01023,543399,TARSONS,Healthcare,Diagnostic & Testing Supplies,2026-09-01,3.0,6.0,6.0,4.0,9.0,Small Cap
Tasty Bite Eatables Ltd.,INE488B01017,519091,TASTYBITE,Consumer Staples,Food Processing - Diversified,2026-09-01,3.0,5.0,7.0,4.0,9.0,Small Cap
Tasty Dairy Specialities Ltd.,INE773Y01014,540955,,Consumer Staples,Dairy Products,2026-09-01,Unrated,Unrated,Unrated,Unrated,1.0,Small Cap
Tata Capital Ltd.,INE976I01016,544574,TATACAP,Financial,Miscellaneous Financial Services,2026-09-01,Unrated,Unrated,Unrated,Unrated,9.0,Large Cap
Tata Chemicals Ltd.,INE092A01019,500770,TATACHEM,Materials,Commodity Chemicals - Diversified,2026-09-01,1.0,1.0,4.0,5.0,1.0,Small Cap
Tata Communications Ltd.,INE151A01013,500483,TATACOMM,Technology,Telecom Services - Diversified,2026-09-01,2.0,4.0,6.0,4.0,5.0,Mid Cap
Tata Consultancy Services Ltd.,INE467B01029,532540,TCS,Technology,Software & Services - Diversified,2026-09-01,4.0,10.0,6.0,7.0,1.0,Large Cap
Tata Consumer Products Ltd.,INE192A01025,500800,TATACONSUM,Consumer Staples,Tea & Coffee,2026-09-01,3.0,7.0,7.0,4.0,3.0,Large Cap
Tata Elxsi Ltd.,INE670A01012,500408,TATAELXSI,Technology,IT Services & Consulting,2026-09-01,3.0,9.0,6.0,6.0,1.0,Small Cap
Tata Investment Corporation Ltd.,INE672A01026,501301,TATAINVEST,Financial,NBFC - Diversified,2026-09-01,2.0,3.0,4.0,4.0,4.0,Small Cap
Tata Motors Ltd.,INE1TAE01010,544569,TMCV,Industrials,Commercial Vehicles,2026-09-01,Unrated,Unrated,Unrated,Unrated,7.0,Large Cap
Tata Motors Passenger Vehicles Ltd.,INE155A01022,500570,TMPV,Consumer Discretionary,Automobile Manufacturers,2026-09-01,1.0,2.0,4.0,4.0,2.0,Large Cap
Tata Power Company Ltd.,INE245A01021,500400,TATAPOWER,Energy & Utilities,Electricity Distribution,2026-09-01,2.0,4.0,6.0,5.0,4.0,Large Cap
Tata Steel Ltd.,INE081A01020,500470,TATASTEEL,Materials,Iron & Steel,2026-09-01,3.0,5.0,6.0,6.0,5.0,Large Cap
Tata Technologies Ltd,INE142M01025,544028,TATATECH,Technology,Software & Services - Diversified,2026-09-01,3.0,7.0,6.0,2.0,9.0,Small Cap
Tata Teleservices (Maharashtra) Ltd.,INE517B01013,532371,TTML,Technology,Wireless Telecom Services,2026-09-01,Unrated,Unrated,Unrated,Unrated,2.0,Small Cap
Tatva Chintan Pharma Chem Ltd.,INE0GK401011,543321,TATVA,Materials,Commodity Chemicals - Diversified,2026-09-01,3.0,5.0,5.0,4.0,9.0,Small Cap
Taurian MPS Ltd,INE0XWS01018,,TAURIAN,Industrials,Construction & Engineering - Diversified,2026-09-01,3.0,4.0,5.0,6.0,10.0,Small Cap
Tavernier Resources Ltd.,INE355H01015,531190,,Consumer Discretionary,Gems & Jewellery,2026-08-31,Unrated,Unrated,Unrated,Unrated,8.0,Small Cap
Taylormade Renewables Ltd.,INE459Z01017,541228,,Energy & Utilities,Water & Related Utilities,2026-09-01,Unrated,Unrated,Unrated,Unrated,1.0,Small Cap
TBI Corn Ltd,INE0N2D01013,,TBI,Consumer Staples,Other Agriculture Products,2026-09-01,Unrated,Unrated,Unrated,Unrated,4.0,Small Cap
TBO Tek Ltd,INE673O01025,544174,TBOTEK,Consumer Discretionary,Travel & Tourism,2026-09-01,3.0,5.0,6.0,3.0,7.0,Small Cap
TCFC Finance Ltd.,INE389D01013,532284,,Financial,Investment Holding Companies,2026-09-01,Unrated,Unrated,Unrated,Unrated,3.0,Small Cap
TCI Industries Ltd.,INE920B01019,532262,TRANSCORP,Real Estate,Real Estate Lease & Renting,2026-09-01,Unrated,Unrated,Unrated,Unrated,UNRATED,Small Cap
TCI Express Ltd.,INE586V01016,540212,TCIEXP,Industrials,Courier Services,2026-09-01,4.0,7.0,6.0,7.0,5.0,Small Cap
TCI Finance Ltd.,INE911B01018,501242,TCIFINANCE,Financial,NBFC - Diversified,2026-09-01,Unrated,Unrated,Unrated,Unrated,7.0,Small Cap
TCM Ltd.,INE034F01010,524156,,Diversified,Diversified Trading,2026-09-01,Unrated,Unrated,Unrated,Unrated,5.0,Small Cap
TCPL Packaging Ltd.,INE822C01015,523301,TCPLPACK,Materials,Paper Packaging,2026-09-01,3.0,3.0,7.0,4.0,9.0,Small Cap
TD Power Systems Ltd.,INE419M01035,533553,TDPOWERSYS,Industrials,Motors & Generators,2026-09-01,3.0,5.0,8.0,1.0,8.0,Small Cap
Team India Guaranty Ltd.,INE289C01025,511559,TEAMGTY,Financial,Merchant Banking,2026-09-01,Unrated,Unrated,Unrated,Unrated,4.0,Small Cap
TeamLease Services Ltd.,INE985S01024,539658,TEAMLEASE,Industrials,Staffing Services & HR,2026-09-01,3.0,5.0,7.0,7.0,2.0,Small Cap
Teamo Productions HQ Ltd.,INE065J01024,533048,TPHQ,Industrials,Construction & Engineering - Diversified,2026-09-01,Unrated,Unrated,Unrated,Unrated,5.0,Small Cap
Teamtech Formwork Solutions,INE2OL601013,,TEAMTECH,Industrials,Construction & Engineering - Diversified,2026-09-01,5.0,10.0,9.0,6.0,UNRATED,Small Cap
TechD Cybersecurity Ltd,INE0Y5H01014,,TECHD,Technology,Software & Services - Diversified,2026-09-01,5.0,10.0,6.0,7.0,6.0,Small Cap
Techera Engineering (India) Ltd,INE0JQS01019,,TECHERA,Industrials,Defence & Aerospace Parts,2026-09-01,Unrated,Unrated,Unrated,Unrated,4.0,Small Cap
Techknowgreen Solutions Ltd,INE0P4P01011,543991,,Industrials,Business Consultancy,2026-09-01,Unrated,Unrated,Unrated,Unrated,7.0,Small Cap
Tech Mahindra Ltd.,INE669C01036,532755,TECHM,Technology,IT Services & Consulting,2026-09-01,4.0,8.0,7.0,5.0,6.0,Large Cap
Technichem Organics Ltd,INE0ZHT01012,544327,,Materials,Speciality Chemicals - Diversified,2026-09-01,Unrated,Unrated,Unrated,Unrated,UNRATED,Small Cap
Technocraft Industries (India) Ltd.,INE545H01011,532804,TIIL,Industrials,Other Building Products,2026-09-01,3.0,4.0,7.0,5.0,9.0,Small Cap
Technocraft Ventures Ltd,INE1D0W01018,544864,TECHNOCRAF,Industrials,Construction & Engineering - Diversified,2026-09-01,4.0,6.0,9.0,6.0,UNRATED,
Technocrats Plasma Systems Ltd.,INE19QK01022,544877,,Industrials,Electronic Equipment,2026-09-01,3.0,2.0,7.0,6.0,UNRATED,
Techno Electric & Engineering Company Ltd.,INE285K01026,542141,TECHNOE,Industrials,Construction & Engineering - Diversified,2026-09-01,4.0,8.0,7.0,6.0,3.0,Small Cap
Technopack Polymers Ltd.,INE0MXP01015,543656,,Materials,Plastic Packaging,2026-08-31,Unrated,Unrated,Unrated,Unrated,UNRATED,Small Cap
TechNVision Ventures Ltd.,INE314H01012,501421,,Technology,Software,2026-09-01,1.0,3.0,7.0,1.0,4.0,Small Cap
Tecil Chemicals & Hydro Power Ltd.,INE014B01011,506680,TECILCHEM,Consumer Discretionary,Hotels & Resorts,2026-09-01,Unrated,Unrated,Unrated,Unrated,1.0,Small Cap
Teerth Gopicon Ltd,INE0K6601012,,TGL,Industrials,Road & Highway Construction,2026-09-01,Unrated,Unrated,Unrated,Unrated,1.0,Small Cap
Teesta Agro Industries Ltd.,INE757D01011,524204,,Materials,Fertilisers,2026-08-31,Unrated,Unrated,Unrated,Unrated,6.0,Small Cap
Tega Industries Ltd.,INE011K01018,543413,TEGA,Industrials,Industrial Machinery,2026-09-01,3.0,6.0,6.0,6.0,5.0,Small Cap
Teja Engineering Industries Ltd,INE0R1301019,,TEJA,Energy & Utilities,Oil & Gas Services,2026-09-01,3.0,6.0,3.0,5.0,UNRATED,Small Cap
Tejas Cargo India Ltd,INE17WC01013,,TEJASCARGO,Industrials,Road Logistics,2026-09-01,Unrated,Unrated,Unrated,Unrated,UNRATED,Small Cap
Tejas Networks Ltd.,INE010J01012,540595,TEJASNET,Technology,Network Equipment & Tools,2026-09-01,2.0,1.0,5.0,2.0,9.0,Small Cap
Tejassvi Aaharam Ltd.,INE173E01019,531628,,Consumer Discretionary,Fabric Dyeing & Finishing,2026-09-01,Unrated,Unrated,Unrated,Unrated,10.0,Small Cap
Tejnaksh Healthcare Ltd.,INE030T01027,539428,,Healthcare,Hospitals & Clinics,2026-09-01,Unrated,Unrated,Unrated,Unrated,4.0,Small Cap
TeleCanor Global Ltd.,INE381G01013,530595,,Technology,Financial Technology,2026-09-01,Unrated,Unrated,Unrated,Unrated,7.0,Small Cap
Telesys Info-Infra (India) Ltd.,INE042B01012,532315,,Technology,Online Services,2026-09-01,Unrated,Unrated,Unrated,Unrated,5.0,Small Cap
Telge Projects Ltd,INE0SRP01014,544544,,Industrials,Industrial Construction,2026-09-01,5.0,9.0,9.0,6.0,10.0,Small Cap
Tembo Global Industries Ltd.,INE869Y01010,,TEMBO,Materials,Aluminium Products,2026-09-01,2.0,1.0,6.0,6.0,3.0,Small Cap
Tempsens Instruments (India) Ltd,INE1KZI01025,544886,TEMPSENS,Industrials,Electronic Equipment,2026-09-01,4.0,9.0,6.0,5.0,UNRATED,
Tenneco Clean Air India Ltd,INE19RI01016,544612,TENNIND,Consumer Discretionary,Automotive Systems,2026-09-01,4.0,10.0,7.0,5.0,1.0,Small Cap
Terai Tea Company Ltd.,INE390D01011,530533,,Consumer Staples,Tea & Coffee,2026-09-01,Unrated,Unrated,Unrated,Unrated,8.0,Small Cap
Tera Software Ltd.,INE482B01010,533982,TERASOFT,Technology,IT Services & Consulting,2026-09-01,2.0,1.0,6.0,5.0,5.0,Small Cap
Texel Industries Ltd.,INE594V01028,526638,,Materials,Plastic Materials,2026-09-01,Unrated,Unrated,Unrated,Unrated,2.0,Small Cap
Texmaco Infrastructure & Holdings Ltd.,INE435C01024,505400,TEXINFRA,Real Estate,Real Estate Services,2026-09-01,3.0,4.0,5.0,3.0,9.0,Small Cap
Texmaco Rail & Engineering Ltd.,INE621L01012,533326,TEXRAIL,Industrials,Railway Locomotive & Rolling Stock,2026-09-01,2.0,1.0,7.0,4.0,4.0,Small Cap
Texmo Pipes And Products Ltd.,INE141K01013,533164,TEXMOPIPES,Industrials,Plastic Tubes & Pipes,2026-09-01,Unrated,Unrated,Unrated,Unrated,4.0,Small Cap
TGB Banquets And Hotels Ltd.,INE797H01018,532845,TGBHOTELS,Consumer Discretionary,Hotels & Resorts,2026-09-01,Unrated,Unrated,Unrated,Unrated,5.0,Small Cap
TGIF Agribusiness Ltd,INE0SMU01015,544175,,Consumer Staples,Agriculture & Farming Services,2026-09-01,Unrated,Unrated,Unrated,Unrated,7.0,Small Cap
TGV SRACC Ltd.,INE284B01028,507753,SREERAYALK,Materials,Diversified Chemicals,2026-09-01,4.0,5.0,7.0,7.0,8.0,Small Cap
Thaai Casting Ltd,INE0QJL01014,,TCL,Materials,Castings & Forgings,2026-09-01,Unrated,Unrated,Unrated,Unrated,9.0,Small Cap
Thacker & Company Ltd.,INE077P01034,509945,,Real Estate,Real Estate Lease & Renting,2026-09-01,Unrated,Unrated,Unrated,Unrated,UNRATED,Small Cap
Thakkers Developers Ltd.,INE403F01017,526654,,Real Estate,Real Estate Development,2026-09-01,Unrated,Unrated,Unrated,Unrated,UNRATED,Small Cap
Thakral Services (India) Ltd.,INE190F01028,509015,,Technology,Security & Surveillance,2026-09-01,Unrated,Unrated,Unrated,Unrated,7.0,Small Cap
Thangamayil Jewellery Ltd.,INE085J01014,533158,THANGAMAYL,Consumer Discretionary,Gems & Jewellery,2026-09-01,4.0,6.0,8.0,3.0,9.0,Small Cap
The Anup Engineering Ltd.,INE294Z01018,542460,ANUP,Industrials,Other Machinery,2026-09-01,2.0,1.0,4.0,4.0,5.0,Small Cap
The Federal Bank Ltd.,INE171A01029,500469,FEDERALBNK,Financial,Banks - Diversified,2026-09-01,5.0,7.0,8.0,5.0,10.0,Mid Cap
The Grob Tea Company Ltd.,INE646C01018,,GROBTEA,Consumer Staples,Tea & Coffee,2026-09-01,Unrated,Unrated,Unrated,Unrated,6.0,Small Cap
The Hi-Tech Gears Ltd.,INE127B01011,522073,HITECHGEAR,Consumer Discretionary,Auto Ancillaries,2026-09-01,2.0,4.0,6.0,6.0,2.0,Small Cap
The Byke Hospitality Ltd.,INE319B01014,531373,BYKE,Consumer Discretionary,Hotels & Resorts,2026-09-01,Unrated,Unrated,Unrated,Unrated,1.0,Small Cap
The India Cements Ltd.,INE383A01012,530005,INDIACEM,Materials,Cement,2026-09-01,1.0,1.0,5.0,3.0,4.0,Small Cap
The Indian Hotels Company Ltd.,INE053A01029,500850,INDHOTEL,Consumer Discretionary,Hotels & Resorts,2026-09-01,4.0,9.0,8.0,4.0,5.0,Mid Cap
Thejo Engineering Ltd.,INE121N01019,,THEJO,Industrials,Industrial Machinery,2026-09-01,3.0,5.0,6.0,4.0,9.0,Small Cap
The Karnataka Bank Ltd.,INE614B01018,532652,KTKBANK,Financial,Corporate Banks,2026-09-01,5.0,9.0,6.0,6.0,10.0,Small Cap
Themis Medicare Ltd.,INE083B01024,530199,THEMISMED,Healthcare,Pharmaceuticals - Diversified,2026-09-01,2.0,2.0,6.0,3.0,8.0,Small Cap
The United Nilgiri Tea Estates Company Ltd.,INE458F01011,,UNITEDTEA,Consumer Staples,Tea & Coffee,2026-09-01,Unrated,Unrated,Unrated,Unrated,3.0,Small Cap
The Phoenix Mills Ltd.,INE211B01039,503100,PHOENIXLTD,Real Estate,Real Estate Lease & Renting,2026-09-01,3.0,7.0,6.0,3.0,7.0,Mid Cap
The Phosphate Company Ltd.,INE398C01016,542123,,Materials,Fertilisers,2026-09-01,Unrated,Unrated,Unrated,Unrated,6.0,Small Cap
The Ramco Cements Ltd.,INE331A01037,500260,RAMCOCEM,Materials,Cement,2026-09-01,1.0,3.0,6.0,4.0,1.0,Small Cap
Thermax Ltd.,INE152A01029,500411,THERMAX,Industrials,Industrial Machinery,2026-09-01,3.0,4.0,5.0,3.0,8.0,Mid Cap
The Ruby Mills Ltd.,INE301D01026,503169,RUBYMILLS,Consumer Discretionary,Miscellaneous Textiles,2026-09-01,3.0,4.0,4.0,4.0,10.0,Small Cap
The Sandesh Ltd.,INE583B01015,526725,SANDESH,Industrials,Advertising & Marketing - Diversified,2026-09-01,4.0,7.0,5.0,7.0,6.0,Small Cap
The Ugar Sugar Works Ltd.,INE071E01023,530363,UGARSUGAR,Consumer Staples,Sugar,2026-09-01,3.0,2.0,8.0,5.0,9.0,Small Cap
The Yamuna Syndicate Ltd.,INE868X01014,540980,,Diversified,Diversified Trading,2026-09-01,3.0,5.0,7.0,5.0,5.0,Small Cap
The Western Indian Ploywoods Ltd.,INE215F01023,,WIPL,Materials,Wood & Wood Products,2026-09-01,Unrated,Unrated,Unrated,Unrated,8.0,Small Cap
The Indian Wood Products Company Ltd.,INE586E01020,540954,,Materials,Wood & Wood Products,2026-09-01,Unrated,Unrated,Unrated,Unrated,6.0,Small Cap
Thinking Hats Entertainment Solutions Ltd,INE0SHE01019,,THESL,Industrials,Event Management,2026-09-01,Unrated,Unrated,Unrated,Unrated,5.0,Small Cap
Thinkink Picturez Ltd.,INE365S01045,539310,,Consumer Discretionary,Movie & TV Production & Distribution,2026-09-01,Unrated,Unrated,Unrated,Unrated,5.0,Small Cap
Thirani Projects Ltd.,INE901C01017,538464,,Financial,NBFC - Diversified,2026-09-01,Unrated,Unrated,Unrated,Unrated,4.0,Small Cap
Thirumalai Chemicals Ltd.,INE338A01024,500412,TIRUMALCHM,Materials,Diversified Chemicals,2026-09-01,1.0,1.0,4.0,4.0,1.0,Small Cap
Thomas Cook (India) Ltd.,INE332A01027,500413,THOMASCOOK,Consumer Discretionary,Travel & Tourism,2026-09-01,3.0,3.0,6.0,7.0,4.0,Small Cap
Thomas Scott (India) Ltd.,INE480M01011,533941,THOMASCOTT,Consumer Discretionary,Miscellaneous Textiles,2026-09-01,2.0,1.0,6.0,5.0,5.0,Small Cap
Three M Paper Boards Ltd,INE0UK501010,544214,,Materials,Paper & Paper Products,2026-08-31,Unrated,Unrated,Unrated,Unrated,3.0,Small Cap
Thyrocare Technologies Ltd.,INE594H01019,539871,THYROCARE,Healthcare,Medical Diagnostics Services,2026-09-01,4.0,9.0,4.0,3.0,10.0,Small Cap
Tide Water Oil Company (India) Ltd.,INE484C01030,590005,VEEDOL,Energy & Utilities,Oil & Gas - Diversified,2026-09-01,5.0,8.0,8.0,7.0,7.0,Small Cap
Tierra Agrotech Ltd.,INE05CY01014,543531,,Consumer Staples,Other Agriculture Products,2026-09-01,Unrated,Unrated,Unrated,Unrated,6.0,Small Cap
Tiger Logistics (India) Ltd.,INE906O01029,536264,TIGERLOGS,Industrials,Multimodal Logistics,2026-09-01,3.0,1.0,5.0,8.0,3.0,Small Cap
T&I Global Ltd.,INE811B01010,522294,,Industrials,Other Machinery,2026-08-31,Unrated,Unrated,Unrated,Unrated,5.0,Small Cap
Tijaria Polypipes Ltd.,INE440L01017,533629,TIJARIA,Industrials,Steel Tubes & Pipes,2026-09-01,Unrated,Unrated,Unrated,Unrated,6.0,Small Cap
TIL Ltd.,INE806C01018,505196,TIL,Industrials,Heavy Machinery & Earthmovers,2026-09-01,1.0,1.0,6.0,1.0,6.0,Small Cap
Tilaknagar Industries Ltd.,INE133E01013,507205,TI,Consumer Staples,Distilleries,2026-09-01,3.0,2.0,7.0,4.0,9.0,Small Cap
Tilak Ventures Ltd.,INE026L01022,503663,,Financial,Investment Holding Companies,2026-09-01,Unrated,Unrated,Unrated,Unrated,7.0,Small Cap
Timescan Logistics (India) Ltd.,INE0IJY01014,,TIMESCAN,Industrials,Marine Logistics,2026-09-01,Unrated,Unrated,Unrated,Unrated,UNRATED,Small Cap
Times Green Energy (India) Ltd.,INE0B6101012,543310,,Consumer Staples,Food Wholesale & Distributors,2026-09-01,Unrated,Unrated,Unrated,Unrated,10.0,Small Cap
Time Technoplast Ltd.,INE508G01029,532856,TIMETECHNO,Materials,Other Packaging Materials,2026-09-01,3.0,3.0,6.0,6.0,6.0,Small Cap
Timex Group India Ltd.,INE064A01026,500414,TIMEXWATCH,Consumer Discretionary,Watches,2026-09-01,4.0,6.0,9.0,3.0,10.0,Small Cap
Timken India Ltd.,INE325A01013,522113,TIMKEN,Industrials,Ball Bearings,2026-09-01,3.0,8.0,7.0,4.0,5.0,Small Cap
Tinna Rubber And Infrastructure Ltd.,INE015C01016,530475,TINNARUBR,Industrials,Waste Management,2026-09-01,4.0,7.0,8.0,5.0,9.0,Small Cap
Tinna Trade Ltd.,INE401Z01019,541741,,Consumer Staples,Food Wholesale & Distributors,2026-09-01,1.0,1.0,3.0,1.0,8.0,Small Cap
TIPCO Engineering India Ltd,INE1U6D01014,544740,,Industrials,Chemical Machinery,2026-09-01,5.0,10.0,10.0,7.0,UNRATED,Small Cap
Tips Industries Ltd.,INE716B01029,532375,TIPSMUSIC,Consumer Discretionary,Music Production & Distribution,2026-09-01,5.0,10.0,6.0,5.0,8.0,Small Cap
Tips Films Ltd.,INE0LQS01015,543614,TIPSFILMS,Consumer Discretionary,Movie & TV Production & Distribution,2026-09-01,Unrated,Unrated,Unrated,Unrated,4.0,Small Cap
Tirth Plastic Ltd.,INE008N01018,526675,,Materials,Chemical Trading,2026-09-01,Unrated,Unrated,Unrated,Unrated,8.0,Small Cap
Tirupati Foam Ltd.,INE115G01015,540904,,Consumer Discretionary,Home Furnitures,2026-09-01,Unrated,Unrated,Unrated,Unrated,UNRATED,Small Cap
Tirupati Forge Ltd.,INE319Y01024,,TIRUPATIFL,Materials,Stainless Steel,2026-09-01,3.0,5.0,6.0,3.0,10.0,Small Cap
Tirupati Sarjan Ltd.,INE297J01023,531814,,Real Estate,Real Estate Development,2026-09-01,Unrated,Unrated,Unrated,Unrated,3.0,Small Cap
Tirupati Starch & Chemicals Ltd.,INE314D01011,524582,,Consumer Staples,Starch and Food Extracts,2026-09-01,Unrated,Unrated,Unrated,Unrated,4.0,Small Cap
Tirupati Tyres Ltd.,INE812Q01016,539040,,Consumer Discretionary,Tyres & Tubes,2026-09-01,Unrated,Unrated,Unrated,Unrated,3.0,Small Cap
Titaanium Ten Enterprise Ltd.,INE120V01014,539985,,Consumer Discretionary,Yarn,2026-09-01,Unrated,Unrated,Unrated,Unrated,1.0,Small Cap
Titagarh Rail Systems Ltd.,INE615H01020,532966,TITAGARH,Industrials,Railway Locomotive & Rolling Stock,2026-09-01,3.0,3.0,5.0,5.0,8.0,Small Cap
Titan Company Ltd.,INE280A01028,500114,TITAN,Consumer Discretionary,Gems & Jewellery,2026-09-01,4.0,8.0,8.0,3.0,9.0,Large Cap
Titan Bio-Tech Ltd.,INE150C01029,524717,,Materials,Commodity Chemicals - Diversified,2026-09-01,3.0,8.0,6.0,3.0,5.0,Small Cap
Titan Intech Ltd.,INE807M01031,521005,,Industrials,Electronic Equipment,2026-09-01,Unrated,Unrated,Unrated,Unrated,6.0,Small Cap
Titan Securities Ltd.,INE090D01017,530045,,Financial,Miscellaneous Financial Services,2026-09-01,Unrated,Unrated,Unrated,Unrated,8.0,Small Cap
Tokyo Finance Ltd.,INE546D01018,531644,,Financial,NBFC - Diversified,2026-09-01,Unrated,Unrated,Unrated,Unrated,4.0,Small Cap
Tokyo Plast International Ltd.,INE932C01012,500418,TOKYOPLAST,Materials,Plastic Packaging,2026-09-01,Unrated,Unrated,Unrated,Unrated,2.0,Small Cap
Tolins Tyres Ltd,INE0RWQ01014,544254,TOLINS,Consumer Discretionary,Tyres & Tubes,2026-09-01,2.0,1.0,4.0,7.0,2.0,Small Cap
Tomorrow technologies Global Innovations Ltd.,INE135H01029,512018,,Financial,Miscellaneous Financial Services,2026-09-01,Unrated,Unrated,Unrated,Unrated,4.0,Small Cap
Torrent Pharmaceuticals Ltd.,INE685A01028,500420,TORNTPHARM,Healthcare,Branded Medicines,2026-09-01,3.0,6.0,6.0,2.0,9.0,Large Cap
Torrent Power Ltd.,INE813H01021,532779,TORNTPOWER,Energy & Utilities,Electricity Distribution,2026-09-01,3.0,7.0,6.0,5.0,2.0,Mid Cap
Toss The Coin Ltd,INE0XAY01012,544303,,Industrials,Advertising & Marketing - Diversified,2026-09-01,Unrated,Unrated,Unrated,Unrated,UNRATED,Small Cap
Total Transport Systems Ltd.,INE336X01012,,TOTAL,Industrials,Transportation - Diversified,2026-09-01,Unrated,Unrated,Unrated,Unrated,7.0,Small Cap
Touchwood Entertainment Ltd.,INE486Y01013,,TOUCHWOOD,Industrials,Event Management,2026-09-01,Unrated,Unrated,Unrated,Unrated,1.0,Small Cap
Tourism Finance Corporation Of India Ltd.,INE305A01023,526650,TFCILTD,Financial,NBFC - Diversified,2026-09-01,3.0,8.0,3.0,1.0,10.0,Small Cap
Toyam Sports Ltd.,INE457P01020,538607,,Financial,Brokerage Services,2026-09-01,Unrated,Unrated,Unrated,Unrated,1.0,Small Cap
TPI India Ltd.,INE578C01021,500421,TPINDIA,Materials,Plastic Packaging,2026-09-01,Unrated,Unrated,Unrated,Unrated,7.0,Small Cap
TPL Plastech Ltd.,INE413G01022,526582,TPLPLASTEH,Materials,Plastic Materials,2026-09-01,3.0,4.0,4.0,5.0,7.0,Small Cap
Tracxn Technologies Ltd.,INE0HMF01019,543638,TRACXN,Industrials,Other Business Services,2026-09-01,2.0,6.0,7.0,3.0,2.0,Small Cap
Tradewell Holdings Ltd.,INE819G01012,531203,,Financial,Financial Services - Diversified,2026-08-26,Unrated,Unrated,Unrated,Unrated,UNRATED,Small Cap
Trade-Wings Ltd.,INE961E01017,509953,,Consumer Discretionary,Travel & Tourism,2026-09-01,Unrated,Unrated,Unrated,Unrated,UNRATED,Small Cap
Transchem Ltd.,INE019B01010,500422,TRANSCHEM,Healthcare,Pharmaceuticals - Diversified,2026-09-01,2.0,1.0,6.0,2.0,10.0,Small Cap
Transcorp International Ltd.,INE330E01023,532410,,Financial,Brokerage Services,2026-09-01,Unrated,Unrated,Unrated,Unrated,6.0,Small Cap
Transformers & Rectifiers (India) Ltd.,INE763I01026,532928,TARIL,Industrials,Transformers & Transmission Equipment,2026-09-01,2.0,3.0,5.0,4.0,5.0,Small Cap
Trans Freight Containers Ltd.,INE360D01014,513063,TRANSFREIT,Materials,Metal Packaging,2026-09-01,Unrated,Unrated,Unrated,Unrated,4.0,Small Cap
Transgene Biotek Ltd.,INE773D01018,526139,,Healthcare,Diagnostic & Testing Supplies,2026-09-01,Unrated,Unrated,Unrated,Unrated,6.0,Small Cap
Transglobe Foods Ltd.,INE213P01027,519367,,Consumer Staples,Food Processing - Diversified,2026-09-01,Unrated,Unrated,Unrated,Unrated,UNRATED,Small Cap
Trans India House Impex Ltd,INE502D01011,523752,,Diversified,Diversified Trading,2026-09-01,Unrated,Unrated,Unrated,Unrated,1.0,Small Cap
Transindia Real Estate Ltd.,INE0O3901029,543955,TREL,Industrials,Warehousing,2026-09-01,3.0,6.0,3.0,3.0,7.0,Small Cap
Transpek Industry Ltd.,INE687A01016,506687,TRANSPEK,Materials,Diversified Chemicals,2026-09-01,4.0,5.0,5.0,7.0,7.0,Small Cap
Transport Corporation Of India Ltd.,INE688A01022,532349,TCI,Industrials,Multimodal Logistics,2026-09-01,4.0,8.0,6.0,7.0,2.0,Small Cap
Transrail Lighting Ltd,INE454P01035,544317,TRANSRAILL,Energy & Utilities,Electricity Distribution,2026-09-01,3.0,5.0,6.0,7.0,1.0,Small Cap
Transteel Seating Technologies Ltd,INE0NVI01020,,TRANSTEEL,Industrials,Stationery & Office Supplies,2026-09-01,Unrated,Unrated,Unrated,Unrated,1.0,Small Cap
Transvoy Logistics India Ltd.,INE0MPU01011,543754,,Industrials,Multimodal Logistics,2026-08-31,Unrated,Unrated,Unrated,Unrated,UNRATED,Small Cap
Transwarranty Finance Ltd.,INE804H01012,532812,TFL,Financial,Financial Services - Diversified,2026-09-01,Unrated,Unrated,Unrated,Unrated,4.0,Small Cap
Transwind Infrastructures Ltd.,INE792X01016,,TRANSWIND,Industrials,Construction & Engineering - Diversified,2026-09-01,Unrated,Unrated,Unrated,Unrated,UNRATED,Small Cap
Travel Food Services Ltd,INE103V01028,544443,TRAVELFOOD,Consumer Discretionary,Restaurants & Bars,2026-09-01,4.0,9.0,7.0,5.0,6.0,Small Cap
Travels & Rentals Ltd,INE0SG001011,544242,,Consumer Discretionary,Travel & Tourism,2026-09-01,Unrated,Unrated,Unrated,Unrated,1.0,Small Cap
Tree House Education & Accessories Ltd.,INE040M01013,533540,TREEHOUSE,Consumer Staples,Education Services,2026-09-01,Unrated,Unrated,Unrated,Unrated,2.0,Small Cap
Trejhara Solutions Ltd.,INE00CA01015,542233,TREJHARA,Technology,IT Services & Consulting,2026-09-01,1.0,2.0,6.0,3.0,3.0,Small Cap
Trent Ltd.,INE849A01020,500251,TRENT,Consumer Discretionary,Apparels & Footwear - Diversified,2026-09-01,3.0,9.0,8.0,4.0,1.0,Large Cap
Trescon Ltd.,INE088D01011,532159,,Real Estate,Real Estate Development,2026-09-01,Unrated,Unrated,Unrated,Unrated,5.0,Small Cap
TRF Ltd.,INE391D01019,505854,TRF,Industrials,Industrial Machinery,2026-09-01,Unrated,Unrated,Unrated,Unrated,3.0,Small Cap
Tribhovandas Bhimji Zaveri Ltd.,INE760L01018,534369,TBZ,Consumer Discretionary,Gems & Jewellery,2026-09-01,4.0,3.0,7.0,6.0,10.0,Small Cap
Trident Ltd.,INE064C01022,521064,TRIDENT,Consumer Discretionary,Integrated Textiles,2026-09-01,3.0,6.0,6.0,6.0,4.0,Small Cap
Trident Lifeline Ltd.,INE0MKA01014,543616,,Healthcare,Branded Medicines,2026-09-01,Unrated,Unrated,Unrated,Unrated,6.0,Small Cap
Trident Techlabs Ltd,INE0QD201012,,TECHLABS,Diversified,Diversified Services,2026-09-01,Unrated,Unrated,Unrated,Unrated,1.0,Small Cap
Trident Texofab Ltd.,INE071Y01013,540726,,Consumer Discretionary,Miscellaneous Textiles,2026-09-01,Unrated,Unrated,Unrated,Unrated,1.0,Small Cap
Tridhya Tech Ltd,INE0LWY01029,,TRIDHYA,Technology,Software,2026-09-01,Unrated,Unrated,Unrated,Unrated,UNRATED,Small Cap
Trigyn Technologies Ltd.,INE948A01012,517562,TRIGYN,Technology,Software & Services - Diversified,2026-09-01,Unrated,Unrated,Unrated,Unrated,5.0,Small Cap
Trinity League India Ltd.,INE884X01011,531846,,Financial,Investment Management - Diversified,2026-09-01,Unrated,Unrated,Unrated,Unrated,UNRATED,Small Cap
Trio Mercantile & Trading Ltd.,INE234G01022,534755,,Financial,Financial Services - Diversified,2026-09-01,Unrated,Unrated,Unrated,Unrated,10.0,Small Cap
Trishakti Electronics & Industries Ltd.,INE238C01022,531279,,Technology,Security & Surveillance,2026-09-01,4.0,5.0,8.0,4.0,10.0,Small Cap
Triton Corp Ltd.,INE982C01033,523387,TRITON,Technology,IT Services & Consulting,2026-09-01,Unrated,Unrated,Unrated,Unrated,1.0,Small Cap
Triton Valves Ltd.,INE440G01017,505978,,Consumer Discretionary,Auto Ancillaries,2026-09-01,1.0,1.0,4.0,2.0,3.0,Small Cap
Triumph International Finance India Ltd.,INE382B01012,532131,,Financial,Investment Services,2026-09-01,Unrated,Unrated,Unrated,Unrated,5.0,Small Cap
Triveni Engineering & Industries Ltd.,INE256C01024,532356,TRIVENI,Consumer Staples,Sugar,2026-09-01,2.0,3.0,6.0,5.0,3.0,Small Cap
Triveni Enterprises Ltd.,INE916P01025,538569,,Consumer Discretionary,Textiles & Leather Trading,2026-09-01,Unrated,Unrated,Unrated,Unrated,4.0,Small Cap
Triveni Glass Ltd.,INE094C01011,502281,TRIVENSHET,Industrials,Construction & Engineering - Diversified,2026-09-01,Unrated,Unrated,Unrated,Unrated,3.0,Small Cap
Triveni Turbine Ltd.,INE152M01016,533655,TRITURBINE,Industrials,Turbine Manufacturing,2026-09-01,4.0,10.0,5.0,4.0,7.0,Small Cap
Trivikrama Industries Ltd.,INE641Q01019,538579,,Consumer Discretionary,Media & Entertainment Conglomerate,2026-08-28,Unrated,Unrated,Unrated,Unrated,UNRATED,Small Cap
Trom Industries Ltd,INE0SYV01018,,TROM,Energy & Utilities,Solar Electric Utilities,2026-09-01,Unrated,Unrated,Unrated,Unrated,UNRATED,Small Cap
TruAlt Bioenergy Ltd,INE0MWH01014,544545,TRUALT,Energy & Utilities,Renewable Energy Equipment & Services,2026-09-01,3.0,1.0,5.0,7.0,5.0,Small Cap
TruCap Finance Ltd.,INE615R01029,540268,TRU,Financial,NBFC - Diversified,2026-09-01,Unrated,Unrated,Unrated,Unrated,1.0,Small Cap
True Colors Ltd,INE1LDV01015,544531,,Industrials,Textile Machinery,2026-09-01,5.0,7.0,7.0,6.0,1.0,Small Cap
True Green Bio Energy Ltd.,INE672K01025,533407,CNOVAPETRO,Consumer Discretionary,Yarn,2026-09-01,2.0,2.0,5.0,1.0,10.0,Small Cap
Trustedge Capital Ltd.,INE398H01015,532056,,Financial,Investment Holding Companies,2026-09-01,Unrated,Unrated,Unrated,Unrated,6.0,Small Cap
Trust Fintech Ltd,INE0SWN01019,,TRUST,Technology,Financial Technology,2026-09-01,Unrated,Unrated,Unrated,Unrated,2.0,Small Cap
TSC India Ltd,INE16VK01010,,TSC,Consumer Discretionary,Travel & Tourism,2026-09-01,4.0,4.0,6.0,7.0,UNRATED,Small Cap
TSF Investments Ltd.,INE202Z01029,,TSFINV,Financial,NBFC - Diversified,2026-09-01,3.0,3.0,6.0,5.0,5.0,Small Cap
T.T. Ltd.,INE592B01024,514142,TTL,Consumer Discretionary,Synthetic Fabrics,2026-09-01,Unrated,Unrated,Unrated,Unrated,1.0,Small Cap
TTI Enterprise Ltd.,INE404F01031,538597,,Financial,NBFC - Diversified,2026-09-01,Unrated,Unrated,Unrated,Unrated,3.0,Small Cap
TTK Healthcare Ltd.,INE910C01018,507747,TTKHLTCARE,Healthcare,Pharmaceuticals - Diversified,2026-09-01,3.0,2.0,5.0,6.0,8.0,Small Cap
TTK Prestige Ltd.,INE690A01028,517506,TTKPRESTIG,Consumer Discretionary,Kitchenware & Appliances,2026-09-01,4.0,8.0,7.0,5.0,7.0,Small Cap
Tube Investments of India Ltd.,INE974X01010,540762,TIINDIA,Consumer Discretionary,Auto Ancillaries,2026-09-01,3.0,6.0,7.0,5.0,6.0,Mid Cap
Tulasee Bio-Ethanol Ltd.,INE276N01011,524514,,Materials,Commodity Chemicals - Diversified,2026-09-01,Unrated,Unrated,Unrated,Unrated,UNRATED,Small Cap
Tulsyan NEC Ltd.,INE463D01016,513629,TULSYAN,Materials,Aluminium Products,2026-09-01,Unrated,Unrated,Unrated,Unrated,6.0,Small Cap
Tuni Textile Mills Ltd.,INE560D01027,531411,,Consumer Discretionary,Synthetic Fabrics,2026-09-01,Unrated,Unrated,Unrated,Unrated,5.0,Small Cap
Tunwal E-Motors Ltd,INE0OXV01027,,TUNWAL,Consumer Discretionary,Motorcycles & Scooters,2026-09-01,Unrated,Unrated,Unrated,Unrated,5.0,Small Cap
Turtlemint Fintech Solutions Ltd,INE0OC301013,,TURTLEMINT,Technology,Financial Technology,2026-09-01,1.0,1.0,7.0,3.0,UNRATED,Small Cap
Tuticorin Alkali Chemicals and Fertilizers Ltd.,INE400A01014,506808,TUTICORALK,Materials,Commodity Chemicals - Diversified,2026-09-01,1.0,1.0,5.0,1.0,5.0,Small Cap
TVS Electronics Ltd.,INE236G01019,532513,TVSELECT,Technology,Computer Hardware,2026-09-01,1.0,1.0,5.0,2.0,8.0,Small Cap
TVS Holdings Ltd.,INE105A01035,520056,TVSHLTD,Consumer Discretionary,Auto Ancillaries,2026-09-01,2.0,2.0,7.0,5.0,4.0,Small Cap
TVS Motor Company Ltd.,INE494B01023,532343,TVSMOTOR,Consumer Discretionary,Motorcycles & Scooters,2026-09-01,3.0,4.0,7.0,3.0,8.0,Large Cap
TVS Srichakra Ltd.,INE421C01016,509243,TVSSRICHAK,Consumer Discretionary,Tyres & Tubes,2026-09-01,2.0,1.0,6.0,3.0,9.0,Small Cap
TVS Supply Chain Solutions Ltd,INE395N01027,543965,TVSSCS,Industrials,Multimodal Logistics,2026-09-01,2.0,1.0,6.0,4.0,7.0,Small Cap
TV Today Network Ltd.,INE038F01029,532515,TVTODAY,Consumer Discretionary,Television Broadcasting,2026-09-01,2.0,3.0,4.0,6.0,3.0,Small Cap
TV Vision Ltd.,INE871L01013,540083,TVVISION,Consumer Discretionary,Television Broadcasting,2026-09-01,Unrated,Unrated,Unrated,Unrated,1.0,Small Cap
Twamev Construction and Infrastructure Ltd.,INE388G01026,532738,TICL,Industrials,Construction & Engineering - Diversified,2026-09-01,2.0,1.0,4.0,5.0,1.0,Small Cap
Tyche Industries Ltd.,INE443B01012,532384,,Healthcare,API / Generic Pharmaceuticals,2026-09-01,Unrated,Unrated,Unrated,Unrated,4.0,Small Cap
Typhoon Financial Services Ltd.,INE761R01013,539468,,Financial,Miscellaneous Financial Services,2026-09-01,Unrated,Unrated,Unrated,Unrated,UNRATED,Small Cap
Tyroon Tea Company Ltd.,INE945B01016,526945,,Consumer Staples,Tea & Coffee,2026-09-01,Unrated,Unrated,Unrated,Unrated,5.0,Small Cap
Ucal Fuel Systems Ltd.,INE139B01016,500464,UCAL,Consumer Discretionary,Auto Ancillaries,2026-09-01,Unrated,Unrated,Unrated,Unrated,8.0,Small Cap
UCO Bank,INE691A01018,532505,UCOBANK,Financial,Corporate Banks,2026-09-01,3.0,2.0,7.0,7.0,2.0,Mid Cap
Uday Jewellery Industries Ltd.,INE551B01012,539518,,Consumer Discretionary,Gems & Jewellery,2026-09-01,3.0,1.0,5.0,7.0,7.0,Small Cap
Udayshivakumar Infra Ltd.,INE0N0Y01013,543861,USK,Industrials,Construction & Engineering - Diversified,2026-09-01,Unrated,Unrated,Unrated,Unrated,3.0,Small Cap
Uflex Ltd.,INE516A01017,500148,UFLEX,Materials,Plastic Packaging,2026-09-01,3.0,1.0,6.0,5.0,8.0,Small Cap
UFO Moviez India Ltd.,INE527H01019,539141,UFO,Consumer Discretionary,Movie & TV Production & Distribution,2026-09-01,Unrated,Unrated,Unrated,Unrated,4.0,Small Cap
Ugro Capital Ltd.,INE583D01011,511742,UGROCAP,Financial,NBFC - Diversified,2026-09-01,3.0,3.0,6.0,8.0,1.0,Small Cap
UHM Vacation Ltd.,INE0YZ901011,544779,,Consumer Discretionary,Travel & Tourism,2026-09-01,Unrated,Unrated,Unrated,Unrated,UNRATED,Small Cap
UH Zaveri Ltd.,INE556Z01010,541338,,Consumer Discretionary,Gems & Jewellery,2026-09-01,Unrated,Unrated,Unrated,Unrated,2.0,Small Cap
Ujaas Energy Ltd.,INE899L01030,533644,UEL,Energy & Utilities,Renewable Electricity Generation,2026-09-01,2.0,2.0,7.0,2.0,8.0,Small Cap
Ujjivan Small Finance Bank Ltd.,INE551W01018,542904,UJJIVANSFB,Financial,Small Finance Banks,2026-09-01,5.0,8.0,8.0,6.0,9.0,Small Cap
Ultracab (India) Ltd.,INE010R01023,538706,,Industrials,Wires & Cables,2026-09-01,Unrated,Unrated,Unrated,Unrated,2.0,Small Cap
Ultramarine & Pigments Ltd.,INE405A01021,506685,ULTRMARINE,Materials,Coloring Agents,2026-09-01,4.0,8.0,7.0,6.0,4.0,Small Cap
Ultratech Cement Ltd.,INE481G01011,532538,ULTRACEMCO,Materials,Cement,2026-09-01,3.0,6.0,7.0,5.0,2.0,Large Cap
Ultra Wiring Connectivity Systems Ltd.,INE00F301010,,UWCSL,Industrials,Electronic Components,2026-09-01,Unrated,Unrated,Unrated,Unrated,UNRATED,Small Cap
Uma Converter Ltd.,INE067901012,,UMA,Materials,Containers & Packaging - Diversified,2026-09-01,Unrated,Unrated,Unrated,Unrated,UNRATED,Small Cap
Uma Exports Ltd.,INE0GIU01018,543513,UMAEXPORTS,Consumer Staples,Food Processing - Diversified,2026-09-01,Unrated,Unrated,Unrated,Unrated,1.0,Small Cap
Umiya Buildcon Ltd.,INE398B01018,532376,MRO-TEK,Technology,Network Equipment & Tools,2026-09-01,Unrated,Unrated,Unrated,Unrated,7.0,Small Cap
Umiya Mobile Ltd,INE1P1A01018,544464,,Consumer Discretionary,Computer & Electronics Retail,2026-09-01,3.0,2.0,7.0,5.0,5.0,Small Cap
Umiya Tubes Ltd.,INE173U01015,539798,,Industrials,Steel Tubes & Pipes,2026-09-01,Unrated,Unrated,Unrated,Unrated,3.0,Small Cap
Uni Abex Alloy Products Ltd.,INE361D01012,504605,,Materials,Ferro Alloys,2026-09-01,5.0,8.0,6.0,8.0,10.0,Small Cap
Unichem Laboratories Ltd.,INE351A01035,506690,UNICHEMLAB,Healthcare,API / Generic Pharmaceuticals,2026-09-01,2.0,1.0,7.0,2.0,9.0,Small Cap
Unick Fix-A-Form And Printers Ltd.,INE250G01010,541503,,Materials,Paper Packaging,2026-08-31,Unrated,Unrated,Unrated,Unrated,UNRATED,Small Cap
Unicommerce ESolutions Ltd,INE00U401027,544227,UNIECOM,Technology,IT Services & Consulting,2026-09-01,2.0,8.0,3.0,4.0,2.0,Small Cap
Unified Data- Tech Solutions Ltd,INE1ABX01018,544406,,Technology,IT Services & Consulting,2026-09-01,5.0,10.0,8.0,6.0,7.0,Small Cap
Unifinz Capital India Ltd.,INE926R01012,541358,,Financial,NBFC - Diversified,2026-09-01,4.0,7.0,4.0,8.0,5.0,Small Cap
Unihealth Hospitals Ltd,INE0PRF01011,,UNIHEALTH,Healthcare,Hospitals & Clinics,2026-09-01,Unrated,Unrated,Unrated,Unrated,10.0,Small Cap
Uniinfo Telecom Services Ltd.,INE481Z01011,,UNIINFO,Technology,Telecom Services - Diversified,2026-09-01,Unrated,Unrated,Unrated,Unrated,2.0,Small Cap
Unilex Colours And Chemicals Ltd,INE0B2801011,,UNILEX,Materials,Coloring Agents,2026-09-01,Unrated,Unrated,Unrated,Unrated,UNRATED,Small Cap
Unimech Aerospace And Manufacturing Ltd,INE0U3I01011,544322,UNIMECH,Industrials,Defence & Aerospace Parts,2026-09-01,5.0,8.0,8.0,4.0,10.0,Small Cap
Unimode Overseas Ltd.,INE348N01042,512595,,Consumer Discretionary,Leather Products,2026-09-01,3.0,9.0,5.0,3.0,3.0,Small Cap
Union Bank Of India,INE692A01016,532477,UNIONBANK,Financial,Banks - Diversified,2026-09-01,4.0,6.0,7.0,7.0,7.0,Large Cap
Union Quality Plastics Ltd.,INE338N01019,526799,,Materials,Plastic Materials,2026-08-24,Unrated,Unrated,Unrated,Unrated,UNRATED,Small Cap
Uniparts India Ltd.,INE244O01017,543689,UNIPARTS,Industrials,Other Machinery,2026-09-01,4.0,7.0,6.0,5.0,10.0,Small Cap
Uniphos Enterprises Ltd.,INE037A01022,500429,UNIENTER,Materials,Chemical Trading,2026-09-01,2.0,2.0,5.0,6.0,2.0,Small Cap
Unipro Technologies Ltd.,INE448F01012,540189,,Technology,Software,2026-08-10,Unrated,Unrated,Unrated,Unrated,UNRATED,Small Cap
Unique Organics Ltd.,INE333E01019,530997,,Consumer Staples,Food Processing - Diversified,2026-09-01,Unrated,Unrated,Unrated,Unrated,5.0,Small Cap
Uniroyal Industries Ltd.,INE980D01019,521226,,Consumer Discretionary,Miscellaneous Textiles,2026-09-01,Unrated,Unrated,Unrated,Unrated,8.0,Small Cap
Uniroyal Marine Exports Ltd.,INE602H01010,526113,,Consumer Staples,Marine Foods,2026-09-01,Unrated,Unrated,Unrated,Unrated,8.0,Small Cap
Unisem Agritech Ltd,INE1FHV01026,544648,,Consumer Staples,Other Agriculture Products,2026-09-01,5.0,7.0,8.0,8.0,UNRATED,Small Cap
Unison Metals Ltd.,INE099D01018,538610,,Materials,Iron & Steel,2026-09-01,Unrated,Unrated,Unrated,Unrated,1.0,Small Cap
Unitech Ltd.,INE694A01020,507878,UNITECH,Real Estate,Real Estate Development,2026-09-01,Unrated,Unrated,Unrated,Unrated,2.0,Small Cap
United Breweries Ltd.,INE686F01025,532478,UBL,Consumer Staples,Brewers,2026-09-01,1.0,1.0,7.0,4.0,1.0,Mid Cap
United Cotfab Ltd,INE0S0I01011,544195,,Consumer Discretionary,Yarn,2026-09-01,Unrated,Unrated,Unrated,Unrated,2.0,Small Cap
United Credit Ltd.,INE858C01027,531091,,Financial,NBFC - Diversified,2026-09-01,Unrated,Unrated,Unrated,Unrated,4.0,Small Cap
United Drilling Tools Ltd.,INE961D01019,522014,UNIDT,Energy & Utilities,Oil & Gas Equipment,2026-09-01,3.0,1.0,7.0,6.0,8.0,Small Cap
United Foodbrands Ltd.,INE382M01027,543283,UFBL,Consumer Discretionary,Cruise Lines,2026-09-01,2.0,1.0,7.0,2.0,10.0,Small Cap
United Heat Transfer Ltd,INE0SMR01011,,UHTL,Industrials,Heating & Cooling Systems,2026-09-01,Unrated,Unrated,Unrated,Unrated,10.0,Small Cap
United Interactive Ltd.,INE706D01018,502893,,Technology,IT Services & Consulting,2026-09-01,Unrated,Unrated,Unrated,Unrated,UNRATED,Small Cap
United Leasing & Industries Ltd.,INE357P01014,507808,,Financial,Commercial Financing,2026-08-24,Unrated,Unrated,Unrated,Unrated,UNRATED,Small Cap
United Polyfab Gujarat Ltd.,INE368U01011,544756,UNITEDPOLY,Consumer Discretionary,Integrated Textiles,2026-09-01,2.0,1.0,6.0,2.0,9.0,Small Cap
United Spirits Ltd.,INE854D01024,532432,UNITDSPR,Consumer Staples,Distilleries,2026-09-01,3.0,8.0,6.0,4.0,7.0,Mid Cap
United Textiles Ltd.,INE727E01012,521188,,Consumer Discretionary,Yarn,2026-08-31,Unrated,Unrated,Unrated,Unrated,UNRATED,Small Cap
United Van Der Horst Ltd.,INE890G01047,522091,,Industrials,Industrial Machinery,2026-09-01,Unrated,Unrated,Unrated,Unrated,5.0,Small Cap
Univa Foods Ltd.,INE275F01019,526683,UNIVAFOODS,Consumer Discretionary,Hotels & Resorts,2026-08-31,Unrated,Unrated,Unrated,Unrated,UNRATED,Small Cap
Univastu India Ltd.,INE562X01013,,UNIVASTU,Industrials,Construction & Engineering - Diversified,2026-09-01,4.0,7.0,5.0,3.0,10.0,Small Cap
Universal Arts Ltd.,INE464B01018,532378,,Consumer Discretionary,Media & Entertainment Conglomerate,2026-09-01,Unrated,Unrated,Unrated,Unrated,7.0,Small Cap
Universal Auto Foundry Ltd.,INE203T01012,539314,,Consumer Discretionary,Auto Ancillaries,2026-09-01,Unrated,Unrated,Unrated,Unrated,4.0,Small Cap
Universal Cables Ltd.,INE279A01012,504212,UNIVCABLES,Industrials,Wires & Cables,2026-09-01,2.0,1.0,6.0,3.0,10.0,Small Cap
Universal Office Automation Ltd.,INE951C01012,523519,,Industrials,Electronic Equipment,2026-08-31,Unrated,Unrated,Unrated,Unrated,UNRATED,Small Cap
Universal Starch-Chem Allied Ltd.,INE113E01015,524408,,Consumer Staples,Starch and Food Extracts,2026-09-01,Unrated,Unrated,Unrated,Unrated,9.0,Small Cap
Universus Photo Imagings Ltd.,INE03V001013,542933,UNIVPHOTO,Healthcare,Diagnostic Devices & Equipment,2026-09-01,4.0,6.0,6.0,5.0,10.0,Small Cap
Unjha Formulations Ltd.,INE576D01015,531762,,Healthcare,Diagnostic Substances,2026-09-01,Unrated,Unrated,Unrated,Unrated,8.0,Small Cap
UNO Minda Ltd.,INE405E01023,532539,UNOMINDA,Consumer Discretionary,Auto Ancillaries,2026-09-01,3.0,6.0,7.0,3.0,5.0,Mid Cap
Updater Services Ltd,INE851I01011,543996,UDS,Industrials,Business Services - Diversified,2026-09-01,4.0,5.0,7.0,6.0,8.0,Small Cap
UP Hotels Ltd.,INE726E01014,509960,,Consumer Discretionary,Hotels & Resorts,2026-09-01,Unrated,Unrated,Unrated,Unrated,UNRATED,Small Cap
UPL Ltd.,INE628A01036,512070,UPL,Materials,Pesticides,2026-09-01,2.0,2.0,6.0,6.0,1.0,Mid Cap
Upsurge Investment & Finance Ltd.,INE890B01014,531390,,Financial,NBFC - Diversified,2026-09-01,Unrated,Unrated,Unrated,Unrated,3.0,Small Cap
Upsurge Seeds Of Agriculture Ltd.,INE0CBM01019,,USASEEDS,Consumer Staples,Other Agriculture Products,2026-09-01,Unrated,Unrated,Unrated,Unrated,UNRATED,Small Cap
Uravi T And Wedge Lamps Ltd.,INE568Z01015,543930,URAVIDEF,Consumer Discretionary,Automotive Accessories,2026-09-01,Unrated,Unrated,Unrated,Unrated,1.0,Small Cap
Urban Company Ltd.,INE0CAZ01013,544515,URBANCO,Consumer Staples,Household & Personal Services - Diversified,2026-09-01,2.0,2.0,5.0,1.0,9.0,Small Cap
Urban Enviro Waste Management Ltd,INE0O0201019,,URBAN,Industrials,Waste Management,2026-09-01,Unrated,Unrated,Unrated,Unrated,6.0,Small Cap
Urja Global Ltd.,INE550C01020,526987,URJA,Energy & Utilities,Solar Electric Utilities,2026-09-01,1.0,1.0,5.0,3.0,4.0,Small Cap
USG Tech Solutions Ltd.,INE718B01017,532402,,Technology,Financial Technology,2026-09-01,Unrated,Unrated,Unrated,Unrated,7.0,Small Cap
Usha Financial Services Ltd,INE0LS001014,,USHAFIN,Financial,Microfinancing,2026-09-01,Unrated,Unrated,Unrated,Unrated,9.0,Small Cap
Ushakiran Finance Ltd.,INE697C01011,511507,,Financial,NBFC - Diversified,2026-09-01,Unrated,Unrated,Unrated,Unrated,1.0,Small Cap
Usha Martin Ltd.,INE228A01035,517146,USHAMART,Materials,Steel Wires,2026-09-01,4.0,6.0,8.0,5.0,8.0,Small Cap
Usha Martin Education & Solutions Ltd.,INE240C01028,532398,UMESLTD,Consumer Staples,Education Services,2026-09-01,Unrated,Unrated,Unrated,Unrated,8.0,Small Cap
Ushanti Colour Chem Ltd.,INE00NI01015,,UCL,Materials,Speciality Chemicals - Diversified,2026-09-01,Unrated,Unrated,Unrated,Unrated,UNRATED,Small Cap
UTI Asset Management Company Ltd.,INE094J01016,543238,UTIAMC,Financial,Asset Management Companies,2026-09-01,4.0,9.0,6.0,7.0,1.0,Small Cap
Utique Enterprises Ltd.,INE096A01010,500014,APPLEIND,Financial,NBFC - Diversified,2026-09-01,Unrated,Unrated,Unrated,Unrated,3.0,Small Cap
Utkal Speciality Industries India Ltd,INE1V1R01014,,UTKAL,Materials,Paper Packaging,2026-09-01,5.0,8.0,8.0,7.0,UNRATED,Small Cap
Utkarsh Small Finance Bank Ltd.,INE735W01017,543942,UTKARSHBNK,Financial,Small Finance Banks,2026-09-01,3.0,5.0,4.0,8.0,5.0,Small Cap
Utssav CZ Gold Jewels Ltd,INE06IJ01010,,UTSSAV,Consumer Discretionary,Gems & Jewellery,2026-09-01,Unrated,Unrated,Unrated,Unrated,10.0,Small Cap
Uttam Sugar Mills Ltd.,INE786F01031,532729,UTTAMSUGAR,Consumer Staples,Sugar,2026-09-01,4.0,6.0,6.0,6.0,9.0,Small Cap
UVS Hospitality And Services Ltd.,INE528C01018,531652,,Consumer Staples,Food Processing - Diversified,2026-09-01,3.0,8.0,5.0,6.0,3.0,Small Cap
UY Fincorp Ltd.,INE152C01025,530579,UYFINCORP,Financial,NBFC - Diversified,2026-09-01,5.0,6.0,6.0,8.0,9.0,Small Cap
V2 Retail Ltd.,INE945H01021,532867,V2RETAIL,Consumer Discretionary,Apparel & Accessories Retail,2026-09-01,2.0,6.0,5.0,4.0,3.0,Small Cap
Vaarad Ventures Ltd.,INE418B01048,532320,,Financial,NBFC - Diversified,2026-09-01,Unrated,Unrated,Unrated,Unrated,4.0,Small Cap
Vadilal Industries Ltd.,INE694D01016,519156,VADILALIND,Consumer Staples,Dairy Products,2026-09-01,4.0,6.0,8.0,5.0,10.0,Small Cap
Vadilal Enterprises Ltd.,INE693D01018,519152,,Consumer Staples,Food Wholesale & Distributors,2026-09-01,4.0,8.0,8.0,3.0,6.0,Small Cap
Vadivarhe Speciality Chemicals Ltd.,INE551Q01028,,VSCL,Materials,Diversified Chemicals,2026-09-01,Unrated,Unrated,Unrated,Unrated,UNRATED,Small Cap
Vaghani Techno-Build Ltd.,INE554H01021,531676,,Real Estate,Real Estate Services,2026-09-01,1.0,1.0,4.0,1.0,1.0,Small Cap
Vahh Chemicals Ltd.,INE0H3U01013,544778,,Materials,Diversified Chemicals,2026-08-31,4.0,5.0,7.0,6.0,UNRATED,Small Cap
Vaibhav Global Ltd.,INE884A01027,532156,VAIBHAVGBL,Consumer Discretionary,Gems & Jewellery,2026-09-01,4.0,6.0,7.0,7.0,6.0,Small Cap
Vaidya Sane Ayurved Laboratories Ltd.,INE0JR301013,,MADHAVBAUG,Healthcare,Alternative Medicine,2026-09-01,Unrated,Unrated,Unrated,Unrated,3.0,Small Cap
Vaishali Pharma Ltd.,INE972X01022,,VAISHALI,Healthcare,Pharmaceuticals - Diversified,2026-09-01,Unrated,Unrated,Unrated,Unrated,5.0,Small Cap
Vakrangee Ltd.,INE051B01021,511431,VAKRANGEE,Technology,Software,2026-09-01,2.0,4.0,5.0,5.0,2.0,Small Cap
Valencia India Ltd,INE130701019,544433,,Consumer Discretionary,Hotels & Resorts,2026-08-31,5.0,9.0,8.0,5.0,5.0,Small Cap
Valencia Nutrition Ltd.,INE08RT01016,542910,,Consumer Staples,Non-Alcoholic Beverages - Diversified,2026-09-01,Unrated,Unrated,Unrated,Unrated,UNRATED,Small Cap
Valiant Communications Ltd.,INE760B01019,526775,,Technology,Network Equipment & Tools,2026-09-01,3.0,4.0,6.0,3.0,8.0,Small Cap
Valiant Laboratories Ltd,INE0JWS01017,543998,VALIANTLAB,Healthcare,API / Generic Pharmaceuticals,2026-09-01,1.0,1.0,3.0,3.0,9.0,Small Cap
Valiant Organics Ltd.,INE565V01010,540145,VALIANTORG,Materials,Speciality Chemicals - Diversified,2026-09-01,2.0,1.0,5.0,5.0,8.0,Small Cap
Vallabh Steels Ltd.,INE457E01016,513397,,Materials,Aluminium Products,2026-08-31,Unrated,Unrated,Unrated,Unrated,3.0,Small Cap
Valor Estate Ltd.,INE879I01012,533160,DBREALTY,Real Estate,Real Estate Development,2026-09-01,1.0,1.0,6.0,3.0,3.0,Small Cap
Valplast Technologies Ltd,INE0QP701017,544565,,Industrials,Construction & Engineering - Diversified,2026-09-01,3.0,1.0,6.0,6.0,UNRATED,Small Cap
Valson Industries Ltd.,INE808A01018,530459,,Consumer Discretionary,Yarn,2026-09-01,Unrated,Unrated,Unrated,Unrated,9.0,Small Cap
Value 360 Communications Ltd,INE1E7Y01018,,VALUE360,Industrials,Public Relations,2026-09-01,5.0,9.0,6.0,6.0,UNRATED,Small Cap
Vama Industries Ltd.,INE685D01022,512175,,Technology,Software & Services - Diversified,2026-09-01,Unrated,Unrated,Unrated,Unrated,5.0,Small Cap
Vamshi Rubber Ltd.,INE380C01014,530369,,Consumer Discretionary,Tyres & Tubes,2026-09-01,Unrated,Unrated,Unrated,Unrated,5.0,Small Cap
Vandan Foods Ltd,INE0RDJ01019,544436,,Consumer Staples,Edible Oil,2026-09-01,5.0,10.0,6.0,6.0,1.0,Small Cap
Vani Commercials Ltd.,INE661Q01017,538918,,Financial,NBFC - Diversified,2026-09-01,Unrated,Unrated,Unrated,Unrated,4.0,Small Cap
Vanta Bioscience Ltd.,INE695X01011,540729,,Healthcare,Pharmaceuticals - Diversified,2026-08-13,Unrated,Unrated,Unrated,Unrated,UNRATED,Small Cap
Vantage Knowledge Academy Ltd.,INE427T01025,539761,,Consumer Staples,Education Services,2026-09-01,Unrated,Unrated,Unrated,Unrated,2.0,Small Cap
Vapi Enterprise Ltd.,INE464D01014,502589,,Materials,Paper & Paper Products,2026-09-01,Unrated,Unrated,Unrated,Unrated,10.0,Small Cap
Vardhan Capital & Finance Ltd.,INE128G01018,542931,,Financial,Miscellaneous Financial Services,2026-09-01,Unrated,Unrated,Unrated,Unrated,UNRATED,
Vardhman Acrylics Ltd.,INE116G01013,,VARDHACRLC,Consumer Discretionary,Synthetic Fabrics,2026-09-01,5.0,8.0,6.0,7.0,8.0,Small Cap
Vardhman Holdings Ltd.,INE701A01023,500439,VHL,Financial,Financial Services - Diversified,2026-09-01,4.0,6.0,7.0,6.0,6.0,Small Cap
Vardhman Polytex Ltd.,INE835A01029,514175,VARDMNPOLY,Consumer Discretionary,Yarn,2026-09-01,Unrated,Unrated,Unrated,Unrated,3.0,Small Cap
Vardhman Special Steels Ltd.,INE050M01012,534392,VSSL,Materials,Iron & Steel,2026-09-01,4.0,5.0,6.0,5.0,9.0,Small Cap
Vardhman Textiles Ltd.,INE825A01020,502986,VTL,Consumer Discretionary,Integrated Textiles,2026-09-01,3.0,3.0,5.0,5.0,8.0,Small Cap
Variman Global Enterprises Ltd.,INE717F01028,540570,,Technology,Software,2026-09-01,Unrated,Unrated,Unrated,Unrated,3.0,Small Cap
Varroc Engineering Ltd.,INE665L01035,541578,VARROC,Consumer Discretionary,Automotive Accessories,2026-09-01,4.0,5.0,7.0,4.0,10.0,Small Cap
Varun Beverages Ltd.,INE200M01039,540180,VBL,Consumer Staples,Carbonated Soft Drinks,2026-09-01,3.0,8.0,6.0,5.0,3.0,Large Cap
Varvee Global Ltd.,INE273D01027,514274,VGL,Consumer Discretionary,Miscellaneous Textiles,2026-09-01,1.0,1.0,5.0,2.0,1.0,Small Cap
Varyaa Creations Ltd,INE0R6801013,544168,,Consumer Discretionary,Gems & Jewellery,2026-09-01,Unrated,Unrated,Unrated,Unrated,4.0,Small Cap
Vasa Denticity Ltd,INE0N5801013,,DENTALKART,Consumer Staples,Personal Hygiene,2026-09-01,3.0,6.0,7.0,4.0,2.0,Small Cap
Vascon Engineers Ltd.,INE893I01013,533156,VASCONEQ,Industrials,Construction & Engineering - Diversified,2026-09-01,2.0,1.0,4.0,7.0,2.0,Small Cap
Vashishtha Luxury Fashion Ltd,INE0WRP01016,544508,,Consumer Discretionary,Integrated Textiles,2026-08-31,5.0,10.0,5.0,6.0,UNRATED,Small Cap
Vas Infrastructure Ltd.,INE192C01013,531574,,Real Estate,Real Estate Development,2026-09-01,Unrated,Unrated,Unrated,Unrated,2.0,Small Cap
Vasundhara Rasayans Ltd.,INE406F01010,538634,,Materials,Speciality Chemicals Trading,2026-09-01,Unrated,Unrated,Unrated,Unrated,7.0,Small Cap
Vaswani Industries Ltd.,INE590L01019,533576,VASWANI,Materials,Aluminium Products,2026-09-01,Unrated,Unrated,Unrated,Unrated,4.0,Small Cap
VA Tech Wabag Ltd.,INE956G01038,533269,WABAG,Energy & Utilities,Water & Related Utilities,2026-09-01,3.0,4.0,6.0,4.0,10.0,Small Cap
Vaxfab Enterprises Ltd.,INE560T01015,542803,,Diversified,Diversified Trading,2026-09-01,Unrated,Unrated,Unrated,Unrated,10.0,Small Cap
Vaxtex Cotfab Ltd.,INE098201036,,VCL,Consumer Discretionary,Integrated Textiles,2026-09-01,Unrated,Unrated,Unrated,Unrated,8.0,Small Cap
VB Industries Ltd.,INE334E01017,539123,,Financial,Investment Holding Companies,2026-09-01,Unrated,Unrated,Unrated,Unrated,8.0,Small Cap
VBC Ferro Alloys Ltd.,INE114E01013,513005,,Materials,Ferro Alloys,2026-09-01,Unrated,Unrated,Unrated,Unrated,5.0,Small Cap
VB Desai Financial Services Ltd.,INE848D01018,511110,VBDESAIFIN,Financial,Financial Services - Diversified,2026-09-01,Unrated,Unrated,Unrated,Unrated,5.0,Small Cap
VCK Capital Market Services Ltd.,INE488C01015,511493,,Financial,Financial Services - Diversified,2026-09-01,Unrated,Unrated,Unrated,Unrated,8.0,Small Cap
VCU Data Management Ltd.,INE962O01014,536672,,Technology,Computer Hardware,2026-09-01,Unrated,Unrated,Unrated,Unrated,8.0,Small Cap
Vdeal System Ltd,INE0U2M01015,,VDEAL,Industrials,Electronic Components,2026-09-01,Unrated,Unrated,Unrated,Unrated,UNRATED,Small Cap
Vedanta Ltd.,INE205A01025,500295,VEDL,Materials,Diversified Mining,2026-09-01,4.0,9.0,7.0,7.0,2.0,Large Cap
Vedanta Aluminium Metal Ltd.,INE1CDF01017,544780,VAML,Materials,Aluminium,2026-09-01,Unrated,Unrated,Unrated,Unrated,UNRATED,Large Cap
Vedanta Iron And Steel Ltd.,INE1CLE01013,544784,VISL,Materials,Iron & Steel,2026-09-01,Unrated,Unrated,Unrated,Unrated,UNRATED,Small Cap
Vedanta Oil and Gas Ltd,INE704J01044,544782,VOGL,Energy & Utilities,Oil & Gas Exploration and Production,2026-09-01,Unrated,Unrated,Unrated,Unrated,UNRATED,Small Cap
Vedanta Power Ltd,INE694L01019,544781,VEDPOWER,Industrials,Energy & Power Projects,2026-09-01,Unrated,Unrated,Unrated,Unrated,UNRATED,Small Cap
Vedant Asset Ltd.,INE0NC801013,543623,,Financial,Financial Services - Diversified,2026-09-01,Unrated,Unrated,Unrated,Unrated,UNRATED,Small Cap
Vedant Fashions Ltd.,INE825V01034,543463,MANYAVAR,Consumer Discretionary,Apparel & Accessories Retail,2026-09-01,5.0,10.0,6.0,5.0,7.0,Small Cap
Vedavaag Systems Ltd.,INE359B01010,533056,,Technology,Software,2026-09-01,Unrated,Unrated,Unrated,Unrated,2.0,Small Cap
Veefin Solutions Ltd,INE0Q0M01015,543931,,Industrials,Business Consultancy,2026-09-01,Unrated,Unrated,Unrated,Unrated,3.0,Small Cap
Veejay Lakshmi Engineering Works Ltd.,INE466D01019,522267,,Industrials,Textile Machinery,2026-09-01,Unrated,Unrated,Unrated,Unrated,4.0,Small Cap
Veekayem Fashion And Apparels Ltd.,INE0KTW01013,,VEEKAYEM,Consumer Discretionary,Readymade Garment,2026-09-01,Unrated,Unrated,Unrated,Unrated,UNRATED,Small Cap
Veeram Securities Ltd.,INE607V01028,540252,,Consumer Discretionary,Gems & Jewellery,2026-09-01,Unrated,Unrated,Unrated,Unrated,8.0,Small Cap
Veer Energy & Infrastructure Ltd.,INE255E01030,503657,,Energy & Utilities,Renewable Electricity Generation,2026-09-01,Unrated,Unrated,Unrated,Unrated,6.0,Small Cap
Veer Global Infraconstruction Ltd.,INE244W01010,543241,,Real Estate,Real Estate Development,2026-09-01,Unrated,Unrated,Unrated,Unrated,9.0,Small Cap
Veerhealth Care Ltd.,INE882C01035,511523,NIYATILEAS,Healthcare,API / Generic Pharmaceuticals,2026-09-01,Unrated,Unrated,Unrated,Unrated,10.0,Small Cap
Veerkrupa Jewellers Ltd.,INE0ID001024,543545,,Consumer Discretionary,Gems & Jewellery,2026-09-01,Unrated,Unrated,Unrated,Unrated,UNRATED,Small Cap
Vega Jewellers Ltd.,INE603D01017,512026,,Diversified,Diversified Trading,2026-09-01,Unrated,Unrated,Unrated,Unrated,UNRATED,Small Cap
Vegorama Punjabi Angithi Ltd,INE1L3801017,544765,,Consumer Discretionary,Quick Service Restaurants,2026-09-01,5.0,10.0,9.0,7.0,UNRATED,Small Cap
Velan Hotels Ltd.,INE548D01014,526755,,Consumer Discretionary,Hotels & Resorts,2026-09-01,Unrated,Unrated,Unrated,Unrated,8.0,Small Cap
Veljan Denison Ltd.,INE232E01013,505232,,Industrials,Pumps & Compressors,2026-09-01,3.0,5.0,6.0,4.0,10.0,Small Cap
VELS Film International Ltd.,INE0I3H01019,,VELS,Consumer Discretionary,Entertainment Production,2026-09-01,Unrated,Unrated,Unrated,Unrated,UNRATED,Small Cap
Venky'S (India) Ltd.,INE398A01010,523261,VENKEYS,Consumer Staples,Food Processing - Diversified,2026-09-01,4.0,5.0,7.0,6.0,8.0,Small Cap
Venlon Enterprises Ltd.,INE204D01022,524038,VENLONPOLY,Materials,Plastic Materials,2026-09-01,Unrated,Unrated,Unrated,Unrated,4.0,Small Cap
Venmax Drugs And Pharmaceuticals Ltd.,INE154G01022,531015,,Healthcare,Pharmaceuticals - Diversified,2026-09-01,Unrated,Unrated,Unrated,Unrated,2.0,Small Cap
Ventive Hospitality Ltd,INE781S01027,544321,VENTIVE,Consumer Discretionary,Hotels & Resorts,2026-09-01,3.0,9.0,7.0,6.0,1.0,Small Cap
Ventura Textiles Ltd.,INE810C01044,516098,,Consumer Discretionary,Miscellaneous Textiles,2026-09-01,Unrated,Unrated,Unrated,Unrated,5.0,Small Cap
Venus Pipes & Tubes Ltd.,INE0JA001018,543528,VENUSPIPES,Industrials,Steel Tubes & Pipes,2026-09-01,4.0,6.0,7.0,5.0,9.0,Small Cap
Venus Remedies Ltd.,INE411B01019,526953,VENUSREM,Healthcare,Branded Medicines,2026-09-01,5.0,9.0,8.0,5.0,10.0,Small Cap
Veranda Learning Solutions Ltd.,INE0IQ001011,543514,VERANDA,Consumer Staples,Education Services,2026-09-01,4.0,6.0,8.0,6.0,8.0,Small Cap
Vera Synthetic Ltd.,INE709Z01015,,VERA,Consumer Discretionary,Synthetic Fabrics,2026-09-01,Unrated,Unrated,Unrated,Unrated,UNRATED,Small Cap
Veritaas Advertising Ltd,INE0SRI01019,,VERITAAS,Industrials,Advertising & Marketing - Diversified,2026-09-01,Unrated,Unrated,Unrated,Unrated,UNRATED,Small Cap
Veritas (India) Ltd.,INE379J01029,512229,,Diversified,Diversified Trading,2026-09-01,1.0,1.0,3.0,3.0,1.0,Small Cap
Vertexplus Technologies Ltd.,INE0NLB01018,,VERTEXPLUS,Technology,IT Services & Consulting,2026-09-01,Unrated,Unrated,Unrated,Unrated,UNRATED,Small Cap
Vertex Securities Ltd.,INE316D01024,531950,,Financial,Brokerage Services,2026-09-01,Unrated,Unrated,Unrated,Unrated,5.0,Small Cap
Vertoz Advertising Ltd.,INE188Y01023,,VERTOZ,Industrials,Advertising & Marketing - Diversified,2026-09-01,3.0,2.0,4.0,6.0,1.0,Small Cap
Vesuvius India Ltd.,INE386A01023,520113,VESUVIUS,Industrials,Refractories,2026-09-01,3.0,8.0,5.0,5.0,2.0,Small Cap
Veto Switchgears And Cables Ltd.,INE918N01018,539331,VETO,Industrials,Wires & Cables,2026-09-01,Unrated,Unrated,Unrated,Unrated,8.0,Small Cap
V-Guard Industries Ltd.,INE951I01027,532953,VGUARD,Industrials,Electronic Equipment,2026-09-01,4.0,8.0,7.0,4.0,6.0,Small Cap
Viaz Tyres Ltd.,INE0MO401019,,VIAZ,Consumer Discretionary,Tyres & Tubes,2026-09-01,Unrated,Unrated,Unrated,Unrated,UNRATED,Small Cap
Vibhor Steel Tubes Ltd,INE0QTF01015,544124,VSTL,Industrials,Steel Tubes & Pipes,2026-09-01,Unrated,Unrated,Unrated,Unrated,3.0,Small Cap
Vibrant Global Capital Ltd.,INE761Q01015,538732,,Financial,Asset Management Companies,2026-09-01,Unrated,Unrated,Unrated,Unrated,10.0,Small Cap
Viceroy Hotels Ltd.,INE048C01025,523796,VHLTD,Consumer Discretionary,Hotels & Resorts,2026-09-01,2.0,4.0,7.0,4.0,5.0,Small Cap
Victoria Mills Ltd.,INE203D01016,503349,,Real Estate,Real Estate Development,2026-09-01,Unrated,Unrated,Unrated,Unrated,7.0,Small Cap
Victory Electric Vehicles International Ltd,INE0F8901022,,VICTORYEV,Consumer Discretionary,Motorcycles & Scooters,2026-09-01,3.0,5.0,5.0,6.0,1.0,Small Cap
Vidhi Specialty Food Ingredients Ltd.,INE632C01026,531717,VIDHIING,Materials,Coloring Agents,2026-09-01,3.0,4.0,5.0,4.0,6.0,Small Cap
Vidli Restaurants Ltd.,INE564S01019,539659,,Consumer Discretionary,Quick Service Restaurants,2026-09-01,Unrated,Unrated,Unrated,Unrated,1.0,Small Cap
Vidya Wires Ltd,INE14UN01029,544633,VIDYAWIRES,Industrials,Wires & Cables,2026-09-01,3.0,1.0,5.0,6.0,9.0,Small Cap
Vigor Plast India Ltd,INE1DM601016,,VIGOR,Industrials,Plastic Tubes & Pipes,2026-09-01,5.0,8.0,9.0,6.0,10.0,Small Cap
Vijaya Diagnostic Centre Ltd.,INE043W01024,543350,VIJAYA,Healthcare,Medical Diagnostics Services,2026-09-01,4.0,9.0,7.0,3.0,10.0,Small Cap
VijayPD Ceutical Ltd,INE0WL901019,,VIJAYPD,Healthcare,Pharmaceuticals Trading,2026-09-01,Unrated,Unrated,Unrated,Unrated,1.0,Small Cap
Vijay Solvex Ltd.,INE362D01010,531069,,Consumer Staples,Edible Oil,2026-09-01,Unrated,Unrated,Unrated,Unrated,9.0,Small Cap
Vijay Textiles Ltd.,INE256G01033,530151,,Consumer Discretionary,Home Furnishing & Decor,2026-08-31,Unrated,Unrated,Unrated,Unrated,UNRATED,Small Cap
Viji Finance Ltd.,INE159N01027,537820,VIJIFIN,Financial,NBFC - Diversified,2026-09-01,Unrated,Unrated,Unrated,Unrated,10.0,Small Cap
Vikalp Securities Ltd.,INE186E01011,531334,,Financial,Investment Holding Companies,2026-08-28,Unrated,Unrated,Unrated,Unrated,UNRATED,Small Cap
Vikas EcoTech Ltd.,INE806A01020,530961,VIKASECO,Materials,Speciality Chemicals - Diversified,2026-09-01,Unrated,Unrated,Unrated,Unrated,1.0,Small Cap
Vikas Lifecare Ltd.,INE161L01027,542655,VIKASLIFE,Materials,Speciality Chemicals - Diversified,2026-09-01,Unrated,Unrated,Unrated,Unrated,1.0,Small Cap
Vikas Proppant & Granite Ltd.,INE767B01022,531518,VIKASPROP,Consumer Staples,Other Agriculture Products,2026-09-01,Unrated,Unrated,Unrated,Unrated,2.0,Small Cap
Vikas WSP Ltd.,INE706A01022,519307,VIKASWSP,Materials,Commodity Chemicals - Diversified,2026-09-01,Unrated,Unrated,Unrated,Unrated,3.0,Small Cap
Vikram Aroma Ltd.,INE0NR501012,544371,,Materials,Speciality Chemicals - Diversified,2026-09-01,Unrated,Unrated,Unrated,Unrated,7.0,Small Cap
Vikram Solar Ltd,INE078V01014,544488,VIKRAMSOLR,Energy & Utilities,Renewable Energy Equipment & Services,2026-09-01,3.0,7.0,8.0,6.0,2.0,Small Cap
Vikram Thermo (India) Ltd.,INE337E01010,530477,,Healthcare,Pharmaceuticals - Diversified,2026-09-01,5.0,8.0,6.0,5.0,10.0,Small Cap
Vikran Engineering Ltd,INE01R501028,544496,VIKRAN,Industrials,Energy & Power Projects,2026-09-01,2.0,1.0,4.0,7.0,1.0,Small Cap
Vilas Transcore Ltd,INE0AZY01017,,VILAS,Industrials,Electronic Components,2026-09-01,Unrated,Unrated,Unrated,Unrated,4.0,Small Cap
Vilin Bio Med Ltd,INE0L4V01013,,VILINBIO,Healthcare,Pharmaceuticals - Diversified,2026-09-01,Unrated,Unrated,Unrated,Unrated,9.0,Small Cap
Vimta Labs Ltd.,INE579C01029,524394,VIMTALABS,Healthcare,Biotechnology & Pharma Research,2026-09-01,4.0,10.0,6.0,4.0,8.0,Small Cap
Vinati Organics Ltd.,INE410B01037,524200,VINATIORGA,Materials,Speciality Chemicals - Diversified,2026-09-01,3.0,9.0,7.0,5.0,2.0,Small Cap
Vinayak Polycon International Ltd.,INE581M01016,534639,,Materials,Paper Packaging,2026-09-01,Unrated,Unrated,Unrated,Unrated,UNRATED,Small Cap
Vindhya Telelinks Ltd.,INE707A01012,517015,VINDHYATEL,Technology,Fiber Optic Cable Manufacturing,2026-09-01,3.0,1.0,6.0,4.0,10.0,Small Cap
Vineet Laboratories Ltd.,INE505Y01010,543298,VINEETLAB,Healthcare,API / Generic Pharmaceuticals,2026-09-01,Unrated,Unrated,Unrated,Unrated,8.0,Small Cap
Vinit Mobile Ltd,INE27V201011,,VMOBILE,Consumer Discretionary,Computer & Electronics Retail,2026-09-01,5.0,10.0,9.0,7.0,UNRATED,Small Cap
Vinny Overseas Ltd.,INE01KI01027,543670,VINNY,Consumer Discretionary,Miscellaneous Textiles,2026-09-01,Unrated,Unrated,Unrated,Unrated,4.0,Small Cap
Vinsys IT Services India Ltd,INE0OSJ01014,,VINSYS,Technology,IT Services & Consulting,2026-09-01,Unrated,Unrated,Unrated,Unrated,10.0,Small Cap
Vintage Coffee & Beverages Ltd.,INE498Q01014,538920,VINCOFE,Consumer Staples,Tea & Coffee,2026-09-01,2.0,1.0,6.0,5.0,7.0,Small Cap
Vintage Securities Ltd.,INE153C01015,531051,,Financial,NBFC - Diversified,2026-09-01,Unrated,Unrated,Unrated,Unrated,UNRATED,Small Cap
Vintron Informatics Ltd.,INE043B01028,517393,,Technology,Computer Hardware,2026-09-01,Unrated,Unrated,Unrated,Unrated,1.0,Small Cap
Vinyas Innovative Technologies Ltd,INE0OLS01010,,VINYAS,Industrials,Electrical Machinery,2026-09-01,Unrated,Unrated,Unrated,Unrated,9.0,Small Cap
Vinyl Chemicals (India) Ltd.,INE250B01029,524129,VINYLINDIA,Materials,Chemical Trading,2026-09-01,3.0,3.0,5.0,7.0,7.0,Small Cap
Vinyoflex Ltd.,INE526H01011,530401,,Materials,Speciality Chemicals - Diversified,2026-09-01,Unrated,Unrated,Unrated,Unrated,6.0,Small Cap
VIP Industries Ltd.,INE054A01027,507880,VIPIND,Consumer Discretionary,Baggage and Luggage,2026-09-01,1.0,1.0,4.0,2.0,2.0,Small Cap
VIP Clothing Ltd.,INE450G01024,532613,VIPCLOTHNG,Consumer Discretionary,Integrated Textiles,2026-09-01,Unrated,Unrated,Unrated,Unrated,3.0,Small Cap
Vippy Spinpro Ltd.,INE660D01017,514302,,Consumer Discretionary,Yarn,2026-09-01,Unrated,Unrated,Unrated,Unrated,UNRATED,Small Cap
Vipul Ltd.,INE946H01037,511726,VIPULLTD,Real Estate,Real Estate - Diversified,2026-09-01,Unrated,Unrated,Unrated,Unrated,9.0,Small Cap
Vipul Organics Ltd.,INE834D01018,530627,,Materials,Coloring Agents,2026-09-01,2.0,2.0,5.0,3.0,8.0,Small Cap
Virat Industries Ltd.,INE467D01017,530521,,Consumer Discretionary,Hosiery & Socks,2026-09-01,2.0,4.0,6.0,3.0,5.0,Small Cap
Virat Crane Industries Ltd.,INE295C01014,519457,,Consumer Staples,Dairy Products,2026-09-01,Unrated,Unrated,Unrated,Unrated,6.0,Small Cap
Virat Leasing Ltd.,INE347L01022,539167,,Financial,Miscellaneous Financial Services,2026-09-01,Unrated,Unrated,Unrated,Unrated,UNRATED,Small Cap
Virinchi Ltd.,INE539B01017,532372,VIRINCHI,Technology,Software & Services - Diversified,2026-09-01,Unrated,Unrated,Unrated,Unrated,1.0,Small Cap
Virtual Galaxy Infotech Ltd,INE0VRH01015,,VGINFOTECH,Technology,Financial Technology,2026-09-01,3.0,5.0,5.0,5.0,7.0,Small Cap
Virtual Global Education Ltd.,INE247C01023,534741,,Consumer Staples,Education Services,2026-09-01,Unrated,Unrated,Unrated,Unrated,5.0,Small Cap
Virtualsoft Systems Ltd.,INE237C01016,531126,,Technology,Software,2026-09-01,Unrated,Unrated,Unrated,Unrated,2.0,Small Cap
Virtuoso Optoelectronics Ltd.,INE0I0T01010,543597,,Industrials,Electronic Components,2026-09-01,3.0,2.0,8.0,5.0,8.0,Small Cap
Virya Resources Ltd.,INE661K01010,512479,,Industrials,Construction & Engineering - Diversified,2026-09-01,Unrated,Unrated,Unrated,Unrated,UNRATED,Small Cap
Visagar Financial Services Ltd.,INE309H01038,531025,,Financial,Investment Management - Diversified,2026-09-01,Unrated,Unrated,Unrated,Unrated,2.0,Small Cap
Visagar Polytex Ltd.,INE370E01029,506146,VIVIDHA,Consumer Discretionary,Miscellaneous Textiles,2026-09-01,Unrated,Unrated,Unrated,Unrated,3.0,Small Cap
Visaka Industries Ltd.,INE392A01021,509055,VISAKAIND,Materials,Basic Materials - Diversified,2026-09-01,3.0,3.0,6.0,4.0,9.0,Small Cap
Visaman Global Sales Ltd,INE0BHK01012,,VISAMAN,Industrials,Steel Tubes & Pipes,2026-09-01,Unrated,Unrated,Unrated,Unrated,UNRATED,Small Cap
Visa Steel Ltd.,INE286H01012,532721,VISASTEEL,Materials,Aluminium Products,2026-09-01,Unrated,Unrated,Unrated,Unrated,7.0,Small Cap
Vishal Bearings Ltd.,INE060T01024,539398,,Industrials,Ball Bearings,2026-09-01,Unrated,Unrated,Unrated,Unrated,2.0,Small Cap
Vishal Fabrics Ltd.,INE755Q01025,538598,VISHAL,Consumer Discretionary,Readymade Garment,2026-09-01,1.0,1.0,4.0,6.0,1.0,Small Cap
Vishal Mega Mart Ltd,INE01EA01019,,VMM,Consumer Staples,Supermarkets & Convenience Stores,2026-09-01,3.0,9.0,8.0,2.0,1.0,Mid Cap
Vishnu Chemicals Ltd.,INE270I01022,516072,VISHNU,Materials,Commodity Chemicals - Diversified,2026-09-01,4.0,6.0,6.0,6.0,9.0,Small Cap
Vishnu Prakash R Punglia Ltd,INE0AE001013,543974,VPRPL,Industrials,Construction & Engineering - Diversified,2026-09-01,2.0,1.0,5.0,7.0,1.0,Small Cap
Vishnusurya Projects And Infra Ltd,INE0PQ001012,,VISHNUINFR,Industrials,Construction & Engineering - Diversified,2026-09-01,Unrated,Unrated,Unrated,Unrated,5.0,Small Cap
Vishvprabha Ventures Ltd.,INE762D01011,512064,,Industrials,Construction & Engineering - Diversified,2026-08-28,Unrated,Unrated,Unrated,Unrated,3.0,Small Cap
Vishwaraj Sugar Industries Ltd.,INE430N01022,542852,VISHWARAJ,Consumer Staples,Sugar,2026-09-01,Unrated,Unrated,Unrated,Unrated,4.0,Small Cap
Vishwas Agri Seeds Ltd,INE0S2E01016,,VISHWAS,Consumer Staples,Other Agriculture Products,2026-09-01,Unrated,Unrated,Unrated,Unrated,UNRATED,Small Cap
Vision Corporation Ltd.,INE661D01015,531668,,Consumer Discretionary,Media & Entertainment Conglomerate,2026-09-01,Unrated,Unrated,Unrated,Unrated,6.0,Small Cap
Vision Cinemas Ltd.,INE515B01025,526441,,Consumer Discretionary,Movie Exhibition,2026-09-01,Unrated,Unrated,Unrated,Unrated,6.0,Small Cap
Vision Infra Equipment Solutions Ltd,INE0TR001017,,VIESL,Industrials,Equipment Rental,2026-09-01,Unrated,Unrated,Unrated,Unrated,9.0,Small Cap
Vista Pharmaceuticals Ltd.,INE427C01021,524711,,Healthcare,Pharmaceuticals - Diversified,2026-09-01,Unrated,Unrated,Unrated,Unrated,4.0,Small Cap
Vistar Amar Ltd.,INE878P01019,538565,,Consumer Staples,Marine Foods,2026-09-01,Unrated,Unrated,Unrated,Unrated,9.0,Small Cap
Vital Chemtech Ltd.,INE0L4K01016,,VITAL,Materials,Speciality Chemicals - Diversified,2026-09-01,Unrated,Unrated,Unrated,Unrated,6.0,Small Cap
Vivaa Tradecom Ltd,INE0PA601017,544002,,Consumer Discretionary,Integrated Textiles,2026-09-01,Unrated,Unrated,Unrated,Unrated,UNRATED,Small Cap
Vivanta Industries Ltd.,INE299W01022,541735,,Industrials,Business Consultancy,2026-09-01,Unrated,Unrated,Unrated,Unrated,4.0,Small Cap
Vivanza Biosciences Ltd.,INE984E01035,530057,,Healthcare,Pharmaceuticals Trading,2026-09-01,Unrated,Unrated,Unrated,Unrated,4.0,Small Cap
Viviana Power Tech Ltd.,INE0MEG01014,,VIVIANA,Energy & Utilities,Electricity Distribution,2026-09-01,Unrated,Unrated,Unrated,Unrated,5.0,Small Cap
Vivid Electromech Ltd,INE24H301028,,VIVIDEL,Industrials,Electronic Equipment,2026-09-01,5.0,9.0,9.0,6.0,UNRATED,Small Cap
Vivid Global Industries Ltd.,INE737C01023,524576,,Materials,Coloring Agents,2026-09-01,Unrated,Unrated,Unrated,Unrated,7.0,Small Cap
Vivid Mercantile Ltd.,INE647Z01025,542046,,Real Estate,Real Estate Development,2026-09-01,Unrated,Unrated,Unrated,Unrated,4.0,Small Cap
Vivimed Labs Ltd.,INE526G01021,532660,VIVIMEDLAB,Healthcare,Pharmaceuticals - Diversified,2026-09-01,Unrated,Unrated,Unrated,Unrated,6.0,Small Cap
Vivo Bio Tech Ltd.,INE380K01017,511509,,Healthcare,Biotechnology,2026-09-01,Unrated,Unrated,Unrated,Unrated,1.0,Small Cap
Vivo Collaboration Solutions Ltd.,INE0IA701014,,VIVO,Technology,Software,2026-09-01,Unrated,Unrated,Unrated,Unrated,UNRATED,Small Cap
VJTF Eduservices Ltd.,INE117F01013,509026,,Consumer Staples,Education Services,2026-08-31,Unrated,Unrated,Unrated,Unrated,3.0,Small Cap
VL E-Governance & IT Solutions Ltd.,INE03HW01020,543958,VLEGOV,Technology,Software,2026-09-01,Unrated,Unrated,Unrated,Unrated,1.0,Small Cap
V.L. Infraprojects Ltd,INE0QXL01015,,VLINFRA,Industrials,Construction & Engineering - Diversified,2026-09-01,Unrated,Unrated,Unrated,Unrated,5.0,Small Cap
VLS Finance Ltd.,INE709A01018,511333,VLSFINANCE,Financial,Financial Services - Diversified,2026-09-01,4.0,6.0,7.0,5.0,6.0,Small Cap
V-Marc India Ltd.,INE0GXK01018,,VMARCIND,Industrials,Wires & Cables,2026-09-01,Unrated,Unrated,Unrated,Unrated,5.0,Small Cap
V-Mart Retail Ltd.,INE665J01013,534976,VMART,Consumer Discretionary,Apparel & Accessories Retail,2026-09-01,4.0,8.0,6.0,5.0,9.0,Small Cap
VMS Industries Ltd.,INE932K01015,533427,,Industrials,Shipbuilding & Maintenance,2026-09-01,Unrated,Unrated,Unrated,Unrated,2.0,Small Cap
VMS TMT Ltd,INE0SJA01013,544521,VMSTMT,Materials,Iron & Steel,2026-09-01,3.0,4.0,6.0,5.0,5.0,Small Cap
Vodafone Idea Ltd.,INE669E01016,532822,IDEA,Technology,Telecom Services - Diversified,2026-09-01,Unrated,Unrated,Unrated,Unrated,10.0,Large Cap
Voith Paper Fabrics India Ltd.,INE285C01015,522122,PORRITSPEN,Consumer Discretionary,Synthetic Fabrics,2026-09-01,4.0,8.0,7.0,7.0,3.0,Small Cap
Voler Car Ltd,INE241X01014,,VOLERCAR,Industrials,Car & Taxi Transport,2026-09-01,Unrated,Unrated,Unrated,Unrated,7.0,Small Cap
Voltaire Leasing & Finance Ltd.,INE763D01019,509038,,Financial,Leasing and Hire Purchase,2026-09-01,Unrated,Unrated,Unrated,Unrated,10.0,Small Cap
Voltamp Transformers Ltd.,INE540H01012,532757,VOLTAMP,Industrials,Transformers & Transmission Equipment,2026-09-01,4.0,7.0,7.0,5.0,9.0,Small Cap
Voltas Ltd.,INE226A01021,500575,VOLTAS,Industrials,Heating & Cooling Systems,2026-09-01,1.0,2.0,6.0,4.0,2.0,Mid Cap
Vraj Iron And Steel Ltd,INE0S2V01010,544204,VRAJ,Materials,Iron & Steel,2026-09-01,4.0,6.0,7.0,8.0,4.0,Small Cap
VR Films & Studios Ltd.,INE06LG01010,542654,,Consumer Discretionary,Movie & TV Production & Distribution,2026-09-01,Unrated,Unrated,Unrated,Unrated,UNRATED,Small Cap
V R Infraspace Ltd,INE0QQM01017,,VR,Real Estate,Real Estate Development,2026-09-01,Unrated,Unrated,Unrated,Unrated,UNRATED,Small Cap
VRL Logistics Ltd.,INE366I01010,539118,VRLLOG,Industrials,Road Logistics,2026-09-01,4.0,8.0,5.0,6.0,7.0,Small Cap
Vruddhi Engineering Works Ltd,INE0OMZ01013,544157,,Materials,Miscellaneous Construction Materials,2026-08-25,Unrated,Unrated,Unrated,Unrated,UNRATED,Small Cap
Vrundavan Plantation Ltd,INE0Q6901013,544011,,Consumer Staples,Agriculture & Farming Services,2026-08-20,Unrated,Unrated,Unrated,Unrated,UNRATED,Small Cap
VR Woodart Ltd.,INE317D01014,523888,,Materials,Wood & Wood Products,2026-09-01,Unrated,Unrated,Unrated,Unrated,10.0,Small Cap
VSF Projects Ltd.,INE923K01014,519331,,Industrials,Construction & Engineering - Diversified,2026-09-01,Unrated,Unrated,Unrated,Unrated,3.0,Small Cap
VST Industries Ltd.,INE710A01016,509966,VSTIND,Consumer Staples,Tobacco Products,2026-09-01,4.0,9.0,5.0,8.0,2.0,Small Cap
V.S.T. Tillers Tractors Ltd.,INE764D01017,531266,VSTTILLERS,Industrials,Tractors & Farm Machinery,2026-09-01,3.0,7.0,7.0,5.0,1.0,Small Cap
VTM Ltd.,INE222F01029,532893,VTMLTD,Consumer Discretionary,Miscellaneous Textiles,2026-09-01,1.0,1.0,5.0,3.0,2.0,Small Cap
Good Value Irrigation Ltd.,INE164D01010,531997,,Materials,Plastic Materials,2026-09-01,Unrated,Unrated,Unrated,Unrated,10.0,Small Cap
VVIP Infratech Ltd,INE0MNP01016,544219,,Industrials,Construction & Engineering - Diversified,2026-09-01,Unrated,Unrated,Unrated,Unrated,6.0,Small Cap
Waaree Energies Ltd,INE377N01017,544277,WAAREEENER,Energy & Utilities,Renewable Energy Equipment & Services,2026-09-01,4.0,9.0,9.0,6.0,3.0,Mid Cap
Waaree Renewable Technologies Ltd.,INE299N01021,534618,WAAREERTL,Energy & Utilities,Renewable Electricity Generation,2026-09-01,5.0,9.0,8.0,6.0,6.0,Small Cap
Waaree Technologies Ltd.,INE725P01012,539337,,Industrials,Storage Batteries,2026-09-01,Unrated,Unrated,Unrated,Unrated,7.0,Small Cap
WAA Solar Ltd.,INE799N01012,541445,,Energy & Utilities,Renewable Electricity Generation,2026-09-01,Unrated,Unrated,Unrated,Unrated,4.0,Small Cap
Wagend Infra Venture Ltd.,INE786K01023,503675,,Financial,Miscellaneous Financial Services,2026-09-01,Unrated,Unrated,Unrated,Unrated,7.0,Small Cap
Wakefit Innovations Ltd,INE0E7301029,544642,WAKEFIT,Consumer Discretionary,Home Furnishing & Decor,2026-09-01,2.0,5.0,7.0,2.0,1.0,Small Cap
Walchandnagar Industries Ltd.,INE711A01022,507410,WALCHANNAG,Industrials,Industrial Machinery,2026-09-01,2.0,1.0,5.0,2.0,8.0,Small Cap
Walchand Peoplefirst Ltd.,INE695D01021,501370,,Industrials,Professional Services,2026-09-01,Unrated,Unrated,Unrated,Unrated,8.0,Small Cap
Wallfort Financial Services Ltd.,INE121B01014,532053,,Financial,Brokerage Services,2026-09-01,Unrated,Unrated,Unrated,Unrated,6.0,Small Cap
Wall Street Finance Ltd.,INE549D01012,511147,,Financial,Miscellaneous Financial Services,2026-09-01,Unrated,Unrated,Unrated,Unrated,7.0,Small Cap
Walpar Nutritions Ltd.,INE0G2G01015,,WALPAR,Healthcare,Alternative Medicine,2026-09-01,Unrated,Unrated,Unrated,Unrated,UNRATED,Small Cap
Wanbury Ltd.,INE107F01022,524212,WANBURY,Healthcare,Pharmaceuticals - Diversified,2026-09-01,2.0,1.0,5.0,6.0,6.0,Small Cap
Wardwizard Foods and Beverages Ltd.,INE761D01021,539132,,Consumer Staples,Edible Oil,2026-09-01,Unrated,Unrated,Unrated,Unrated,9.0,Small Cap
Wardwizard Innovations & Mobility Ltd.,INE945P01024,538970,,Consumer Discretionary,Motorcycles & Scooters,2026-09-01,Unrated,Unrated,Unrated,Unrated,3.0,Small Cap
Warren Tea Ltd.,INE712A01012,508494,WARRENTEA,Consumer Staples,Tea & Coffee,2026-09-01,Unrated,Unrated,Unrated,Unrated,7.0,Small Cap
Waterbase Ltd.,INE054C01015,523660,WATERBASE,Consumer Staples,Aquaculture,2026-09-01,Unrated,Unrated,Unrated,Unrated,5.0,Small Cap
Waterways Leisure Tourism Ltd,INE0LZF01039,544802,CORDELIA,Consumer Discretionary,Cruise Lines,2026-09-01,3.0,5.0,7.0,4.0,UNRATED,Small Cap
Wealth First Portfolio Managers Ltd.,INE658T01017,544536,WEALTH,Financial,Investment Holding Companies,2026-09-01,3.0,6.0,6.0,5.0,3.0,Small Cap
Websol Energy System Ltd.,INE855C01023,517498,WEBELSOLAR,Energy & Utilities,Renewable Energy Equipment & Services,2026-09-01,3.0,7.0,4.0,5.0,7.0,Small Cap
Weizmann Ltd.,INE080A01014,523011,WEIZMANIND,Consumer Discretionary,Miscellaneous Textiles,2026-09-01,Unrated,Unrated,Unrated,Unrated,2.0,Small Cap
Welcast Steels Ltd.,INE380G01015,504988,,Materials,Steel Wires,2026-09-01,Unrated,Unrated,Unrated,Unrated,2.0,Small Cap
Welcure Drugs & Pharmaceuticals Ltd.,INE331C01025,524661,,Healthcare,Pharmaceuticals Trading,2026-09-01,Unrated,Unrated,Unrated,Unrated,5.0,Small Cap
Welspun Corp Ltd.,INE191B01025,532144,WELCORP,Materials,Iron & Steel,2026-09-01,4.0,8.0,7.0,2.0,10.0,Small Cap
Welspun Enterprises Ltd.,INE625G01013,532553,WELENT,Industrials,Construction & Engineering - Diversified,2026-09-01,3.0,4.0,7.0,3.0,9.0,Small Cap
Welspun Investments and Commercials Ltd.,INE389K01018,533252,WELINV,Financial,Investment Holding Companies,2026-09-01,3.0,8.0,5.0,2.0,UNRATED,Small Cap
Welspun Living Ltd.,INE192B01031,514162,WELSPUNLIV,Consumer Discretionary,Home Furnishing & Decor,2026-09-01,3.0,4.0,7.0,3.0,8.0,Small Cap
Welspun Specialty Solutions Ltd.,INE731F01037,500365,REMIMETAL,Materials,Iron & Steel,2026-09-01,3.0,5.0,7.0,3.0,9.0,Small Cap
Welterman International Ltd.,INE662D01013,526431,,Consumer Discretionary,Footwear,2026-08-24,Unrated,Unrated,Unrated,Unrated,UNRATED,Small Cap
Wendt (India) Ltd.,INE274C01019,505412,WENDT,Materials,Abrasives,2026-09-01,4.0,7.0,7.0,5.0,7.0,Small Cap
WEP Solutions Ltd.,INE434B01029,532373,,Technology,Computer Hardware,2026-09-01,Unrated,Unrated,Unrated,Unrated,9.0,Small Cap
West Coast Paper Mills Ltd.,INE976A01021,500444,WSTCSTPAPR,Materials,Paper & Paper Products,2026-09-01,5.0,7.0,8.0,8.0,9.0,Small Cap
Western Carriers (India) Ltd,INE0CJF01024,544258,WCIL,Industrials,Multimodal Logistics,2026-09-01,2.0,1.0,5.0,7.0,1.0,Small Cap
Western Overseas Study Abroad Ltd,INE1MF401019,,,Consumer Staples,Education Services,2026-09-01,5.0,9.0,7.0,8.0,UNRATED,Small Cap
West Leisure Resorts Ltd.,INE266P01017,538382,,Consumer Discretionary,Hotels & Resorts,2026-09-01,Unrated,Unrated,Unrated,Unrated,1.0,Small Cap
Westlife Foodworld Ltd,INE274F01020,505533,WESTLIFE,Consumer Discretionary,Cruise Lines,2026-09-01,2.0,4.0,6.0,2.0,7.0,Small Cap
We Win Ltd.,INE082W01014,543535,WEWIN,Industrials,BPO Services,2026-09-01,Unrated,Unrated,Unrated,Unrated,7.0,Small Cap
WeWork India Management Ltd,INE085001019,,WEWORK,Industrials,Other Business Services,2026-09-01,4.0,7.0,7.0,3.0,10.0,Small Cap
WH Brady & Company Ltd.,INE855A01019,501391,,Diversified,Diversified Others,2026-09-01,Unrated,Unrated,Unrated,Unrated,4.0,Small Cap
Wheels India Ltd.,INE715A01015,590073,WHEELS,Consumer Discretionary,Automotive Accessories,2026-09-01,3.0,4.0,7.0,4.0,10.0,Small Cap
Whirlpool Of India Ltd.,INE716A01013,500238,WHIRLPOOL,Consumer Discretionary,Household Appliances,2026-09-01,2.0,6.0,5.0,5.0,2.0,Small Cap
White Organic Agro Ltd.,INE146C01019,513713,,Consumer Staples,Crop Farming,2026-09-01,Unrated,Unrated,Unrated,Unrated,3.0,Small Cap
Williamson Magor & Company Ltd.,INE210A01017,519224,WILLAMAGOR,Financial,Investment Holding Companies,2026-09-01,Unrated,Unrated,Unrated,Unrated,3.0,Small Cap
Windlas Biotech Ltd.,INE0H5O01029,543329,WINDLAS,Healthcare,Branded Medicines,2026-09-01,4.0,8.0,7.0,4.0,8.0,Small Cap
Windsor Machines Ltd.,INE052A01021,522029,WINDMACHIN,Industrials,Industrial Machinery,2026-09-01,2.0,3.0,4.0,2.0,8.0,Small Cap
Winny Immigration & Education Services Ltd,INE0S9101013,,WINNY,Consumer Discretionary,Travel & Tourism,2026-09-01,Unrated,Unrated,Unrated,Unrated,UNRATED,Small Cap
Winsol Engineers Ltd,INE0S3D01016,,WINSOL,Industrials,Energy & Power Projects,2026-09-01,Unrated,Unrated,Unrated,Unrated,UNRATED,Small Cap
Winsome Breweries Ltd.,INE391C01011,526471,,Consumer Staples,Brewers,2026-09-01,Unrated,Unrated,Unrated,Unrated,4.0,Small Cap
Winsome Textile Industries Ltd.,INE837B01031,514470,,Consumer Discretionary,Fabric Dyeing & Finishing,2026-09-01,Unrated,Unrated,Unrated,Unrated,7.0,Small Cap
Wipro Ltd.,INE075A01022,507685,WIPRO,Technology,Software & Services - Diversified,2026-09-01,3.0,7.0,5.0,8.0,1.0,Large Cap
Wires & Fabriks (S.A.) Ltd.,INE469D01013,507817,,Industrials,Other Machinery,2026-08-31,Unrated,Unrated,Unrated,Unrated,3.0,Small Cap
Wise Travel India Ltd,INE623Y01011,,WTICAB,Industrials,Car & Taxi Transport,2026-09-01,Unrated,Unrated,Unrated,Unrated,4.0,Small Cap
Wockhardt Ltd.,INE049B01025,532300,WOCKPHARMA,Healthcare,Pharmaceuticals - Diversified,2026-09-01,2.0,1.0,8.0,3.0,8.0,Small Cap
WOL 3D India Ltd,INE0OO201011,,WOL3D,Industrials,Printing,2026-09-01,Unrated,Unrated,Unrated,Unrated,7.0,Small Cap
Womancart Ltd,INE0Q9601016,,WOMANCART,Consumer Discretionary,Apparel & Accessories Retail,2026-09-01,Unrated,Unrated,Unrated,Unrated,2.0,Small Cap
Wonder Fibromats Ltd.,INE02WG01024,543449,WEL,Consumer Discretionary,Household Appliances,2026-09-01,1.0,1.0,6.0,1.0,6.0,Small Cap
Wonderla Holidays Ltd.,INE066O01014,538268,WONDERLA,Consumer Discretionary,Amusement Parks,2026-09-01,4.0,8.0,7.0,5.0,5.0,Small Cap
Workmates Core2Cloud Solution Ltd,INE1I1301016,544610,,Technology,IT Services & Consulting,2026-09-01,5.0,10.0,9.0,7.0,6.0,Small Cap
Worldwide Aluminium Ltd.,INE550D01010,526525,,Materials,Aluminium Products,2026-08-31,Unrated,Unrated,Unrated,Unrated,7.0,Small Cap
Worth Investment & Trading Co Ltd.,INE114O01020,538451,,Financial,NBFC - Diversified,2026-09-01,Unrated,Unrated,Unrated,Unrated,2.0,Small Cap
Worth Peripherals Ltd.,INE196Y01018,544577,WORTHPERI,Materials,Paper Packaging,2026-09-01,Unrated,Unrated,Unrated,Unrated,8.0,Small Cap
WPIL Ltd.,INE765D01022,505872,,Industrials,Pumps & Compressors,2026-09-01,3.0,1.0,6.0,6.0,7.0,Small Cap
W.S. Industries (India) Ltd.,INE100D01014,504220,WSI,Industrials,Industrial Services - Diversified,2026-09-01,1.0,1.0,4.0,3.0,2.0,Small Cap
Xchanging Solutions Ltd.,INE692G01013,532616,XCHANGING,Technology,Software & Services - Diversified,2026-09-01,4.0,7.0,6.0,7.0,3.0,Small Cap
Xelpmoc Design And Tech Ltd.,INE01P501012,542367,XELPMOC,Technology,IT Services & Consulting,2026-09-01,Unrated,Unrated,Unrated,Unrated,2.0,Small Cap
Xpro India Ltd.,INE445C01015,590013,XPROINDIA,Materials,Speciality Chemicals - Diversified,2026-09-01,3.0,5.0,6.0,3.0,8.0,Small Cap
XT Global Infotech Ltd.,INE547B01028,531225,XTGLOBAL,Technology,Software,2026-09-01,3.0,4.0,6.0,5.0,6.0,Small Cap
Xtranet Technologies Ltd,INE0NG701011,,XTRANET,Technology,IT Services & Consulting,2026-09-01,5.0,7.0,9.0,7.0,UNRATED,Small Cap
Yaan Enterprises Ltd.,INE969E01010,538521,,Industrials,Construction & Engineering - Diversified,2026-08-31,Unrated,Unrated,Unrated,Unrated,9.0,Small Cap
Yaap Digital Ltd,INE0U0J01015,,YAAP,Industrials,Advertising & Marketing - Diversified,2026-09-01,5.0,9.0,7.0,6.0,UNRATED,Small Cap
Yaashavi Jewellers Ltd.,INE1T6L01010,544770,,Consumer Discretionary,Gems & Jewellery,2026-09-01,5.0,8.0,7.0,8.0,UNRATED,Small Cap
Yajur Fibres Ltd,INE0CNJ01010,544676,,Consumer Discretionary,Organic Fabrics,2026-09-01,4.0,5.0,8.0,6.0,1.0,Small Cap
Yamini Investments Ltd.,INE457N01025,511012,,Financial,Investment Holding Companies,2026-09-01,Unrated,Unrated,Unrated,Unrated,1.0,Small Cap
Yarn Syndicate Ltd.,INE564C01013,514378,,Consumer Discretionary,Textiles & Leather Trading,2026-09-01,Unrated,Unrated,Unrated,Unrated,6.0,Small Cap
Yash Chemex Ltd.,INE571U01010,539939,,Materials,Speciality Chemicals - Diversified,2026-09-01,Unrated,Unrated,Unrated,Unrated,3.0,Small Cap
Yash Highvoltage Ltd,INE00GK01023,544310,,Industrials,Transformers & Transmission Equipment,2026-09-01,Unrated,Unrated,Unrated,Unrated,10.0,Small Cap
Yashhtej Industries (India) Ltd,INE1O6P01016,544708,,Consumer Staples,Edible Oil,2026-08-31,5.0,8.0,7.0,7.0,UNRATED,Small Cap
Yash Innoventures Ltd.,INE823D01011,523650,,Industrials,Construction & Engineering - Diversified,2026-09-01,Unrated,Unrated,Unrated,Unrated,5.0,Small Cap
Yash Management & Satellite Ltd.,INE216B01012,511601,,Consumer Discretionary,Wholesale Distributors,2026-09-01,Unrated,Unrated,Unrated,Unrated,7.0,Small Cap
Yasho Industries Ltd.,INE616Z01012,541167,YASHO,Materials,Coloring Agents,2026-09-01,2.0,1.0,8.0,2.0,10.0,Small Cap
Yash Optics & Lens Ltd,INE0TO601017,,YASHOPTICS,Consumer Discretionary,Eyewear,2026-09-01,Unrated,Unrated,Unrated,Unrated,7.0,Small Cap
Yashraj Containeurs Ltd.,INE095C01018,530063,,Materials,Containers & Packaging - Diversified,2026-09-01,Unrated,Unrated,Unrated,Unrated,4.0,Small Cap
Yash Trading & Finance Ltd.,INE745A01012,512345,,Financial,Other Financial Institutions,2026-09-01,Unrated,Unrated,Unrated,Unrated,UNRATED,Small Cap
Yasons Chemex Care Ltd,INE08S201019,,YCCL,Materials,Speciality Chemicals - Diversified,2026-09-01,Unrated,Unrated,Unrated,Unrated,UNRATED,Small Cap
Yatharth Hospital & Trauma Care Services Ltd,INE0JO301016,543950,YATHARTH,Healthcare,Hospitals & Clinics,2026-09-01,4.0,7.0,8.0,4.0,9.0,Small Cap
Yatra Online Ltd,INE0JR601024,543992,YATRA,Consumer Discretionary,Travel & Tourism,2026-09-01,1.0,1.0,7.0,3.0,3.0,Small Cap
Yes Bank Ltd.,INE528G01035,532648,YESBANK,Financial,Banks - Diversified,2026-09-01,3.0,4.0,6.0,5.0,7.0,Mid Cap
Yogi Ltd.,INE290E01011,511702,,Real Estate,Real Estate Development,2026-09-01,1.0,1.0,3.0,1.0,5.0,Small Cap
Yogi Infra Projects Ltd.,INE429B01011,522209,,Industrials,Construction & Engineering - Diversified,2026-09-01,Unrated,Unrated,Unrated,Unrated,6.0,Small Cap
York Exports Ltd.,INE057Q01018,530675,,Consumer Discretionary,Hosiery & Socks,2026-09-01,Unrated,Unrated,Unrated,Unrated,5.0,Small Cap
Yudiz Solutions Ltd,INE09FA01019,,YUDIZ,Technology,Software,2026-09-01,Unrated,Unrated,Unrated,Unrated,3.0,Small Cap
Yug Decor Ltd.,INE796W01019,540550,,Materials,Adhesives,2026-08-25,Unrated,Unrated,Unrated,Unrated,UNRATED,Small Cap
Yuken India Ltd.,INE384C01016,522108,YUKEN,Industrials,Pumps & Compressors,2026-09-01,2.0,2.0,6.0,3.0,8.0,Small Cap
Yuranus Infrastructure Ltd.,INE156M01017,536846,,Financial,NBFC - Diversified,2026-08-31,Unrated,Unrated,Unrated,Unrated,3.0,Small Cap
Yuvraaj Hygiene Product Ltd.,INE139D01020,531663,,Consumer Staples,Household Products,2026-09-01,Unrated,Unrated,Unrated,Unrated,7.0,Small Cap
Zaggle Prepaid Ocean Services Ltd,INE07K301024,543985,ZAGGLE,Financial,Wealth Management,2026-09-01,2.0,2.0,7.0,7.0,2.0,Small Cap
Zeal Aqua Ltd.,INE819S01025,539963,,Consumer Staples,Aquaculture,2026-09-01,Unrated,Unrated,Unrated,Unrated,4.0,Small Cap
Zeal Global Services Ltd,INE0PPS01018,,ZEAL,Industrials,Air Logistics,2026-09-01,Unrated,Unrated,Unrated,Unrated,3.0,Small Cap
Zee Entertainment Enterprises Ltd.,INE256A01028,505537,ZEEL,Consumer Discretionary,Television Broadcasting,2026-09-01,2.0,1.0,4.0,5.0,7.0,Small Cap
Zee Learn Ltd.,INE565L01011,533287,ZEELEARN,Consumer Staples,Education Services,2026-09-01,Unrated,Unrated,Unrated,Unrated,8.0,Small Cap
Zee Media Corporation Ltd.,INE966H01019,532794,ZEEMEDIA,Consumer Discretionary,Television Broadcasting,2026-09-01,1.0,1.0,4.0,3.0,4.0,Small Cap
Zelio E-Mobility Ltd,INE1B3501014,544563,,Consumer Discretionary,Motorcycles & Scooters,2026-09-01,5.0,7.0,8.0,6.0,10.0,Small Cap
Zenith Drugs Ltd,INE0QWN01013,,ZENITHDRUG,Healthcare,API / Generic Pharmaceuticals,2026-09-01,Unrated,Unrated,Unrated,Unrated,4.0,Small Cap
Zenith Exports Ltd.,INE058B01018,512553,ZENITHEXPO,Consumer Discretionary,Miscellaneous Textiles,2026-09-01,Unrated,Unrated,Unrated,Unrated,7.0,Small Cap
Zenith Fibres Ltd.,INE106C01013,514266,,Consumer Discretionary,Yarn,2026-09-01,Unrated,Unrated,Unrated,Unrated,5.0,Small Cap
Zenith Health Care Ltd.,INE812B01026,530665,,Healthcare,Pharmaceuticals - Diversified,2026-09-01,Unrated,Unrated,Unrated,Unrated,4.0,Small Cap
Zenith Steel Pipes & Industries Ltd.,INE318D01020,531845,ZENITHSTL,Materials,Commodity Chemicals - Diversified,2026-09-01,Unrated,Unrated,Unrated,Unrated,5.0,Small Cap
Zenlabs Ethica Ltd.,INE546F01013,530697,,Healthcare,Branded Medicines,2026-09-01,Unrated,Unrated,Unrated,Unrated,8.0,Small Cap
Zenotech Laboratories Ltd.,INE486F01012,532039,,Healthcare,Branded Medicines,2026-09-01,Unrated,Unrated,Unrated,Unrated,5.0,Small Cap
Zensar Technologies Ltd.,INE520A01027,504067,ZENSARTECH,Technology,IT Services & Consulting,2026-09-01,5.0,10.0,6.0,8.0,2.0,Small Cap
Zen Technologies Ltd.,INE251B01027,533339,ZENTEC,Technology,Software,2026-09-01,3.0,5.0,7.0,4.0,8.0,Small Cap
ZF Commercial Vehicle Control Systems India Ltd.,INE342J01019,533023,ZFCVINDIA,Consumer Discretionary,Auto Ancillaries,2026-09-01,3.0,7.0,7.0,5.0,2.0,Small Cap
ZF Steering Gear (India) Ltd.,INE116C01012,505163,ZFSTEERING,Consumer Discretionary,Auto Ancillaries,2026-09-01,2.0,2.0,4.0,7.0,2.0,Small Cap
Zim Laboratories Ltd.,INE518E01015,541400,ZIMLAB,Healthcare,Branded Medicines,2026-09-01,2.0,1.0,4.0,3.0,10.0,Small Cap
Zodiac Clothing Company Ltd.,INE206B01013,521163,ZODIACLOTH,Consumer Discretionary,Readymade Garment,2026-09-01,Unrated,Unrated,Unrated,Unrated,4.0,Small Cap
Zodiac Energy Ltd.,INE761Y01019,543416,ZODIAC,Energy & Utilities,Energy Equipment & Services Diversified,2026-09-01,2.0,1.0,6.0,4.0,4.0,Small Cap
Zodiac-JRD-MKJ Ltd.,INE077B01018,512587,ZODJRDMKJ,Consumer Discretionary,Gems & Jewellery,2026-09-01,Unrated,Unrated,Unrated,Unrated,5.0,Small Cap
Zodiac Ventures Ltd.,INE945J01027,503641,,Real Estate,Real Estate Development,2026-09-01,Unrated,Unrated,Unrated,Unrated,3.0,Small Cap
Zota Health Care Ltd.,INE358U01012,,ZOTA,Healthcare,Pharmaceuticals - Diversified,2026-09-01,1.0,1.0,3.0,3.0,4.0,Small Cap
ZR2 Bioenergy Ltd.,INE218N01021,506640,,Materials,Commodity Chemicals - Diversified,2026-09-01,Unrated,Unrated,Unrated,Unrated,2.0,Small Cap
Z-Tech (India) Ltd,INE0ISZ01012,,ZTECH,Industrials,Construction & Engineering - Diversified,2026-09-01,1.0,1.0,3.0,4.0,5.0,Small Cap
Zuari Industries Ltd.,INE217A01012,500780,ZUARIIND,Consumer Staples,Sugar,2026-09-01,2.0,1.0,7.0,5.0,6.0,Small Cap
Zuari Agro Chemicals Ltd.,INE840M01016,534742,ZUARI,Materials,Fertilisers,2026-09-01,2.0,6.0,5.0,4.0,4.0,Small Cap
Zydus Lifesciences Ltd.,INE010B01027,532321,ZYDUSLIFE,Healthcare,Branded Medicines,2026-09-01,3.0,6.0,5.0,5.0,9.0,Mid Cap
Zydus Wellness Ltd.,INE768C01028,531335,ZYDUSWELL,Consumer Staples,Household & Personal Products - Diversified,2026-09-01,2.0,2.0,4.0,3.0,8.0,Small Cap
